﻿HLGTTERM,PT,AETRT,AEOUTCL,LLTCODE,AERELL,AEENDT,AESTDT,HLGTCODE,HLTTERM,HLTCODE,STUDY,LLTTERM,CPEVENT,AESEV,SOCCODE,SOCTERM,AEVERB,AEQS1,AEREL,DCMNAME,QUALIFYV,AE,AEOUTC,AESER,AEACTL,REPEATSN,AESERL,AESEQ,PTCODE,VISIT,AEACT,PTTERM,SUBEVE,INVSITE,MODTERM
Musculoskeletal and connective tissue disorders NEC,01-01,Y,RESOLVED,10003988,UNRELATED,20081001.0,20081001,10028393,Musculoskeletal and connective tissue pain and discomfort,10068757,MAXIS-08,Back pain,NON-VISIT,MODERATE,10028395,Musculoskeletal and connective tissue disorders,BACK PAIN,N,1,ADVERSE_EVENTS,3,N,1,1,NONE,3,NOT SERIOUS,10,10003988,999,1,Back pain,0,C008_408,
Gastrointestinal motility and defaecation conditions,01-01,N,RESOLVED,10010774,UNLIKELY,200809.0,20080904,10017977,Gastrointestinal atonic and hypomotility disorders NEC,10017933,MAXIS-08,Constipation,NON-VISIT,MILD,10017947,Gastrointestinal disorders,CONSTIPATION,N,2,ADVERSE_EVENTS,2,N,1,1,NONE,1,NOT SERIOUS,4,10010774,999,1,Constipation,0,C008_408,
Respiratory disorders NEC,01-01,N,CONTINUING,10011224,UNRELATED,,20081008,10038716,Coughing and associated symptoms,10011233,MAXIS-08,Cough,NON-VISIT,MILD,10038738,"Respiratory, thoracic and mediastinal disorders",COUGH,N,1,ADVERSE_EVENTS,5,Y,3,2,NONE,2,UNLIKELY,17,10011224,999,1,Cough,0,C008_408,
Sleep disorders and disturbances,01-01,Y,RESOLVED,10022437,UNRELATED,20080918.0,20080910,10040991,Disturbances in initiating and maintaining sleep,10013510,MAXIS-08,Insomnia,NON-VISIT,MILD,10037175,Psychiatric disorders,INSOMNIA,N,1,ADVERSE_EVENTS,2,N,1,1,NONE,3,NOT SERIOUS,6,10022437,999,1,Insomnia,0,C008_408,
Musculoskeletal and connective tissue disorders NEC,01-01,N,RESOLVED,10003988,UNRELATED,20081001.0,20080924,10028393,Musculoskeletal and connective tissue pain and discomfort,10068757,MAXIS-08,Back pain,NON-VISIT,MILD,10028395,Musculoskeletal and connective tissue disorders,INTERMITTENT BACK PAIN,N,1,ADVERSE_EVENTS,3,N,1,1,NONE,2,NOT SERIOUS,9,10003988,999,1,Back pain,0,C008_408,Back pain
General system disorders NEC,01-01,N,CONTINUING,10016256,POSSIBLE,,20080917,10018073,Asthenic conditions,10003550,MAXIS-08,Fatigue,NON-VISIT,MILD,10018065,General disorders and administration site conditions,INTERMITTENT FATIGUE,N,3,ADVERSE_EVENTS,3,Y,3,1,NONE,1,NOT SERIOUS,8,10016256,999,1,Fatigue,0,C008_408,Fatigue
Musculoskeletal and connective tissue disorders NEC,01-01,N,RESOLVED,10033421,POSSIBLE,20080918.0,20080903,10028393,Musculoskeletal and connective tissue pain and discomfort,10068757,MAXIS-08,Pain in arm,NON-VISIT,MILD,10028395,Musculoskeletal and connective tissue disorders,INTERMITTENT LEFT ARM PAIN,N,3,ADVERSE_EVENTS,2,N,1,1,NONE,2,NOT SERIOUS,5,10033425,999,1,Pain in extremity,0,C008_408,Pain in arm
Gastrointestinal signs and symptoms,01-01,Y,RESOLVED,10047700,UNLIKELY,20081001.0,20080910,10018012,Nausea and vomiting symptoms,10028817,MAXIS-08,Vomiting,NON-VISIT,MILD,10017947,Gastrointestinal disorders,INTERMITTENT VOMITING,N,2,ADVERSE_EVENTS,1,N,1,1,NONE,2,NOT SERIOUS,2,10047700,999,1,Vomiting,0,C008_408,Vomiting
Muscle disorders,01-01,Y,CONTINUING,10028322,UNRELATED,,20081008,10028302,Muscle pains,10028323,MAXIS-08,Muscle pain,NON-VISIT,MODERATE,10028395,Musculoskeletal and connective tissue disorders,MUSCLE PAIN,N,1,ADVERSE_EVENTS,4,Y,3,1,NONE,1,NOT SERIOUS,12,10028411,999,1,Myalgia,0,C008_408,
Gastrointestinal signs and symptoms,01-01,Y,RESOLVED,10028813,POSSIBLE,20080911.0,20080910,10018012,Nausea and vomiting symptoms,10028817,MAXIS-08,Nausea,NON-VISIT,MILD,10017947,Gastrointestinal disorders,NAUSEA,N,3,ADVERSE_EVENTS,1,N,1,1,NONE,1,NOT SERIOUS,1,10028813,999,1,Nausea,0,C008_408,
Gastrointestinal signs and symptoms,01-01,N,CONTINUING,10028813,POSSIBLE,,20081009,10018012,Nausea and vomiting symptoms,10028817,MAXIS-08,Nausea,NON-VISIT,MILD,10017947,Gastrointestinal disorders,NAUSEA,N,3,ADVERSE_EVENTS,4,Y,3,1,NONE,3,NOT SERIOUS,14,10028813,999,1,Nausea,0,C008_408,
Musculoskeletal and connective tissue disorders NEC,01-01,N,CONTINUING,10028391,UNRELATED,,20080917,10028393,Musculoskeletal and connective tissue pain and discomfort,10068757,MAXIS-08,Musculoskeletal pain,NON-VISIT,MILD,10028395,Musculoskeletal and connective tissue disorders,RIGHT PARAVERTEBRAL AREA PAIN,N,1,ADVERSE_EVENTS,2,Y,3,1,NONE,4,NOT SERIOUS,7,10028391,999,1,Musculoskeletal pain,0,C008_408,Musculoskeletal pain
Respiratory disorders NEC,01-01,N,CONTINUING,10039296,UNRELATED,,20081008,10038716,Upper respiratory tract signs and symptoms,10046313,MAXIS-08,Runny nose,NON-VISIT,MILD,10038738,"Respiratory, thoracic and mediastinal disorders",RUNNY NOSE,N,1,ADVERSE_EVENTS,5,Y,3,2,NONE,1,UNLIKELY,16,10039101,999,1,Rhinorrhoea,0,C008_408,
Skin and subcutaneous tissue disorders NEC,01-01,N,RESOLVED,10042348,UNRELATED,20081008.0,20081001,10040790,Skin and subcutaneous conditions NEC,10042356,MAXIS-08,Subcutaneous nodule,NON-VISIT,MILD,10040785,Skin and subcutaneous tissue disorders,SUBCUTANEOUS NODULE ON CHEST PAINFUL,N,1,ADVERSE_EVENTS,3,N,1,1,NONE,4,NOT SERIOUS,11,10042348,999,1,Subcutaneous nodule,0,C008_408,Subcutaneous nodule
Musculoskeletal and connective tissue disorders NEC,01-01,N,RESOLVED,10046273,UNRELATED,20080911.0,20080910,10028393,Musculoskeletal and connective tissue pain and discomfort,10068757,MAXIS-08,Upper back pain,NON-VISIT,MILD,10028395,Musculoskeletal and connective tissue disorders,UPPER BACK PAIN,N,1,ADVERSE_EVENTS,1,N,1,1,NONE,3,NOT SERIOUS,3,10003988,999,1,Back pain,0,C008_408,
Gastrointestinal signs and symptoms,01-01,N,RESOLVED,10047700,UNRELATED,20081009.0,20081009,10018012,Nausea and vomiting symptoms,10028817,MAXIS-08,Vomiting,NON-VISIT,MILD,10017947,Gastrointestinal disorders,VOMITING,N,1,ADVERSE_EVENTS,4,N,1,1,NONE,2,NOT SERIOUS,13,10047700,999,1,Vomiting,0,C008_408,
General system disorders NEC,01-01,N,CONTINUING,10047862,UNLIKELY,,20081001,10018073,Asthenic conditions,10003550,MAXIS-08,Weakness,NON-VISIT,MILD,10018065,General disorders and administration site conditions,WEAKNESS,N,2,ADVERSE_EVENTS,4,Y,3,1,NONE,4,NOT SERIOUS,15,10003549,999,1,Asthenia,0,C008_408,
Gastrointestinal signs and symptoms,01-02,Y,CONTINUING,10000081,UNRELATED,,20090213,10018012,Gastrointestinal and abdominal pains (excl oral and throat),10017926,MAXIS-08,Abdominal pain,NON-VISIT,SEVERE,10017947,Gastrointestinal disorders,ABDOMINAL PAIN,N,1,ADVERSE_EVENTS,6,Y,3,5,NONE,1,HOSPITALIZATION/PROLONGATION,15,10000081,999,1,Abdominal pain,0,C008_408,
Gastrointestinal signs and symptoms,01-02,Y,RESOLVED,10000084,UNRELATED,20090106.0,20090104,10018012,Gastrointestinal and abdominal pains (excl oral and throat),10017926,MAXIS-08,Abdominal pain lower,NON-VISIT,MODERATE,10017947,Gastrointestinal disorders,ABDOMINAL PAIN (LEFT LOWER QUADRANT),N,1,ADVERSE_EVENTS,1,N,1,1,NONE,2,NOT SERIOUS,2,10000084,999,1,Abdominal pain lower,0,C008_408,Abdominal pain lower
Gastrointestinal haemorrhages NEC,01-02,N,CONTINUING,10005603,UNRELATED,,200901,10017959,Non-site specific gastrointestinal haemorrhages,10017958,MAXIS-08,Blood in stool,NON-VISIT,MILD,10017947,Gastrointestinal disorders,BLOOD IN STOOL,N,1,ADVERSE_EVENTS,4,Y,3,1,NONE,1,NOT SERIOUS,8,10018836,999,1,Haematochezia,0,C008_408,
General system disorders NEC,01-02,Y,PATIENT DIED,10061818,UNRELATED,20090218.0,20090213,10018073,General signs and symptoms NEC,10018072,MAXIS-08,Disease progression,NON-VISIT,FATAL,10018065,General disorders and administration site conditions,DISEASE PROGRESSION,N,1,ADVERSE_EVENTS,7,N,4,5,NONE,2,HOSPITALIZATION/PROLONGATION,17,10061818,999,1,Disease progression,0,C008_408,
Hepatobiliary investigations,01-02,N,CONTINUING,10003544,UNLIKELY,,20090202,10019809,Liver function analyses,10024689,MAXIS-08,AST increased,NON-VISIT,SEVERE,10022891,Investigations,ELEVATED AST,N,2,ADVERSE_EVENTS,5,Y,3,1,NONE,1,NOT SERIOUS,11,10003481,999,1,Aspartate aminotransferase increased,0,C008_408,AST increased
General system disorders NEC,01-02,N,CONTINUING,10016256,POSSIBLE,,20090202,10018073,Asthenic conditions,10003550,MAXIS-08,Fatigue,NON-VISIT,MODERATE,10018065,General disorders and administration site conditions,FATIGUE,N,3,ADVERSE_EVENTS,4,Y,3,1,NONE,3,NOT SERIOUS,10,10016256,999,1,Fatigue,0,C008_408,
Body temperature conditions,01-02,N,RESOLVED,10016558,POSSIBLE,20090106.0,20090106,10005908,Febrile disorders,10016286,MAXIS-08,Fever,NON-VISIT,MILD,10018065,General disorders and administration site conditions,FEVER,N,3,ADVERSE_EVENTS,2,N,1,1,NONE,1,NOT SERIOUS,3,10037660,999,1,Pyrexia,0,C008_408,
Body temperature conditions,01-02,N,RESOLVED,10016558,UNRELATED,20090120.0,20090120,10005908,Febrile disorders,10016286,MAXIS-08,Fever,NON-VISIT,MILD,10018065,General disorders and administration site conditions,"FEVER, GRADE 1",N,1,ADVERSE_EVENTS,8,N,1,1,NONE,1,NOT SERIOUS,20,10037660,999,1,Pyrexia,0,C008_408,Fever
General system disorders NEC,01-02,N,RESOLVED,10011283,UNRELATED,20090106.0,20081230,10018073,General signs and symptoms NEC,10018072,MAXIS-08,Crackles,NON-VISIT,MILD,10018065,General disorders and administration site conditions,FEW LEFT BASE CRACKLES,N,1,ADVERSE_EVENTS,8,N,1,1,NONE,2,NOT SERIOUS,21,10011376,999,1,Crepitations,0,C008_408,Crackles
Hepatic and hepatobiliary disorders,01-02,N,"RESOLVED, WITH RESIDUAL EFFECTS",10020582,POSSIBLE,20090202.0,20090127,10019654,Cholestasis and jaundice,10008636,MAXIS-08,Hyperbilirubinemia,NON-VISIT,MODERATE,10019805,Hepatobiliary disorders,HYPERBILIRUBINEMIA,N,3,ADVERSE_EVENTS,3,N,2,1,INTERRUPTED,1,NOT SERIOUS,6,10020578,999,3,Hyperbilirubinaemia,0,C008_408,
Hepatic and hepatobiliary disorders,01-02,N,"RESOLVED, WITH RESIDUAL EFFECTS",10020582,UNLIKELY,20090213.0,20090202,10019654,Cholestasis and jaundice,10008636,MAXIS-08,Hyperbilirubinemia,NON-VISIT,SEVERE,10019805,Hepatobiliary disorders,HYPERBILIRUBINEMIA,N,2,ADVERSE_EVENTS,3,N,2,1,NONE,2,NOT SERIOUS,7,10020578,999,1,Hyperbilirubinaemia,0,C008_408,
Hepatic and hepatobiliary disorders,01-02,N,CONTINUING,10020582,UNRELATED,,20090213,10019654,Cholestasis and jaundice,10008636,MAXIS-08,Hyperbilirubinemia,NON-VISIT,LIFE THREATENING,10019805,Hepatobiliary disorders,HYPERBILIRUBINEMIA,N,1,ADVERSE_EVENTS,5,Y,3,5,NONE,2,HOSPITALIZATION/PROLONGATION,12,10020578,999,1,Hyperbilirubinaemia,0,C008_408,
Protein and amino acid metabolism disorders NEC,01-02,N,RESOLVED,10020943,UNRELATED,20090202.0,20081230,10037008,Protein metabolism disorders NEC,10037009,MAXIS-08,Hypoalbuminemia,NON-VISIT,MODERATE,10027433,Metabolism and nutrition disorders,HYPOALBUMINEMIA,N,1,ADVERSE_EVENTS,7,N,1,1,NONE,3,NOT SERIOUS,18,10020942,999,1,Hypoalbuminaemia,0,C008_408,
Glucose metabolism disorders (incl diabetes mellitus),01-02,Y,RESOLVED,10021005,UNRELATED,20090214.0,20090213,10018424,Hypoglycaemic conditions NEC,10021001,MAXIS-08,Hypoglycemia,NON-VISIT,SEVERE,10027433,Metabolism and nutrition disorders,HYPOGLYCEMIA,N,1,ADVERSE_EVENTS,7,N,1,5,NONE,1,HOSPITALIZATION/PROLONGATION,16,10020993,999,1,Hypoglycaemia,0,C008_408,
General system disorders NEC,01-02,N,CONTINUING,10024127,UNRELATED,,20090202,10018073,Oedema NEC,10030113,MAXIS-08,Leg edema,NON-VISIT,MODERATE,10018065,General disorders and administration site conditions,LEG EDEMA,N,1,ADVERSE_EVENTS,8,Y,3,1,NONE,4,NOT SERIOUS,23,10030124,999,1,Oedema peripheral,0,C008_408,
Neurological disorders NEC,01-02,Y,CONTINUING,10024264,UNRELATED,,20090213,10029305,Disturbances in consciousness NEC,10013509,MAXIS-08,Lethargy,NON-VISIT,SEVERE,10029205,Nervous system disorders,LETHARGY,N,1,ADVERSE_EVENTS,5,Y,3,5,NONE,4,HOSPITALIZATION/PROLONGATION,14,10024264,999,1,Lethargy,0,C008_408,
Appetite and general nutritional disorders,01-02,N,RESOLVED,10003028,POSSIBLE,20081230.0,200812,10003018,Appetite disorders,10003022,MAXIS-08,Appetite lost,NON-VISIT,MILD,10027433,Metabolism and nutrition disorders,LOSS OF APPETITE,N,3,ADVERSE_EVENTS,1,N,1,1,NONE,1,NOT SERIOUS,1,10061428,999,1,Decreased appetite,0,C008_408,Appetite lost
Musculoskeletal and connective tissue disorders NEC,01-02,Y,CONTINUING,10003988,UNRELATED,,20090131,10028393,Musculoskeletal and connective tissue pain and discomfort,10068757,MAXIS-08,Back pain,NON-VISIT,SEVERE,10028395,Musculoskeletal and connective tissue disorders,SEVERE BACK PAIN,N,1,ADVERSE_EVENTS,4,Y,3,1,NONE,2,NOT SERIOUS,9,10003988,999,1,Back pain,0,C008_408,Back pain
Musculoskeletal and connective tissue disorders NEC,01-02,Y,RESOLVED,10024130,UNRELATED,20090113.0,20090104,10028393,Musculoskeletal and connective tissue pain and discomfort,10068757,MAXIS-08,Leg pain,NON-VISIT,MODERATE,10028395,Musculoskeletal and connective tissue disorders,SWOLLEN LEG (PAIN),N,1,ADVERSE_EVENTS,8,N,1,1,NONE,3,NOT SERIOUS,22,10033425,999,1,Pain in extremity,0,C008_408,Leg pain
General system disorders NEC,01-02,Y,RESOLVED,10042700,UNRELATED,20090113.0,20090104,10018073,Oedema NEC,10030113,MAXIS-08,Swelling of legs,NON-VISIT,MODERATE,10018065,General disorders and administration site conditions,SWOLLEN LEG (PAIN),N,1,ADVERSE_EVENTS,8,N,1,1,NONE,3,NOT SERIOUS,22,10030124,999,1,Oedema peripheral,0,C008_408,Swelling of legs
Platelet disorders,01-02,N,RESOLVED,10043554,POSSIBLE,20090120.0,20090113,10035534,Thrombocytopenias,10043555,MAXIS-08,Thrombocytopenia,NON-VISIT,MODERATE,10005329,Blood and lymphatic system disorders,THROMBOCYTOPENIA,N,3,ADVERSE_EVENTS,2,N,1,1,NONE,3,NOT SERIOUS,5,10043554,999,1,Thrombocytopenia,0,C008_408,
Platelet disorders,01-02,N,RESOLVED,10043554,POSSIBLE,20090202.0,20090127,10035534,Thrombocytopenias,10043555,MAXIS-08,Thrombocytopenia,NON-VISIT,MODERATE,10005329,Blood and lymphatic system disorders,THROMBOCYTOPENIA,N,3,ADVERSE_EVENTS,7,N,1,1,NONE,4,NOT SERIOUS,19,10043554,999,1,Thrombocytopenia,0,C008_408,
Gastrointestinal signs and symptoms,01-02,N,RESOLVED,10046272,UNRELATED,20090113.0,200901,10018012,Gastrointestinal and abdominal pains (excl oral and throat),10017926,MAXIS-08,Upper abdominal pain,NON-VISIT,MILD,10017947,Gastrointestinal disorders,UPPER QUADRANT ABDOMINAL PAIN,N,1,ADVERSE_EVENTS,2,N,1,1,NONE,2,NOT SERIOUS,4,10000087,999,1,Abdominal pain upper,0,C008_408,Upper abdominal pain
General system disorders NEC,01-02,Y,CONTINUING,10047862,UNRELATED,,20090213,10018073,Asthenic conditions,10003550,MAXIS-08,Weakness,NON-VISIT,SEVERE,10018065,General disorders and administration site conditions,WEAKNESS,N,1,ADVERSE_EVENTS,5,Y,3,5,NONE,3,HOSPITALIZATION/PROLONGATION,13,10003549,999,1,Asthenia,0,C008_408,
Physical examination and organ system status topics,01-03,N,CONTINUING,10006333,UNRELATED,,20090127,10071940,Physical examination procedures and organ system status,10071941,MAXIS-08,Breath sounds decreased,NON-VISIT,MILD,10022891,Investigations,DECREASED BREATH SOUNDS,N,1,ADVERSE_EVENTS,2,Y,3,1,NONE,3,NOT SERIOUS,7,10064780,999,1,Breath sounds abnormal,0,C008_408,Breath sounds decreased
Hepatobiliary investigations,01-03,N,RESOLVED,10001845,UNLIKELY,20090227.0,20090202,10019809,Liver function analyses,10024689,MAXIS-08,ALT increased,NON-VISIT,MODERATE,10022891,Investigations,ELEVATED ALT,N,2,ADVERSE_EVENTS,1,N,1,1,DISCONTINUED,4,NOT SERIOUS,4,10001551,999,5,Alanine aminotransferase increased,0,C008_408,ALT increased
Hepatobiliary investigations,01-03,N,RESOLVED,10003544,UNLIKELY,20090227.0,20090202,10019809,Liver function analyses,10024689,MAXIS-08,AST increased,NON-VISIT,SEVERE,10022891,Investigations,ELEVATED AST,N,2,ADVERSE_EVENTS,1,N,1,1,NONE,3,NOT SERIOUS,3,10003481,999,1,Aspartate aminotransferase increased,0,C008_408,AST increased
Hepatic and hepatobiliary disorders,01-03,N,RESOLVED,10020582,POSSIBLE,20090227.0,20090202,10019654,Cholestasis and jaundice,10008636,MAXIS-08,Hyperbilirubinemia,NON-VISIT,MODERATE,10019805,Hepatobiliary disorders,HYPERBILIRUBINEMIA,N,3,ADVERSE_EVENTS,2,N,1,1,NONE,2,NOT SERIOUS,6,10020578,999,1,Hyperbilirubinaemia,0,C008_408,
Electrolyte and fluid balance conditions,01-03,N,RESOLVED,10021038,PROBABLE,20090227.0,20090202,10014412,Sodium imbalance,10041273,MAXIS-08,Hyponatremia,NON-VISIT,MILD,10027433,Metabolism and nutrition disorders,HYPONATREMIA,N,4,ADVERSE_EVENTS,2,N,1,1,NONE,1,NOT SERIOUS,5,10021036,999,1,Hyponatraemia,0,C008_408,
Sleep disorders and disturbances,01-03,Y,RESOLVED,10022437,POSSIBLE,20090128.0,20090127,10040991,Disturbances in initiating and maintaining sleep,10013510,MAXIS-08,Insomnia,NON-VISIT,MILD,10037175,Psychiatric disorders,INSOMNIA,N,3,ADVERSE_EVENTS,1,N,1,1,NONE,2,NOT SERIOUS,2,10022437,999,1,Insomnia,0,C008_408,
Device issues,01-03,N,RESOLVED,10063829,UNRELATED,20090128.0,20090127,10069782,Device malfunction events NEC,10069795,MAXIS-08,Device malfunction,NON-VISIT,MODERATE,10018065,General disorders and administration site conditions,PORT-A-CATH MALFUNCTION,N,1,ADVERSE_EVENTS,1,N,1,1,INTERRUPTED,1,NOT SERIOUS,1,10063829,999,3,Device malfunction,0,C008_408,Device malfunction
Respiratory disorders NEC,01-04,Y,RESOLVED,10039296,UNRELATED,20090901.0,20090822,10038716,Upper respiratory tract signs and symptoms,10046313,MAXIS-08,Runny nose,NON-VISIT,MILD,10038738,"Respiratory, thoracic and mediastinal disorders",COLD (RUNNY NOSE),N,1,ADVERSE_EVENTS,6,N,1,1,NONE,3,NOT SERIOUS,23,10039101,999,1,Rhinorrhoea,0,C008_408,Runny nose
Gastrointestinal motility and defaecation conditions,01-04,Y,RESOLVED,10010774,UNRELATED,20090217.0,20090215,10017977,Gastrointestinal atonic and hypomotility disorders NEC,10017933,MAXIS-08,Constipation,NON-VISIT,MILD,10017947,Gastrointestinal disorders,CONSTIPATION,N,1,ADVERSE_EVENTS,1,N,1,1,NONE,3,NOT SERIOUS,3,10010774,999,1,Constipation,0,C008_408,
Gastrointestinal motility and defaecation conditions,01-04,Y,RESOLVED,10010774,UNRELATED,20090428.0,20090423,10017977,Gastrointestinal atonic and hypomotility disorders NEC,10017933,MAXIS-08,Constipation,NON-VISIT,MODERATE,10017947,Gastrointestinal disorders,CONSTIPATION,N,1,ADVERSE_EVENTS,5,N,1,1,NONE,1,NOT SERIOUS,17,10010774,999,1,Constipation,0,C008_408,
Respiratory disorders NEC,01-04,N,RESOLVED,10011224,UNRELATED,20090324.0,20090318,10038716,Coughing and associated symptoms,10011233,MAXIS-08,Cough,NON-VISIT,MILD,10038738,"Respiratory, thoracic and mediastinal disorders",COUGH,N,1,ADVERSE_EVENTS,3,N,1,1,NONE,3,NOT SERIOUS,11,10011224,999,1,Cough,0,C008_408,
Epidermal and dermal conditions,01-04,N,RESOLVED,10013786,UNLIKELY,20090224.0,20090218,10014982,Dermal and epidermal conditions NEC,10012424,MAXIS-08,Dry skin,NON-VISIT,MILD,10040785,Skin and subcutaneous tissue disorders,DRY SKIN,N,2,ADVERSE_EVENTS,1,N,1,1,NONE,4,NOT SERIOUS,4,10013786,999,1,Dry skin,0,C008_408,
Gastrointestinal signs and symptoms,01-04,Y,CONTINUING,10053155,UNRELATED,,20090723,10018012,Dyspeptic signs and symptoms,10013949,MAXIS-08,Epigastric discomfort,NON-VISIT,MILD,10017947,Gastrointestinal disorders,EPIGASTRIC DISCOMFORT,N,1,ADVERSE_EVENTS,6,Y,3,1,NONE,1,NOT SERIOUS,21,10053155,999,1,Epigastric discomfort,0,C008_408,
General system disorders NEC,01-04,N,RESOLVED,10016256,PROBABLE,20090303.0,20090225,10018073,Asthenic conditions,10003550,MAXIS-08,Fatigue,NON-VISIT,MILD,10018065,General disorders and administration site conditions,FATIGUE,N,4,ADVERSE_EVENTS,3,N,1,1,NONE,1,NOT SERIOUS,9,10016256,999,1,Fatigue,0,C008_408,
Neurological disorders NEC,01-04,N,RESOLVED,10054532,POSSIBLE,20090304.0,20090303,10029305,Paraesthesias and dysaesthesias,10033788,MAXIS-08,Paresthesia of fingers,NON-VISIT,MODERATE,10029205,Nervous system disorders,FINGER/TOES PARESTHESIA,N,3,ADVERSE_EVENTS,2,N,1,1,NONE,3,NOT SERIOUS,7,10033775,999,1,Paraesthesia,0,C008_408,Paresthesia of fingers
Neurological disorders NEC,01-04,N,RESOLVED,10049799,PROBABLE,20090722.0,20090714,10029305,Sensory abnormalities NEC,10040021,MAXIS-08,Numbness in toes,NON-VISIT,MODERATE,10029205,Nervous system disorders,INCREASE NUMBNESS BILATERAL TOES,N,4,ADVERSE_EVENTS,5,N,1,1,NONE,3,NOT SERIOUS,19,10020937,999,1,Hypoaesthesia,0,C008_408,Numbness in toes
Gastrointestinal motility and defaecation conditions,01-04,Y,RESOLVED,10010774,UNRELATED,20090310.0,20090303,10017977,Gastrointestinal atonic and hypomotility disorders NEC,10017933,MAXIS-08,Constipation,NON-VISIT,MILD,10017947,Gastrointestinal disorders,INTERMITTENT CONSTIPATION,N,1,ADVERSE_EVENTS,2,N,1,1,NONE,4,NOT SERIOUS,8,10010774,999,1,Constipation,0,C008_408,Constipation
Gastrointestinal motility and defaecation conditions,01-04,Y,RESOLVED,10010774,UNRELATED,20090313.0,20090311,10017977,Gastrointestinal atonic and hypomotility disorders NEC,10017933,MAXIS-08,Constipation,NON-VISIT,MILD,10017947,Gastrointestinal disorders,INTERMITTENT CONSTIPATION,N,1,ADVERSE_EVENTS,3,N,1,1,NONE,2,NOT SERIOUS,10,10010774,999,1,Constipation,0,C008_408,Constipation
Gastrointestinal motility and defaecation conditions,01-04,Y,RESOLVED,10010774,UNRELATED,20090327.0,20090325,10017977,Gastrointestinal atonic and hypomotility disorders NEC,10017933,MAXIS-08,Constipation,NON-VISIT,MILD,10017947,Gastrointestinal disorders,INTERMITTENT CONSTIPATION,N,1,ADVERSE_EVENTS,3,N,1,1,NONE,4,NOT SERIOUS,12,10010774,999,1,Constipation,0,C008_408,Constipation
Gastrointestinal motility and defaecation conditions,01-04,Y,RESOLVED,10010774,UNRELATED,20090410.0,20090408,10017977,Gastrointestinal atonic and hypomotility disorders NEC,10017933,MAXIS-08,Constipation,NON-VISIT,MILD,10017947,Gastrointestinal disorders,INTERMITTENT CONSTIPATION,N,1,ADVERSE_EVENTS,4,N,1,1,NONE,3,NOT SERIOUS,15,10010774,999,1,Constipation,0,C008_408,Constipation
Gastrointestinal motility and defaecation conditions,01-04,Y,CONTINUING,10010774,UNRELATED,,20090610,10017977,Gastrointestinal atonic and hypomotility disorders NEC,10017933,MAXIS-08,Constipation,NON-VISIT,MILD,10017947,Gastrointestinal disorders,INTERMITTENT CONSTIPATION,N,1,ADVERSE_EVENTS,5,Y,3,1,NONE,2,NOT SERIOUS,18,10010774,999,1,Constipation,0,C008_408,Constipation
General system disorders NEC,01-04,N,RESOLVED,10016256,UNRELATED,20090616.0,20090421,10018073,Asthenic conditions,10003550,MAXIS-08,Fatigue,NON-VISIT,MILD,10018065,General disorders and administration site conditions,INTERMITTENT FATIGUE,N,1,ADVERSE_EVENTS,4,N,1,1,NONE,4,NOT SERIOUS,16,10016256,999,1,Fatigue,0,C008_408,Fatigue
Joint disorders,01-04,N,RESOLVED,10033410,UNRELATED,20090811.0,20090804,10023213,Joint related signs and symptoms,10023226,MAXIS-08,Pain in (l) hip,NON-VISIT,MILD,10028395,Musculoskeletal and connective tissue disorders,LEFT HIP PAIN,N,1,ADVERSE_EVENTS,10,N,1,1,NONE,1,NOT SERIOUS,25,10003239,999,1,Arthralgia,0,C008_408,Pain in (l) hip
Joint disorders,01-04,N,RESOLVED,10033410,UNRELATED,20090908.0,20090901,10023213,Joint related signs and symptoms,10023226,MAXIS-08,Pain in (l) hip,NON-VISIT,MILD,10028395,Musculoskeletal and connective tissue disorders,LEFT HIP PAIN,N,1,ADVERSE_EVENTS,10,N,1,1,NONE,2,NOT SERIOUS,26,10003239,999,1,Arthralgia,0,C008_408,Pain in (l) hip
Gastrointestinal signs and symptoms,01-04,N,RESOLVED,10021341,UNRELATED,20090804.0,20090630,10018012,Gastrointestinal and abdominal pains (excl oral and throat),10017926,MAXIS-08,Iliac fossa pain,NON-VISIT,MILD,10017947,Gastrointestinal disorders,LEFT ILIAC PAIN,N,1,ADVERSE_EVENTS,6,N,1,1,NONE,4,NOT SERIOUS,24,10000084,999,1,Abdominal pain lower,0,C008_408,Iliac fossa pain
Bone disorders (excl congenital and fractures),01-04,Y,RESOLVED,10006002,UNRELATED,20090304.0,20090303,10005959,Bone related signs and symptoms,10006006,MAXIS-08,Bone pain,NON-VISIT,MILD,10028395,Musculoskeletal and connective tissue disorders,LEFT LOWER EXTREMITY BONE PAIN,N,1,ADVERSE_EVENTS,2,N,1,1,NONE,1,NOT SERIOUS,5,10006002,999,1,Bone pain,0,C008_408,Bone pain
Appetite and general nutritional disorders,01-04,N,RESOLVED,10003028,POSSIBLE,20090218.0,20090215,10003018,Appetite disorders,10003022,MAXIS-08,Appetite lost,NON-VISIT,MILD,10027433,Metabolism and nutrition disorders,LOSS OF APPETITE,N,3,ADVERSE_EVENTS,1,N,1,1,NONE,1,NOT SERIOUS,1,10061428,999,1,Decreased appetite,0,C008_408,Appetite lost
Neurological disorders NEC,01-04,N,RESOLVED,10004071,UNRELATED,20090402.0,20090402,10029305,Cerebellar coordination and balance disturbances,10008028,MAXIS-08,Balance impaired NOS,NON-VISIT,MILD,10029205,Nervous system disorders,LOSS OF BALANCE,N,1,ADVERSE_EVENTS,4,N,1,1,NONE,1,NOT SERIOUS,13,10049848,999,1,Balance disorder,0,C008_408,Balance impaired NOS
Neurological disorders NEC,01-04,N,RESOLVED,10004071,UNRELATED,20090404.0,20090404,10029305,Cerebellar coordination and balance disturbances,10008028,MAXIS-08,Balance impaired NOS,NON-VISIT,MILD,10029205,Nervous system disorders,LOSS OF BALANCE,N,1,ADVERSE_EVENTS,4,N,1,1,NONE,2,NOT SERIOUS,14,10049848,999,1,Balance disorder,0,C008_408,Balance impaired NOS
Urinary tract signs and symptoms,01-04,N,RESOLVED,10059824,UNRELATED,20090810.0,20090804,10046590,Urinary abnormalities,10000196,MAXIS-08,Microscopic hematuria,NON-VISIT,MILD,10038359,Renal and urinary disorders,MICROSCOPIC HEMATURIA,N,1,ADVERSE_EVENTS,6,N,1,1,NONE,2,NOT SERIOUS,22,10018867,999,1,Haematuria,0,C008_408,
Gastrointestinal signs and symptoms,01-04,N,RESOLVED,10028813,PROBABLE,20090218.0,20090215,10018012,Nausea and vomiting symptoms,10028817,MAXIS-08,Nausea,NON-VISIT,MILD,10017947,Gastrointestinal disorders,NAUSEA,N,4,ADVERSE_EVENTS,1,N,1,1,NONE,2,NOT SERIOUS,2,10028813,999,1,Nausea,0,C008_408,
Gastrointestinal signs and symptoms,01-04,N,RESOLVED,10028813,PROBABLE,20090226.0,20090225,10018012,Nausea and vomiting symptoms,10028817,MAXIS-08,Nausea,NON-VISIT,MILD,10017947,Gastrointestinal disorders,NAUSEA,N,4,ADVERSE_EVENTS,2,N,1,1,NONE,2,NOT SERIOUS,6,10028813,999,1,Nausea,0,C008_408,
Musculoskeletal and connective tissue disorders NEC,01-04,N,RESOLVED,10016974,UNRELATED,20090722.0,20090714,10028393,Musculoskeletal and connective tissue pain and discomfort,10068757,MAXIS-08,Foot pain,NON-VISIT,MILD,10028395,Musculoskeletal and connective tissue disorders,SOLE PAIN ON WALKING,N,1,ADVERSE_EVENTS,5,N,1,1,NONE,4,NOT SERIOUS,20,10033425,999,1,Pain in extremity,0,C008_408,Foot pain
Sleep disorders and disturbances,01-05,Y,CONTINUING,10022437,UNRELATED,,20090604,10040991,Disturbances in initiating and maintaining sleep,10013510,MAXIS-08,Insomnia,NON-VISIT,MILD,10037175,Psychiatric disorders,INTERMITTENT INSOMNIA,N,1,ADVERSE_EVENTS,1,Y,3,1,NONE,2,NOT SERIOUS,2,10022437,999,1,Insomnia,0,C008_408,Insomnia
Administration site reactions,01-05,Y,RESOLVED,10052268,UNRELATED,20090603.0,20090602,10001316,Implant and catheter site reactions,10021544,MAXIS-08,Catheter site pain,NON-VISIT,MILD,10018065,General disorders and administration site conditions,PAIN AT PORT-A-CATH SITE,N,1,ADVERSE_EVENTS,1,N,1,1,NONE,1,NOT SERIOUS,1,10052268,999,1,Catheter site pain,0,C008_408,Catheter site pain
Gastrointestinal signs and symptoms,01-05,N,CONTINUING,10039162,UNRELATED,,20090610,10018012,Gastrointestinal and abdominal pains (excl oral and throat),10017926,MAXIS-08,Right upper quadrant pain,NON-VISIT,MILD,10017947,Gastrointestinal disorders,RIGHT UPPER QUADRANT DISCOMFORT,N,1,ADVERSE_EVENTS,2,Y,3,1,NONE,1,NOT SERIOUS,4,10000087,999,1,Abdominal pain upper,0,C008_408,Right upper quadrant pain
Upper respiratory tract disorders (excl infections),01-05,N,RESOLVED,10038196,POSSIBLE,20090707.0,20090609,10046304,Pharyngeal disorders (excl infections and neoplasms),10034823,MAXIS-08,Red throat,NON-VISIT,MILD,10038738,"Respiratory, thoracic and mediastinal disorders",THROAT REDDENED,N,3,ADVERSE_EVENTS,1,N,1,1,NONE,3,NOT SERIOUS,3,10057009,999,1,Pharyngeal erythema,0,C008_408,Red throat
Respiratory disorders NEC,01-06,N,RESOLVED,10011234,UNRELATED,20090630.0,20090623,10038716,Coughing and associated symptoms,10011233,MAXIS-08,Coughing blood,NON-VISIT,MILD,10038738,"Respiratory, thoracic and mediastinal disorders",COUGH WITH BLOOD,N,1,ADVERSE_EVENTS,1,N,1,1,NONE,4,NOT SERIOUS,4,10018964,999,1,Haemoptysis,0,C008_408,Coughing blood
Tongue conditions,01-06,N,RESOLVED,10049713,UNRELATED,20090616.0,20090615,10043946,Tongue signs and symptoms,10043985,MAXIS-08,Tongue dry,NON-VISIT,MILD,10017947,Gastrointestinal disorders,DRY TONGUE,N,1,ADVERSE_EVENTS,1,N,1,1,NONE,3,NOT SERIOUS,3,10049713,999,1,Tongue dry,0,C008_408,Tongue dry
Headaches,01-06,Y,CONTINUING,10019211,POSSIBLE,,20090804,10019231,Headaches NEC,10019233,MAXIS-08,Headache,NON-VISIT,SEVERE,10029205,Nervous system disorders,HEADACHE,N,3,ADVERSE_EVENTS,3,Y,3,1,NONE,1,NOT SERIOUS,9,10019211,999,1,Headache,0,C008_408,
Sleep disorders and disturbances,01-06,N,RESOLVED,10022437,UNRELATED,20090610.0,20090609,10040991,Disturbances in initiating and maintaining sleep,10013510,MAXIS-08,Insomnia,NON-VISIT,MILD,10037175,Psychiatric disorders,INSOMNIA,N,1,ADVERSE_EVENTS,1,N,1,1,NONE,1,NOT SERIOUS,1,10022437,999,1,Insomnia,0,C008_408,
Neurological disorders NEC,01-06,N,CONTINUING,10024878,UNRELATED,,20090615,10029305,Sensory abnormalities NEC,10040021,MAXIS-08,Loss of taste,NON-VISIT,MILD,10029205,Nervous system disorders,LOSS OF TASTE,N,1,ADVERSE_EVENTS,1,Y,3,1,NONE,2,NOT SERIOUS,2,10001480,999,1,Ageusia,0,C008_408,
Platelet disorders,01-06,N,RESOLVED,10043554,POSSIBLE,20090710.0,20090630,10035534,Thrombocytopenias,10043555,MAXIS-08,Thrombocytopenia,NON-VISIT,SEVERE,10005329,Blood and lymphatic system disorders,THROMBOCYTOPENIA,N,3,ADVERSE_EVENTS,2,N,1,1,INTERRUPTED,1,NOT SERIOUS,5,10043554,999,3,Thrombocytopenia,0,C008_408,
Platelet disorders,01-06,N,RESOLVED,10043554,POSSIBLE,20090724.0,20090710,10035534,Thrombocytopenias,10043555,MAXIS-08,Thrombocytopenia,NON-VISIT,MODERATE,10005329,Blood and lymphatic system disorders,THROMBOCYTOPENIA,N,3,ADVERSE_EVENTS,2,N,1,1,NONE,2,NOT SERIOUS,6,10043554,999,1,Thrombocytopenia,0,C008_408,
Platelet disorders,01-06,N,RESOLVED,10043554,POSSIBLE,20090804.0,20090724,10035534,Thrombocytopenias,10043555,MAXIS-08,Thrombocytopenia,NON-VISIT,SEVERE,10005329,Blood and lymphatic system disorders,THROMBOCYTOPENIA,N,3,ADVERSE_EVENTS,2,N,1,1,NONE,3,NOT SERIOUS,7,10043554,999,1,Thrombocytopenia,0,C008_408,
Platelet disorders,01-06,N,CONTINUING,10043554,POSSIBLE,,20090804,10035534,Thrombocytopenias,10043555,MAXIS-08,Thrombocytopenia,NON-VISIT,MODERATE,10005329,Blood and lymphatic system disorders,THROMBOCYTOPENIA,N,3,ADVERSE_EVENTS,2,Y,3,1,NONE,4,NOT SERIOUS,8,10043554,999,1,Thrombocytopenia,0,C008_408,
General system disorders NEC,01-07,N,CONTINUING,10014210,POSSIBLE,,20090801,10018073,Oedema NEC,10030113,MAXIS-08,Edema,NON-VISIT,MODERATE,10018065,General disorders and administration site conditions,1-2+ BILATERAL EDEMA,N,3,ADVERSE_EVENTS,6,Y,3,1,NONE,4,NOT SERIOUS,20,10030095,999,1,Oedema,0,C008_408,Edema
Gastrointestinal signs and symptoms,01-07,Y,RESOLVED,10000081,UNRELATED,20090723.0,20090721,10018012,Gastrointestinal and abdominal pains (excl oral and throat),10017926,MAXIS-08,Abdominal pain,NON-VISIT,MODERATE,10017947,Gastrointestinal disorders,ABDOMINAL PAIN,N,1,ADVERSE_EVENTS,2,N,1,5,NONE,2,HOSPITALIZATION/PROLONGATION,3,10000081,999,1,Abdominal pain,0,C008_408,
Gastrointestinal signs and symptoms,01-07,Y,"RESOLVED, WITH RESIDUAL EFFECTS",10000081,UNRELATED,20090807.0,20090805,10018012,Gastrointestinal and abdominal pains (excl oral and throat),10017926,MAXIS-08,Abdominal pain,NON-VISIT,MODERATE,10017947,Gastrointestinal disorders,ABDOMINAL PAIN,N,1,ADVERSE_EVENTS,3,N,2,5,INTERRUPTED,2,HOSPITALIZATION/PROLONGATION,7,10000081,999,3,Abdominal pain,0,C008_408,
Gastrointestinal signs and symptoms,01-07,Y,"RESOLVED, WITH RESIDUAL EFFECTS",10000081,UNRELATED,20090902.0,20090823,10018012,Gastrointestinal and abdominal pains (excl oral and throat),10017926,MAXIS-08,Abdominal pain,NON-VISIT,SEVERE,10017947,Gastrointestinal disorders,ABDOMINAL PAIN,N,1,ADVERSE_EVENTS,6,N,2,5,NONE,1,HOSPITALIZATION/PROLONGATION,17,10000081,999,1,Abdominal pain,0,C008_408,
Anxiety disorders and symptoms,01-07,Y,CONTINUING,10002855,UNRELATED,,20090824,10002861,Anxiety symptoms,10002869,MAXIS-08,Anxiety,NON-VISIT,MODERATE,10037175,Psychiatric disorders,ANXIETY,N,1,ADVERSE_EVENTS,6,Y,3,1,NONE,3,NOT SERIOUS,19,10002855,999,1,Anxiety,0,C008_408,
General system disorders NEC,01-07,Y,"RESOLVED, WITH RESIDUAL EFFECTS",10008479,UNRELATED,20090902.0,20090823,10018073,Pain and discomfort NEC,10033372,MAXIS-08,Chest pain,NON-VISIT,SEVERE,10018065,General disorders and administration site conditions,CHEST PAIN,N,1,ADVERSE_EVENTS,5,N,2,5,NONE,4,HOSPITALIZATION/PROLONGATION,16,10008479,999,1,Chest pain,0,C008_408,
Respiratory disorders NEC,01-07,N,RESOLVED,10058996,UNRELATED,20090708.0,20090708,10038716,Coughing and associated symptoms,10011233,MAXIS-08,Expectoration,NON-VISIT,MILD,10038738,"Respiratory, thoracic and mediastinal disorders",COUGH WITH EXPECTORATION,N,1,ADVERSE_EVENTS,4,N,1,1,NONE,3,NOT SERIOUS,12,10036790,999,1,Productive cough,0,C008_408,Expectoration
Administration site reactions,01-07,N,RESOLVED,10054232,UNRELATED,20090701.0,20090626,10001316,Implant and catheter site reactions,10021544,MAXIS-08,Catheter site discomfort,NON-VISIT,MILD,10018065,General disorders and administration site conditions,DISCOMFORT AT PORT-A-CATH SITE,N,1,ADVERSE_EVENTS,1,N,1,1,NONE,1,NOT SERIOUS,1,10007811,999,1,Catheter site related reaction,0,C008_408,Catheter site discomfort
Movement disorders (incl parkinsonism),01-07,N,RESOLVED,10040530,POSSIBLE,20090801.0,20090708,10028037,Tremor (excl congenital),10044566,MAXIS-08,Shaking of hands,NON-VISIT,MILD,10029205,Nervous system disorders,HANDSHAKING,N,3,ADVERSE_EVENTS,5,N,1,1,NONE,3,NOT SERIOUS,15,10044565,999,1,Tremor,0,C008_408,Shaking of hands
Anxiety disorders and symptoms,01-07,Y,CONTINUING,10021651,UNRELATED,,20090828,10002861,Anxiety symptoms,10002869,MAXIS-08,Increased agitation,NON-VISIT,MODERATE,10037175,Psychiatric disorders,INCREASED AGITATION,N,1,ADVERSE_EVENTS,6,Y,3,1,NONE,2,NOT SERIOUS,18,10001497,999,1,Agitation,0,C008_408,
Sleep disorders and disturbances,01-07,Y,CONTINUING,10022437,UNRELATED,,20090723,10040991,Disturbances in initiating and maintaining sleep,10013510,MAXIS-08,Insomnia,NON-VISIT,MILD,10037175,Psychiatric disorders,INSOMNIA,N,1,ADVERSE_EVENTS,5,Y,3,1,NONE,1,NOT SERIOUS,13,10022437,999,1,Insomnia,0,C008_408,
General system disorders NEC,01-07,Y,CONTINUING,10062501,UNRELATED,,20090724,10018073,Pain and discomfort NEC,10033372,MAXIS-08,Non-cardiac chest pain,NON-VISIT,MILD,10018065,General disorders and administration site conditions,LEFT SIDED NON-CARDIAC CHEST PAIN,N,1,ADVERSE_EVENTS,3,Y,3,1,NONE,4,NOT SERIOUS,9,10062501,999,1,Non-cardiac chest pain,0,C008_408,Non-cardiac chest pain
General system disorders NEC,01-07,N,RESOLVED,10008479,UNRELATED,20090723.0,20090721,10018073,Pain and discomfort NEC,10033372,MAXIS-08,Chest pain,NON-VISIT,SEVERE,10018065,General disorders and administration site conditions,RIGHT CHEST PAIN,N,1,ADVERSE_EVENTS,2,N,1,5,NONE,3,HOSPITALIZATION/PROLONGATION,4,10008479,999,1,Chest pain,0,C008_408,Chest pain
Musculoskeletal and connective tissue disorders NEC,01-07,Y,RESOLVED,10024130,UNRELATED,20090723.0,20090721,10028393,Musculoskeletal and connective tissue pain and discomfort,10068757,MAXIS-08,Leg pain,NON-VISIT,SEVERE,10028395,Musculoskeletal and connective tissue disorders,RIGHT LEG PAIN,N,1,ADVERSE_EVENTS,5,N,1,5,NONE,2,HOSPITALIZATION/PROLONGATION,14,10033425,999,1,Pain in extremity,0,C008_408,Leg pain
Musculoskeletal and connective tissue disorders NEC,01-07,Y,RESOLVED,10040617,UNRELATED,20090723.0,20090721,10028393,Musculoskeletal and connective tissue pain and discomfort,10068757,MAXIS-08,Shoulder pain,NON-VISIT,SEVERE,10028395,Musculoskeletal and connective tissue disorders,RIGHT SHOULDER PAIN,N,1,ADVERSE_EVENTS,2,N,1,5,NONE,1,HOSPITALIZATION/PROLONGATION,2,10028391,999,1,Musculoskeletal pain,0,C008_408,Shoulder pain
General system disorders NEC,01-07,Y,"RESOLVED, WITH RESIDUAL EFFECTS",10008479,UNRELATED,20090807.0,20090805,10018073,Pain and discomfort NEC,10033372,MAXIS-08,Chest pain,NON-VISIT,SEVERE,10018065,General disorders and administration site conditions,RIGHT SIDED CHEST PAIN,N,1,ADVERSE_EVENTS,2,N,2,5,INTERRUPTED,4,HOSPITALIZATION/PROLONGATION,5,10008479,999,3,Chest pain,0,C008_408,Chest pain
General system disorders NEC,01-07,Y,"RESOLVED, WITH RESIDUAL EFFECTS",10008479,UNRELATED,20090822.0,20090814,10018073,Pain and discomfort NEC,10033372,MAXIS-08,Chest pain,NON-VISIT,SEVERE,10018065,General disorders and administration site conditions,RIGHT SIDED CHEST PAIN,N,1,ADVERSE_EVENTS,3,N,2,5,NONE,3,HOSPITALIZATION/PROLONGATION,8,10008479,999,1,Chest pain,0,C008_408,Chest pain
Gastrointestinal signs and symptoms,01-07,Y,RESOLVED,10039162,UNRELATED,20090807.0,20090805,10018012,Gastrointestinal and abdominal pains (excl oral and throat),10017926,MAXIS-08,Right upper quadrant pain,NON-VISIT,SEVERE,10017947,Gastrointestinal disorders,RIGHT UPPER QUADRANT PAIN,N,1,ADVERSE_EVENTS,3,N,1,5,INTERRUPTED,1,HOSPITALIZATION/PROLONGATION,6,10000087,999,3,Abdominal pain upper,0,C008_408,
Respiratory disorders NEC,01-07,N,RESOLVED,10040604,UNRELATED,20090708.0,20090708,10038716,Breathing abnormalities,10006334,MAXIS-08,Shortness of breath,NON-VISIT,MILD,10038738,"Respiratory, thoracic and mediastinal disorders",SHORTNESS OF BREATH,N,1,ADVERSE_EVENTS,4,N,1,1,NONE,2,NOT SERIOUS,11,10013968,999,1,Dyspnoea,0,C008_408,
Joint disorders,01-07,N,RESOLVED,10002554,UNLIKELY,20090709.0,200907,10023213,Joint related signs and symptoms,10023226,MAXIS-08,Ankles swelling,NON-VISIT,MILD,10028395,Musculoskeletal and connective tissue disorders,SWELLING IN ANKLES,N,2,ADVERSE_EVENTS,4,N,1,1,NONE,1,NOT SERIOUS,10,10023232,999,1,Joint swelling,0,C008_408,Ankles swelling
Anxiety disorders and symptoms,01-08,Y,RESOLVED,10002855,UNLIKELY,20090730.0,20090730,10002861,Anxiety symptoms,10002869,MAXIS-08,Anxiety,NON-VISIT,MODERATE,10037175,Psychiatric disorders,ANXIETY,N,2,ADVERSE_EVENTS,2,N,1,1,NONE,2,NOT SERIOUS,6,10002855,999,1,Anxiety,0,C008_408,
Electrolyte and fluid balance conditions,01-08,N,CONTINUING,10012174,UNRELATED,,20090716,10014412,Total fluid volume decreased,10044084,MAXIS-08,Dehydration,NON-VISIT,MILD,10027433,Metabolism and nutrition disorders,DEHYDRATION,N,1,ADVERSE_EVENTS,1,Y,3,1,NONE,2,NOT SERIOUS,2,10012174,999,1,Dehydration,0,C008_408,
Procedural related injuries and complications NEC,01-08,N,CONTINUING,10065619,UNRELATED,,20090806,10069888,Non-site specific procedural complications,10029559,MAXIS-08,Incision site discomfort,NON-VISIT,MODERATE,10022117,"Injury, poisoning and procedural complications",DISCOMFORT AROUND BILIARY TUBE INSERTION SITE,N,1,ADVERSE_EVENTS,2,Y,3,1,NONE,3,NOT SERIOUS,7,10059048,999,1,Incision site complication,0,C008_408,Incision site discomfort
Neurological disorders NEC,01-08,N,RESOLVED,10013573,UNRELATED,20090807.0,20090807,10029305,Neurological signs and symptoms NEC,10029306,MAXIS-08,Dizziness,NON-VISIT,MILD,10029205,Nervous system disorders,DIZZINESS,N,1,ADVERSE_EVENTS,2,N,1,1,NONE,4,NOT SERIOUS,8,10013573,999,1,Dizziness,0,C008_408,
Neurological disorders NEC,01-08,N,RESOLVED,10013573,UNRELATED,20090820.0,20090813,10029305,Neurological signs and symptoms NEC,10029306,MAXIS-08,Dizziness,NON-VISIT,MILD,10029205,Nervous system disorders,DIZZINESS,N,1,ADVERSE_EVENTS,4,N,1,1,NONE,3,NOT SERIOUS,15,10013573,999,1,Dizziness,0,C008_408,
Peripheral neuropathies,01-08,N,RESOLVED,10034610,POSSIBLE,20090813.0,20090730,10034606,Peripheral neuropathies NEC,10034607,MAXIS-08,Peripheral neuropathy NOS,NON-VISIT,MODERATE,10029205,Nervous system disorders,FINGER & TOES PERIPHERAL NEUROPATHY,N,3,ADVERSE_EVENTS,4,N,1,1,NONE,2,NOT SERIOUS,14,10029331,999,1,Neuropathy peripheral,0,C008_408,Peripheral neuropathy NOS
Headaches,01-08,Y,RESOLVED,10019211,UNRELATED,20090718.0,20090717,10019231,Headaches NEC,10019233,MAXIS-08,Headache,NON-VISIT,MILD,10029205,Nervous system disorders,HEADACHE,N,1,ADVERSE_EVENTS,1,N,1,1,NONE,3,NOT SERIOUS,3,10019211,999,1,Headache,0,C008_408,
Gastrointestinal signs and symptoms,01-08,Y,CONTINUING,10000081,UNRELATED,,20090717,10018012,Gastrointestinal and abdominal pains (excl oral and throat),10017926,MAXIS-08,Abdominal pain,NON-VISIT,MODERATE,10017947,Gastrointestinal disorders,INTERMITTENT ABD PAIN,N,1,ADVERSE_EVENTS,3,Y,3,1,NONE,2,NOT SERIOUS,10,10000081,999,1,Abdominal pain,0,C008_408,Abdominal pain
Musculoskeletal and connective tissue disorders NEC,01-08,N,RESOLVED,10033399,UNRELATED,20090711.0,20090710,10028393,Musculoskeletal and connective tissue pain and discomfort,10068757,MAXIS-08,Pain flank,NON-VISIT,MODERATE,10028395,Musculoskeletal and connective tissue disorders,INTERMITTENT STABBING PAIN ON R FLANK,N,1,ADVERSE_EVENTS,1,N,1,1,NONE,1,NOT SERIOUS,1,10016750,999,1,Flank pain,0,C008_408,Pain flank
Appetite and general nutritional disorders,01-08,N,RESOLVED,10061428,POSSIBLE,20090820.0,20090723,10003018,Appetite disorders,10003022,MAXIS-08,Decreased appetite,NON-VISIT,MILD,10027433,Metabolism and nutrition disorders,LACK OF APPETITE,N,3,ADVERSE_EVENTS,1,N,1,1,NONE,4,NOT SERIOUS,4,10061428,999,1,Decreased appetite,0,C008_408,Decreased appetite
Administration site reactions,01-08,N,RESOLVED,10052268,POSSIBLE,20090730.0,20090730,10001316,Implant and catheter site reactions,10021544,MAXIS-08,Catheter site pain,NON-VISIT,MODERATE,10018065,General disorders and administration site conditions,PAIN AT PORT-A-CATH SITE,N,3,ADVERSE_EVENTS,2,N,1,1,NONE,1,NOT SERIOUS,5,10052268,999,1,Catheter site pain,0,C008_408,Catheter site pain
Musculoskeletal and connective tissue disorders NEC,01-08,N,CONTINUING,10003988,UNRELATED,,20090820,10028393,Musculoskeletal and connective tissue pain and discomfort,10068757,MAXIS-08,Back pain,NON-VISIT,MILD,10028395,Musculoskeletal and connective tissue disorders,PAIN IN BACK,N,1,ADVERSE_EVENTS,3,Y,3,1,NONE,4,NOT SERIOUS,12,10003988,999,1,Back pain,0,C008_408,Back pain
Musculoskeletal and connective tissue disorders NEC,01-08,N,CONTINUING,10024130,UNRELATED,,20090820,10028393,Musculoskeletal and connective tissue pain and discomfort,10068757,MAXIS-08,Leg pain,NON-VISIT,MILD,10028395,Musculoskeletal and connective tissue disorders,PAIN IN LEGS,N,1,ADVERSE_EVENTS,4,Y,3,1,NONE,1,NOT SERIOUS,13,10033425,999,1,Pain in extremity,0,C008_408,Leg pain
Musculoskeletal and connective tissue disorders NEC,01-08,N,CONTINUING,10040617,UNRELATED,,20090820,10028393,Musculoskeletal and connective tissue pain and discomfort,10068757,MAXIS-08,Shoulder pain,NON-VISIT,MILD,10028395,Musculoskeletal and connective tissue disorders,PAIN IN SHOULDER,N,1,ADVERSE_EVENTS,3,Y,3,1,NONE,3,NOT SERIOUS,11,10028391,999,1,Musculoskeletal pain,0,C008_408,Shoulder pain
Gastrointestinal signs and symptoms,01-08,Y,RESOLVED,10042112,UNLIKELY,20090813.0,20090813,10018012,Gastrointestinal and abdominal pains (excl oral and throat),10017926,MAXIS-08,Stomach pain,NON-VISIT,MILD,10017947,Gastrointestinal disorders,STOMACH PAIN (GAS),N,2,ADVERSE_EVENTS,3,N,1,1,NONE,1,NOT SERIOUS,9,10000087,999,1,Abdominal pain upper,0,C008_408,Stomach pain
Gastrointestinal signs and symptoms,01-09,Y,RESOLVED,10000081,UNRELATED,20090803.0,20090727,10018012,Gastrointestinal and abdominal pains (excl oral and throat),10017926,MAXIS-08,Abdominal pain,NON-VISIT,MODERATE,10017947,Gastrointestinal disorders,ABDOMINAL PAIN,N,1,ADVERSE_EVENTS,1,N,1,1,NONE,1,NOT SERIOUS,1,10000081,999,1,Abdominal pain,0,C008_408,
Appetite and general nutritional disorders,01-09,N,RESOLVED,10002646,UNRELATED,20090821.0,20090803,10003018,Appetite disorders,10003022,MAXIS-08,Anorexia,NON-VISIT,MILD,10027433,Metabolism and nutrition disorders,ANOREXIA,N,1,ADVERSE_EVENTS,5,N,1,1,NONE,4,NOT SERIOUS,20,10061428,999,1,Decreased appetite,0,C008_408,
General system disorders NEC,01-09,N,PATIENT DIED,10061818,UNRELATED,20090905.0,20090905,10018073,General signs and symptoms NEC,10018072,MAXIS-08,Disease progression,NON-VISIT,FATAL,10018065,General disorders and administration site conditions,DEATH DUE TO DISEASE PROGRESSION,N,1,ADVERSE_EVENTS,5,N,4,3,NONE,1,DEATH,17,10061818,999,1,Disease progression,0,C008_408,Disease progression
Hepatobiliary investigations,01-09,N,RESOLVED,10003544,POSSIBLE,20090811.0,20090803,10019809,Liver function analyses,10024689,MAXIS-08,AST increased,NON-VISIT,MODERATE,10022891,Investigations,ELEVATED AST,N,3,ADVERSE_EVENTS,3,N,1,1,NONE,4,NOT SERIOUS,12,10003481,999,1,Aspartate aminotransferase increased,0,C008_408,AST increased
Hepatobiliary investigations,01-09,N,RESOLVED,10003544,POSSIBLE,20090824.0,20090818,10019809,Liver function analyses,10024689,MAXIS-08,AST increased,NON-VISIT,MODERATE,10022891,Investigations,ELEVATED AST,N,3,ADVERSE_EVENTS,4,N,1,1,NONE,1,NOT SERIOUS,13,10003481,999,1,Aspartate aminotransferase increased,0,C008_408,AST increased
Hepatobiliary investigations,01-09,N,RESOLVED,10003544,UNLIKELY,20090905.0,20090824,10019809,Liver function analyses,10024689,MAXIS-08,AST increased,NON-VISIT,SEVERE,10022891,Investigations,ELEVATED AST,N,2,ADVERSE_EVENTS,4,N,1,1,NONE,2,NOT SERIOUS,14,10003481,999,1,Aspartate aminotransferase increased,0,C008_408,AST increased
Hepatic and hepatobiliary disorders,01-09,N,RESOLVED,10020582,POSSIBLE,20090819.0,20090818,10019654,Cholestasis and jaundice,10008636,MAXIS-08,Hyperbilirubinemia,NON-VISIT,MODERATE,10019805,Hepatobiliary disorders,HYPERBILIRUBINEMIA,N,3,ADVERSE_EVENTS,3,N,1,1,NONE,2,NOT SERIOUS,10,10020578,999,1,Hyperbilirubinaemia,0,C008_408,
Hepatic and hepatobiliary disorders,01-09,N,RESOLVED,10020582,POSSIBLE,20090905.0,20090821,10019654,Cholestasis and jaundice,10008636,MAXIS-08,Hyperbilirubinemia,NON-VISIT,MODERATE,10019805,Hepatobiliary disorders,HYPERBILIRUBINEMIA,N,3,ADVERSE_EVENTS,3,N,1,1,NONE,3,NOT SERIOUS,11,10020578,999,1,Hyperbilirubinaemia,0,C008_408,
"Bone, calcium, magnesium and phosphorus metabolism disorders",01-09,N,RESOLVED,10020587,POSSIBLE,20090820.0,20090819,10013296,Calcium metabolism disorders,10006975,MAXIS-08,Hypercalcemia,NON-VISIT,MODERATE,10027433,Metabolism and nutrition disorders,HYPERCALCEMIA,N,3,ADVERSE_EVENTS,6,N,1,1,NONE,4,NOT SERIOUS,24,10020583,999,1,Hypercalcaemia,0,C008_408,
Electrolyte and fluid balance conditions,01-09,N,RESOLVED,10021038,UNRELATED,20090806.0,20090804,10014412,Sodium imbalance,10041273,MAXIS-08,Hyponatremia,NON-VISIT,SEVERE,10027433,Metabolism and nutrition disorders,HYPONATREMIA,N,1,ADVERSE_EVENTS,2,N,1,1,NONE,2,NOT SERIOUS,6,10021036,999,1,Hyponatraemia,0,C008_408,
Electrolyte and fluid balance conditions,01-09,Y,RESOLVED,10021038,UNRELATED,20090819.0,20090818,10014412,Sodium imbalance,10041273,MAXIS-08,Hyponatremia,NON-VISIT,SEVERE,10027433,Metabolism and nutrition disorders,HYPONATREMIA,N,1,ADVERSE_EVENTS,2,N,1,1,NONE,3,NOT SERIOUS,7,10021036,999,1,Hyponatraemia,0,C008_408,
Electrolyte and fluid balance conditions,01-09,N,RESOLVED,10021038,UNRELATED,20090821.0,20090820,10014412,Sodium imbalance,10041273,MAXIS-08,Hyponatremia,NON-VISIT,SEVERE,10027433,Metabolism and nutrition disorders,HYPONATREMIA,N,1,ADVERSE_EVENTS,2,N,1,1,NONE,4,NOT SERIOUS,8,10021036,999,1,Hyponatraemia,0,C008_408,
Electrolyte and fluid balance conditions,01-09,N,RESOLVED,10021038,UNRELATED,20090825.0,20090824,10014412,Sodium imbalance,10041273,MAXIS-08,Hyponatremia,NON-VISIT,SEVERE,10027433,Metabolism and nutrition disorders,HYPONATREMIA,N,1,ADVERSE_EVENTS,3,N,1,1,NONE,1,NOT SERIOUS,9,10021036,999,1,Hyponatraemia,0,C008_408,
Electrolyte and fluid balance conditions,01-09,N,RESOLVED,10021038,UNRELATED,20090905.0,20090825,10014412,Sodium imbalance,10041273,MAXIS-08,Hyponatremia,NON-VISIT,MILD,10027433,Metabolism and nutrition disorders,HYPONATREMIA,N,1,ADVERSE_EVENTS,5,N,1,1,NONE,2,NOT SERIOUS,18,10021036,999,1,Hyponatraemia,0,C008_408,
Gastrointestinal motility and defaecation conditions,01-09,Y,RESOLVED,10010774,POSSIBLE,20090905.0,20090803,10017977,Gastrointestinal atonic and hypomotility disorders NEC,10017933,MAXIS-08,Constipation,NON-VISIT,MODERATE,10017947,Gastrointestinal disorders,INTERMITTENT CONSTIPATION,N,3,ADVERSE_EVENTS,6,N,1,1,NONE,1,NOT SERIOUS,21,10010774,999,1,Constipation,0,C008_408,Constipation
General system disorders NEC,01-09,N,RESOLVED,10016256,UNRELATED,20090905.0,20090803,10018073,Asthenic conditions,10003550,MAXIS-08,Fatigue,NON-VISIT,MODERATE,10018065,General disorders and administration site conditions,INTERMITTENT FATIGUE,N,1,ADVERSE_EVENTS,5,N,1,1,NONE,3,NOT SERIOUS,19,10016256,999,1,Fatigue,0,C008_408,Fatigue
General system disorders NEC,01-09,N,RESOLVED,10047862,UNRELATED,20090817.0,20090803,10018073,Asthenic conditions,10003550,MAXIS-08,Weakness,NON-VISIT,MILD,10018065,General disorders and administration site conditions,INTERMITTENT WEAKNESS,N,1,ADVERSE_EVENTS,1,N,1,1,NONE,4,NOT SERIOUS,4,10003549,999,1,Asthenia,0,C008_408,Weakness
General system disorders NEC,01-09,N,RESOLVED,10024127,UNLIKELY,20090905.0,20090821,10018073,Oedema NEC,10030113,MAXIS-08,Leg edema,NON-VISIT,MILD,10018065,General disorders and administration site conditions,LEG EDEMA,N,2,ADVERSE_EVENTS,6,N,1,1,NONE,3,NOT SERIOUS,23,10030124,999,1,Oedema peripheral,0,C008_408,
Appetite and general nutritional disorders,01-09,N,RESOLVED,10003028,POSSIBLE,20090810.0,20090727,10003018,Appetite disorders,10003022,MAXIS-08,Appetite lost,NON-VISIT,MILD,10027433,Metabolism and nutrition disorders,LOSS OF APPETITE,N,3,ADVERSE_EVENTS,1,N,1,1,NONE,2,NOT SERIOUS,2,10061428,999,1,Decreased appetite,0,C008_408,Appetite lost
Peripheral neuropathies,01-09,N,RESOLVED,10029328,POSSIBLE,20090905.0,20090818,10034606,Peripheral neuropathies NEC,10034607,MAXIS-08,Neuropathy,NON-VISIT,SEVERE,10029205,Nervous system disorders,NEUROPATHY,Y,3,ADVERSE_EVENTS,4,N,1,1,NONE,4,NOT SERIOUS,16,10029331,999,1,Neuropathy peripheral,0,C008_408,
Decreased and nonspecific blood pressure disorders and shock,01-09,N,RESOLVED,10031127,POSSIBLE,20090820.0,20090818,10011954,Vascular hypotensive disorders,10057181,MAXIS-08,Orthostatic hypotension,NON-VISIT,MODERATE,10047065,Vascular disorders,ORTHOSTATIC HYPOTENSION,N,3,ADVERSE_EVENTS,2,N,1,1,NONE,1,NOT SERIOUS,5,10031127,999,1,Orthostatic hypotension,0,C008_408,
General system disorders NEC,01-09,N,RESOLVED,10034206,UNLIKELY,20090905.0,20090821,10018073,Oedema NEC,10030113,MAXIS-08,Pedal edema,NON-VISIT,MILD,10018065,General disorders and administration site conditions,PEDAL EDEMA,N,2,ADVERSE_EVENTS,4,N,1,1,NONE,3,NOT SERIOUS,15,10030124,999,1,Oedema peripheral,0,C008_408,
Musculoskeletal and connective tissue disorders NEC,01-09,Y,RESOLVED,10040617,UNRELATED,20090905.0,20090803,10028393,Musculoskeletal and connective tissue pain and discomfort,10068757,MAXIS-08,Shoulder pain,NON-VISIT,MILD,10028395,Musculoskeletal and connective tissue disorders,RIGHT SHOULDER PAIN,N,1,ADVERSE_EVENTS,1,N,1,1,NONE,3,NOT SERIOUS,3,10028391,999,1,Musculoskeletal pain,0,C008_408,Shoulder pain
General system disorders NEC,01-09,N,RESOLVED,10047862,UNRELATED,20090905.0,20090817,10018073,Asthenic conditions,10003550,MAXIS-08,Weakness,NON-VISIT,SEVERE,10018065,General disorders and administration site conditions,WEAKNESS,N,1,ADVERSE_EVENTS,6,N,1,1,NONE,2,NOT SERIOUS,22,10003549,999,1,Asthenia,0,C008_408,
Injuries NEC,01-10,N,RESOLVED,10003835,UNRELATED,20091222.0,20091222,10022114,Non-site specific injuries NEC,10029511,MAXIS-08,Automobile accident,NON-VISIT,MILD,10022117,"Injury, poisoning and procedural complications",CAR ACCIDENT,N,1,ADVERSE_EVENTS,6,N,1,1,NONE,3,NOT SERIOUS,22,10039203,999,1,Road traffic accident,0,C008_408,Automobile accident
General system disorders NEC,01-10,N,RESOLVED,10008531,UNRELATED,20090818.0,20090818,10018073,Feelings and sensations NEC,10068759,MAXIS-08,Chills,NON-VISIT,MILD,10018065,General disorders and administration site conditions,CHILLS,N,1,ADVERSE_EVENTS,3,N,1,1,NONE,3,NOT SERIOUS,11,10008531,999,1,Chills,0,C008_408,
Gastrointestinal motility and defaecation conditions,01-10,Y,RESOLVED,10010774,POSSIBLE,20090804.0,20090723,10017977,Gastrointestinal atonic and hypomotility disorders NEC,10017933,MAXIS-08,Constipation,NON-VISIT,MODERATE,10017947,Gastrointestinal disorders,CONSTIPATION,N,3,ADVERSE_EVENTS,1,N,1,1,NONE,3,NOT SERIOUS,3,10010774,999,1,Constipation,0,C008_408,
Gastrointestinal motility and defaecation conditions,01-10,Y,RESOLVED,10010774,POSSIBLE,20091013.0,20091008,10017977,Gastrointestinal atonic and hypomotility disorders NEC,10017933,MAXIS-08,Constipation,NON-VISIT,MODERATE,10017947,Gastrointestinal disorders,CONSTIPATION,N,3,ADVERSE_EVENTS,5,N,1,1,NONE,1,NOT SERIOUS,16,10010774,999,1,Constipation,0,C008_408,
Urinary tract signs and symptoms,01-10,N,RESOLVED,10048433,UNRELATED,20090729.0,20090728,10046590,Urinary abnormalities,10000196,MAXIS-08,Proteinuria aggravated,NON-VISIT,MODERATE,10038359,Renal and urinary disorders,ELEVATED URINE PROTEINURIA,N,1,ADVERSE_EVENTS,4,N,1,1,NONE,3,NOT SERIOUS,14,10037032,999,1,Proteinuria,0,C008_408,Proteinuria aggravated
Bacterial infectious disorders,01-10,Y,RESOLVED,10054088,UNRELATED,20090831.0,20090825,10004018,Bacterial infections NEC,10004047,MAXIS-08,Urinary tract infection bacterial,NON-VISIT,MODERATE,10021881,Infections and infestations,ENTEROBACTERBACCILI INFECTION (URINARY TRACT INFECTION),N,1,ADVERSE_EVENTS,4,N,1,1,NONE,1,NOT SERIOUS,12,10054088,999,1,Urinary tract infection bacterial,0,C008_408,Urinary tract infection bacterial
Body temperature conditions,01-10,Y,RESOLVED,10016558,POSSIBLE,20090819.0,20090818,10005908,Febrile disorders,10016286,MAXIS-08,Fever,NON-VISIT,MILD,10018065,General disorders and administration site conditions,FEVER,N,3,ADVERSE_EVENTS,3,N,1,1,NONE,2,NOT SERIOUS,10,10037660,999,1,Pyrexia,0,C008_408,
General system disorders NEC,01-10,N,CONTINUING,10016256,POSSIBLE,,20090728,10018073,Asthenic conditions,10003550,MAXIS-08,Fatigue,NON-VISIT,MILD,10018065,General disorders and administration site conditions,INTERMITTENT FATIGUE,N,3,ADVERSE_EVENTS,1,Y,3,1,NONE,2,NOT SERIOUS,2,10016256,999,1,Fatigue,0,C008_408,Fatigue
Gastrointestinal signs and symptoms,01-10,Y,RESOLVED,10028813,POSSIBLE,20090818.0,20090805,10018012,Nausea and vomiting symptoms,10028817,MAXIS-08,Nausea,NON-VISIT,MILD,10017947,Gastrointestinal disorders,INTERMITTENT NAUSEA,N,3,ADVERSE_EVENTS,2,N,1,1,NONE,2,NOT SERIOUS,6,10028813,999,1,Nausea,0,C008_408,Nausea
Gastrointestinal signs and symptoms,01-10,Y,RESOLVED,10028813,POSSIBLE,20100218.0,20090819,10018012,Nausea and vomiting symptoms,10028817,MAXIS-08,Nausea,NON-VISIT,MILD,10017947,Gastrointestinal disorders,INTERMITTENT NAUSEA,N,3,ADVERSE_EVENTS,4,N,1,1,NONE,2,NOT SERIOUS,13,10028813,999,1,Nausea,0,C008_408,Nausea
Gastrointestinal signs and symptoms,01-10,Y,RESOLVED,10047700,POSSIBLE,20100218.0,20090819,10018012,Nausea and vomiting symptoms,10028817,MAXIS-08,Vomiting,NON-VISIT,MILD,10017947,Gastrointestinal disorders,INTERMITTENT VOMITING,N,3,ADVERSE_EVENTS,3,N,1,1,NONE,1,NOT SERIOUS,9,10047700,999,1,Vomiting,0,C008_408,Vomiting
Joint disorders,01-10,N,RESOLVED,10042698,UNRELATED,20090825.0,20090818,10023213,Joint related signs and symptoms,10023226,MAXIS-08,Swelling of L knee,NON-VISIT,MILD,10028395,Musculoskeletal and connective tissue disorders,LEFT KNEE SWOLLEN,N,1,ADVERSE_EVENTS,2,N,1,1,NONE,4,NOT SERIOUS,8,10023232,999,1,Joint swelling,0,C008_408,Swelling of L knee
Peripheral neuropathies,01-10,N,RESOLVED,10029328,POSSIBLE,20091124.0,20091006,10034606,Peripheral neuropathies NEC,10034607,MAXIS-08,Neuropathy,NON-VISIT,MODERATE,10029205,Nervous system disorders,LEFT LOWER EXTREMITY NEUROPATHY,N,3,ADVERSE_EVENTS,5,N,1,1,NONE,4,NOT SERIOUS,19,10029331,999,1,Neuropathy peripheral,0,C008_408,Neuropathy
Gastrointestinal signs and symptoms,01-10,Y,RESOLVED,10028813,POSSIBLE,20090804.0,20090723,10018012,Nausea and vomiting symptoms,10028817,MAXIS-08,Nausea,NON-VISIT,MILD,10017947,Gastrointestinal disorders,NAUSEA,N,3,ADVERSE_EVENTS,1,N,1,1,NONE,1,NOT SERIOUS,1,10028813,999,1,Nausea,0,C008_408,
Headaches,01-10,Y,CONTINUING,10019211,UNRELATED,,20090721,10019231,Headaches NEC,10019233,MAXIS-08,Headache,NON-VISIT,MODERATE,10029205,Nervous system disorders,OCCASIONAL HEADACHE,N,1,ADVERSE_EVENTS,4,Y,3,1,NONE,4,NOT SERIOUS,15,10019211,999,1,Headache,0,C008_408,Headache
Peripheral neuropathies,01-10,N,RESOLVED,10034610,POSSIBLE,20090804.0,20090722,10034606,Peripheral neuropathies NEC,10034607,MAXIS-08,Peripheral neuropathy NOS,NON-VISIT,MILD,10029205,Nervous system disorders,PERIPHERAL NEUROPATHY,N,3,ADVERSE_EVENTS,1,N,1,1,NONE,4,NOT SERIOUS,4,10029331,999,1,Neuropathy peripheral,0,C008_408,Peripheral neuropathy NOS
Peripheral neuropathies,01-10,N,CONTINUING,10034610,POSSIBLE,,20090811,10034606,Peripheral neuropathies NEC,10034607,MAXIS-08,Peripheral neuropathy NOS,NON-VISIT,MILD,10029205,Nervous system disorders,PERIPHERAL NEUROPATHY,N,3,ADVERSE_EVENTS,5,Y,3,1,NONE,3,NOT SERIOUS,18,10029331,999,1,Neuropathy peripheral,0,C008_408,Peripheral neuropathy NOS
Skin vascular abnormalities,01-10,N,RESOLVED,10037549,UNRELATED,20091110.0,20091103,10047043,Purpura and related conditions,10037555,MAXIS-08,Purpura,NON-VISIT,MILD,10040785,Skin and subcutaneous tissue disorders,RIGHT FOCAL ECCHYMOTIC LESION MEDIAL 5TH TOE,N,1,ADVERSE_EVENTS,6,N,1,1,NONE,1,NOT SERIOUS,20,10037549,999,1,Purpura,0,C008_408,Purpura
Joint disorders,01-10,Y,RESOLVED,10023477,UNRELATED,20090818.0,20090815,10023213,Joint related signs and symptoms,10023226,MAXIS-08,Knee pain,NON-VISIT,MODERATE,10028395,Musculoskeletal and connective tissue disorders,SHARP LEFT KNEE PAIN,N,1,ADVERSE_EVENTS,2,N,1,1,NONE,3,NOT SERIOUS,7,10003239,999,1,Arthralgia,0,C008_408,Knee pain
Infections - pathogen unspecified,01-10,N,RESOLVED,10040745,UNRELATED,20100105.0,20091229,10021879,Upper respiratory tract infections,10046309,MAXIS-08,Sinus infection,NON-VISIT,MILD,10021881,Infections and infestations,SINUS INFECTION,N,1,ADVERSE_EVENTS,6,N,1,1,NONE,4,NOT SERIOUS,23,10040753,999,1,Sinusitis,0,C008_408,
Peripheral neuropathies,01-10,N,RESOLVED,10034610,POSSIBLE,20090805.0,20090805,10034606,Peripheral neuropathies NEC,10034607,MAXIS-08,Peripheral neuropathy NOS,NON-VISIT,MILD,10029205,Nervous system disorders,TRANSIENT PERIPHERAL NEUROPATHY,N,3,ADVERSE_EVENTS,2,N,1,1,NONE,1,NOT SERIOUS,5,10029331,999,1,Neuropathy peripheral,0,C008_408,Peripheral neuropathy NOS
Urinary tract signs and symptoms,01-10,Y,RESOLVED,10046593,UNRELATED,20091201.0,20091124,10046590,Bladder and urethral symptoms,10004995,MAXIS-08,Urinary urgency,NON-VISIT,MODERATE,10038359,Renal and urinary disorders,URINARY URGENCY,N,1,ADVERSE_EVENTS,7,N,1,1,NONE,1,NOT SERIOUS,25,10027566,999,1,Micturition urgency,0,C008_408,
Epidermal and dermal conditions,01-10,N,RESOLVED,10040913,UNRELATED,20100105.0,20091222,10014982,"Rashes, eruptions and exanthems NEC",10052566,MAXIS-08,Skin rash,NON-VISIT,MILD,10040785,Skin and subcutaneous tissue disorders,VAGUE SKIN RASH (BACK OF HEAD),N,1,ADVERSE_EVENTS,6,N,1,1,NONE,2,NOT SERIOUS,21,10037844,999,1,Rash,0,C008_408,Skin rash
Neurological disorders NEC,01-10,N,CONTINUING,10049111,POSSIBLE,,20090815,10029305,Sensory abnormalities NEC,10040021,MAXIS-08,Numbness of extremities,NON-VISIT,MODERATE,10029205,Nervous system disorders,VAGUE TINGLING NUMBNESS (KNEE TO THIGH),N,3,ADVERSE_EVENTS,5,Y,3,1,NONE,2,NOT SERIOUS,17,10020937,999,1,Hypoaesthesia,0,C008_408,Numbness of extremities
General system disorders NEC,01-11,N,CONTINUING,10049568,UNLIKELY,,20090903,10018073,General signs and symptoms NEC,10018072,MAXIS-08,Neck swelling,NON-VISIT,MILD,10018065,General disorders and administration site conditions,BILATERAL SUPRACLAVICULAR/LOWER NECK PUFFYNESS,N,2,ADVERSE_EVENTS,4,Y,3,1,NONE,1,NOT SERIOUS,12,10024770,999,1,Local swelling,0,C008_408,Neck swelling
General system disorders NEC,01-11,N,RESOLVED,10008475,UNLIKELY,20090731.0,20090730,10018073,Pain and discomfort NEC,10033372,MAXIS-08,Chest heaviness,NON-VISIT,MILD,10018065,General disorders and administration site conditions,CHEST HEAVINESS,N,2,ADVERSE_EVENTS,2,N,1,1,NONE,1,NOT SERIOUS,5,10008469,999,1,Chest discomfort,0,C008_408,
General system disorders NEC,01-11,N,CONTINUING,10008531,UNLIKELY,,20090725,10018073,Feelings and sensations NEC,10068759,MAXIS-08,Chills,NON-VISIT,MILD,10018065,General disorders and administration site conditions,COLD CHILLS,N,2,ADVERSE_EVENTS,1,Y,3,1,NONE,2,NOT SERIOUS,2,10008531,999,1,Chills,0,C008_408,Chills
Renal and urinary tract investigations and urinalyses,01-11,N,RESOLVED,10011368,UNRELATED,20090805.0,20090804,10038362,Renal function analyses,10038454,MAXIS-08,Creatinine increased,NON-VISIT,MODERATE,10022891,Investigations,CREATININE ELEVATED,N,1,ADVERSE_EVENTS,2,N,1,5,NONE,3,HOSPITALIZATION/PROLONGATION,7,10005483,999,1,Blood creatinine increased,0,C008_408,Creatinine increased
Neurological disorders NEC,01-11,N,CONTINUING,10039994,POSSIBLE,,20091223,10029305,Sensory abnormalities NEC,10040021,MAXIS-08,Sensation loss,NON-VISIT,MILD,10029205,Nervous system disorders,DECREASED PERIANAL SENSATION,N,3,ADVERSE_EVENTS,8,Y,3,1,NONE,4,NOT SERIOUS,30,10040030,999,1,Sensory loss,0,C008_408,Sensation loss
Gastrointestinal motility and defaecation conditions,01-11,N,RESOLVED,10012727,UNRELATED,20090918.0,20090910,10017977,Diarrhoea (excl infective),10012736,MAXIS-08,Diarrhea,NON-VISIT,MILD,10017947,Gastrointestinal disorders,DIARRHEA,N,1,ADVERSE_EVENTS,4,N,1,1,NONE,2,NOT SERIOUS,13,10012735,999,1,Diarrhoea,0,C008_408,
Neurological disorders NEC,01-11,N,RESOLVED,10013573,POSSIBLE,20091106.0,20091104,10029305,Neurological signs and symptoms NEC,10029306,MAXIS-08,Dizziness,NON-VISIT,MILD,10029205,Nervous system disorders,DIZZINESS,N,3,ADVERSE_EVENTS,6,N,1,1,NONE,2,NOT SERIOUS,20,10013573,999,1,Dizziness,0,C008_408,
Neurological disorders NEC,01-11,N,RESOLVED,10013573,UNRELATED,20090731.0,20090730,10029305,Neurological signs and symptoms NEC,10029306,MAXIS-08,Dizziness,NON-VISIT,MILD,10029205,Nervous system disorders,DIZZINESS,N,1,ADVERSE_EVENTS,9,N,1,1,NONE,2,NOT SERIOUS,32,10013573,999,1,Dizziness,0,C008_408,
Skin vascular abnormalities,01-11,N,RESOLVED,10014080,POSSIBLE,20090827.0,20090821,10047043,Purpura and related conditions,10037555,MAXIS-08,Ecchymosis,NON-VISIT,MILD,10040785,Skin and subcutaneous tissue disorders,ECCYMOSIS LEFT KNEE,N,3,ADVERSE_EVENTS,3,N,1,1,NONE,2,NOT SERIOUS,9,10014080,999,1,Ecchymosis,0,C008_408,Ecchymosis
Eye disorders NEC,01-11,N,RESOLVED,10015958,UNRELATED,20091120.0,20091120,10015917,Ocular disorders NEC,10030032,MAXIS-08,Eye pain,NON-VISIT,MILD,10015919,Eye disorders,EYE PAIN,N,1,ADVERSE_EVENTS,7,N,1,1,NONE,3,NOT SERIOUS,25,10015958,999,1,Eye pain,0,C008_408,
General system disorders NEC,01-11,N,CONTINUING,10016256,POSSIBLE,,20090925,10018073,Asthenic conditions,10003550,MAXIS-08,Fatigue,NON-VISIT,MILD,10018065,General disorders and administration site conditions,FATIGUE,N,3,ADVERSE_EVENTS,5,Y,3,1,NONE,2,NOT SERIOUS,17,10016256,999,1,Fatigue,0,C008_408,
Skin vascular abnormalities,01-11,N,CONTINUING,10037860,POSSIBLE,,20091227,10047043,Purpura and related conditions,10037555,MAXIS-08,Rash hemorrhagic,NON-VISIT,MILD,10040785,Skin and subcutaneous tissue disorders,GENERALIZED HEMORRHAGIC SKIN RASH,N,3,ADVERSE_EVENTS,9,Y,3,1,NONE,1,NOT SERIOUS,31,10037549,999,1,Purpura,0,C008_408,Rash hemorrhagic
Skin vascular abnormalities,01-11,N,CONTINUING,10005132,UNRELATED,,20090918,10047043,Skin haemorrhages,10040860,MAXIS-08,Bleeding spot subcutaneous,NON-VISIT,MILD,10040785,Skin and subcutaneous tissue disorders,HEMORRHAGIC SPOTS,N,1,ADVERSE_EVENTS,5,Y,3,1,NONE,1,NOT SERIOUS,16,10018999,999,1,Haemorrhage subcutaneous,0,C008_408,Bleeding spot subcutaneous
Decreased and nonspecific blood pressure disorders and shock,01-11,N,RESOLVED,10021097,UNLIKELY,20091108.0,20091107,10011954,Vascular hypotensive disorders,10057181,MAXIS-08,Hypotension,NON-VISIT,MILD,10047065,Vascular disorders,HYPOTENSION,N,2,ADVERSE_EVENTS,6,N,1,1,NONE,4,NOT SERIOUS,22,10021097,999,1,Hypotension,0,C008_408,
General system disorders NEC,01-11,N,CONTINUING,10047862,POSSIBLE,,20091008,10018073,Asthenic conditions,10003550,MAXIS-08,Weakness,NON-VISIT,MODERATE,10018065,General disorders and administration site conditions,INTERMITTENT WEAKNESS,N,3,ADVERSE_EVENTS,6,Y,3,1,NONE,1,NOT SERIOUS,19,10003549,999,1,Asthenia,0,C008_408,Weakness
General system disorders NEC,01-11,N,CONTINUING,10049568,UNLIKELY,,20090910,10018073,General signs and symptoms NEC,10018072,MAXIS-08,Neck swelling,NON-VISIT,MODERATE,10018065,General disorders and administration site conditions,LEFT LOWER NECK WITH INCREASED PUFFINESS,N,2,ADVERSE_EVENTS,4,Y,3,1,NONE,4,NOT SERIOUS,15,10024770,999,1,Local swelling,0,C008_408,Neck swelling
Neurological disorders NEC,01-11,N,RESOLVED,10024461,UNRELATED,20090731.0,20090730,10029305,Neurological signs and symptoms NEC,10029306,MAXIS-08,Light headedness,NON-VISIT,MILD,10029205,Nervous system disorders,LIGHT HEADEDNESS,N,1,ADVERSE_EVENTS,1,N,1,1,NONE,3,NOT SERIOUS,3,10013573,999,1,Dizziness,0,C008_408,
Appetite and general nutritional disorders,01-11,N,RESOLVED,10003028,UNRELATED,20091015.0,20091008,10003018,Appetite disorders,10003022,MAXIS-08,Appetite lost,NON-VISIT,MILD,10027433,Metabolism and nutrition disorders,LOSS OF APPETITE,N,1,ADVERSE_EVENTS,5,N,1,1,NONE,3,NOT SERIOUS,18,10061428,999,1,Decreased appetite,0,C008_408,Appetite lost
Gastrointestinal signs and symptoms,01-11,N,RESOLVED,10028813,POSSIBLE,20090731.0,20090730,10018012,Nausea and vomiting symptoms,10028817,MAXIS-08,Nausea,NON-VISIT,MILD,10017947,Gastrointestinal disorders,NAUSEA,N,3,ADVERSE_EVENTS,1,N,1,1,NONE,4,NOT SERIOUS,4,10028813,999,1,Nausea,0,C008_408,
Gastrointestinal signs and symptoms,01-11,N,RESOLVED,10028813,PROBABLE,20091106.0,20091106,10018012,Nausea and vomiting symptoms,10028817,MAXIS-08,Nausea,NON-VISIT,MILD,10017947,Gastrointestinal disorders,NAUSEA,N,4,ADVERSE_EVENTS,6,N,1,1,NONE,3,NOT SERIOUS,21,10028813,999,1,Nausea,0,C008_408,
Dental and gingival conditions,01-11,Y,RESOLVED,10044055,UNRELATED,20090724.0,20090724,10044018,Dental pain and sensation disorders,10044049,MAXIS-08,Toothache,NON-VISIT,MILD,10017947,Gastrointestinal disorders,PAIN TO RIGHT JAW AREA (TOOTHACHE),N,1,ADVERSE_EVENTS,1,N,1,1,NONE,1,NOT SERIOUS,1,10044055,999,1,Toothache,0,C008_408,Toothache
Peripheral neuropathies,01-11,N,RESOLVED,10034610,PROBABLE,20100208.0,20091208,10034606,Peripheral neuropathies NEC,10034607,MAXIS-08,Peripheral neuropathy NOS,NON-VISIT,MILD,10029205,Nervous system disorders,PERIPHERAL NEUROPATHY BILATERAL FINGERS AND TOES,N,4,ADVERSE_EVENTS,8,N,1,1,NONE,2,NOT SERIOUS,28,10029331,999,1,Neuropathy peripheral,0,C008_408,Peripheral neuropathy NOS
Peripheral neuropathies,01-11,N,CONTINUING,10034610,PROBABLE,,20100208,10034606,Peripheral neuropathies NEC,10034607,MAXIS-08,Peripheral neuropathy NOS,NON-VISIT,SEVERE,10029205,Nervous system disorders,PERIPHERAL NEUROPATHY BILATERAL FINGERS AND TOES,N,4,ADVERSE_EVENTS,8,Y,3,1,DISCONTINUED,3,NOT SERIOUS,29,10029331,999,5,Neuropathy peripheral,0,C008_408,Peripheral neuropathy NOS
Neurological disorders NEC,01-11,N,RESOLVED,10033987,POSSIBLE,20090924.0,20090903,10029305,Paraesthesias and dysaesthesias,10033788,MAXIS-08,Paresthesia,NON-VISIT,MILD,10029205,Nervous system disorders,PERIPHERAL PARESTHESIA,N,3,ADVERSE_EVENTS,4,N,1,1,NONE,3,NOT SERIOUS,14,10033775,999,1,Paraesthesia,0,C008_408,Paresthesia
Skin vascular abnormalities,01-11,N,RESOLVED,10034756,POSSIBLE,20090903.0,20090827,10047043,Purpura and related conditions,10037555,MAXIS-08,Petechial rash,NON-VISIT,MILD,10040785,Skin and subcutaneous tissue disorders,PETECHIAL SKIN RASH RIGHT THIGH,N,3,ADVERSE_EVENTS,3,N,1,1,NONE,4,NOT SERIOUS,11,10034754,999,1,Petechiae,0,C008_408,Petechial rash
Musculoskeletal and connective tissue disorders NEC,01-11,N,RESOLVED,10028391,UNRELATED,20090903.0,20090827,10028393,Musculoskeletal and connective tissue pain and discomfort,10068757,MAXIS-08,Musculoskeletal pain,NON-VISIT,MILD,10028395,Musculoskeletal and connective tissue disorders,RIGHT INTRACLAVICULAR AREA PAIN,N,1,ADVERSE_EVENTS,3,N,1,1,NONE,3,NOT SERIOUS,10,10028391,999,1,Musculoskeletal pain,0,C008_408,Musculoskeletal pain
Bone disorders (excl congenital and fractures),01-11,Y,RESOLVED,10023157,UNRELATED,20090724.0,20090724,10005959,Bone related signs and symptoms,10006006,MAXIS-08,Jaw pain,NON-VISIT,MODERATE,10028395,Musculoskeletal and connective tissue disorders,RIGHT JAW PAIN,N,1,ADVERSE_EVENTS,7,N,1,1,NONE,4,NOT SERIOUS,26,10033433,999,1,Pain in jaw,0,C008_408,Jaw pain
Head and neck therapeutic procedures,01-11,N,RESOLVED,10062132,UNRELATED,20091015.0,20091015,10019190,Dental and gingival therapeutic procedures,10012317,MAXIS-08,Tooth extraction,NON-VISIT,MODERATE,10042613,Surgical and medical procedures,RIGHT MOLAR TOOTH EXTRACTION,N,1,ADVERSE_EVENTS,8,N,1,1,NONE,1,NOT SERIOUS,27,10062132,999,1,Tooth extraction,0,C008_408,Tooth extraction
General system disorders NEC,01-11,N,RESOLVED,10008479,UNRELATED,20090805.0,20090804,10018073,Pain and discomfort NEC,10033372,MAXIS-08,Chest pain,NON-VISIT,MODERATE,10018065,General disorders and administration site conditions,RIGHT SIDED CHEST PAIN,N,1,ADVERSE_EVENTS,2,N,1,5,NONE,2,HOSPITALIZATION/PROLONGATION,6,10008479,999,1,Chest pain,0,C008_408,Chest pain
Neurological disorders NEC,01-11,N,RESOLVED,10043877,PROBABLE,20091120.0,20091120,10029305,Paraesthesias and dysaesthesias,10033788,MAXIS-08,Tingling feet/hands,NON-VISIT,MILD,10029205,Nervous system disorders,TINGLING HANDS/FEET,N,4,ADVERSE_EVENTS,7,N,1,1,NONE,2,NOT SERIOUS,24,10033775,999,1,Paraesthesia,0,C008_408,Tingling feet/hands
Gastrointestinal signs and symptoms,01-11,N,RESOLVED,10046318,UNLIKELY,20091113.0,20091113,10018012,Gastrointestinal signs and symptoms NEC,10027678,MAXIS-08,Upset stomach,NON-VISIT,MILD,10017947,Gastrointestinal disorders,UPSET STOMACH,N,2,ADVERSE_EVENTS,7,N,1,1,NONE,1,NOT SERIOUS,23,10000059,999,1,Abdominal discomfort,0,C008_408,
General system disorders NEC,01-11,N,RESOLVED,10047862,UNRELATED,20090814.0,20090812,10018073,Asthenic conditions,10003550,MAXIS-08,Weakness,NON-VISIT,MILD,10018065,General disorders and administration site conditions,WEAKNESS,N,1,ADVERSE_EVENTS,3,N,1,1,NONE,1,NOT SERIOUS,8,10003549,999,1,Asthenia,0,C008_408,
Anaemias nonhaemolytic and marrow depression,01-12,Y,CONTINUING,10002272,POSSIBLE,,20090913,10002086,Anaemias NEC,10002067,MAXIS-08,Anemia,NON-VISIT,SEVERE,10005329,Blood and lymphatic system disorders,ANEMIA,N,3,ADVERSE_EVENTS,1,Y,3,5,NONE,3,HOSPITALIZATION/PROLONGATION,3,10002034,999,1,Anaemia,0,C008_408,
General system disorders NEC,01-12,Y,CONTINUING,10048971,UNRELATED,,20090907,10018073,Pain and discomfort NEC,10033372,MAXIS-08,General body pain,NON-VISIT,SEVERE,10018065,General disorders and administration site conditions,BODY PAINS,N,1,ADVERSE_EVENTS,2,Y,3,5,NONE,4,HOSPITALIZATION/PROLONGATION,8,10033371,999,1,Pain,0,C008_408,General body pain
Deliria (incl confusion),01-12,N,CONTINUING,10010300,UNRELATED,,20090907,10012221,Confusion and disorientation,10010301,MAXIS-08,Confusion,NON-VISIT,LIFE THREATENING,10037175,Psychiatric disorders,CONFUSION,N,1,ADVERSE_EVENTS,2,Y,3,5,NONE,2,HOSPITALIZATION/PROLONGATION,6,10010305,999,1,Confusional state,0,C008_408,
General system disorders NEC,01-12,N,PATIENT DIED,10061818,UNRELATED,20090927.0,20090927,10018073,General signs and symptoms NEC,10018072,MAXIS-08,Disease progression,NON-VISIT,FATAL,10018065,General disorders and administration site conditions,DISEASE PROGRESSION,N,1,ADVERSE_EVENTS,2,N,4,5,NONE,3,HOSPITALIZATION/PROLONGATION,7,10061818,999,1,Disease progression,0,C008_408,
Electrolyte and fluid balance conditions,01-12,Y,RESOLVED,10021018,UNRELATED,20090910.0,20090908,10014412,Potassium imbalance,10036451,MAXIS-08,Hypokalemia,NON-VISIT,SEVERE,10027433,Metabolism and nutrition disorders,HYPOKALEMIA,N,1,ADVERSE_EVENTS,2,N,1,5,NONE,1,HOSPITALIZATION/PROLONGATION,5,10021015,999,1,Hypokalaemia,0,C008_408,
Sleep disorders and disturbances,01-12,Y,RESOLVED,10022437,UNLIKELY,20090904.0,20090903,10040991,Disturbances in initiating and maintaining sleep,10013510,MAXIS-08,Insomnia,NON-VISIT,MILD,10037175,Psychiatric disorders,INSOMNIA,N,2,ADVERSE_EVENTS,1,N,1,1,NONE,1,NOT SERIOUS,1,10022437,999,1,Insomnia,0,C008_408,
White blood cell disorders,01-12,N,RESOLVED,10024283,POSSIBLE,20090911.0,20090907,10047954,Leukopenias NEC,10024385,MAXIS-08,Leucopenia,NON-VISIT,MODERATE,10005329,Blood and lymphatic system disorders,LEUCOPENIA,N,3,ADVERSE_EVENTS,1,N,1,5,NONE,4,HOSPITALIZATION/PROLONGATION,4,10024384,999,1,Leukopenia,0,C008_408,
Medication errors,01-12,Y,CONTINUING,10068719,UNRELATED,,20090907,10064289,Overdoses,10033296,MAXIS-08,Drug overdose,NON-VISIT,SEVERE,10022117,"Injury, poisoning and procedural complications",NARCOTIC OVERDOSE,N,1,ADVERSE_EVENTS,1,Y,3,5,NONE,2,HOSPITALIZATION/PROLONGATION,2,10033295,999,1,Overdose,0,C008_408,Drug overdose
Anaemias nonhaemolytic and marrow depression,01-13,Y,RESOLVED,10002272,UNRELATED,20091002.0,20091001,10002086,Anaemias NEC,10002067,MAXIS-08,Anemia,NON-VISIT,SEVERE,10005329,Blood and lymphatic system disorders,ANEMIA,N,1,ADVERSE_EVENTS,1,N,1,1,NONE,2,NOT SERIOUS,2,10002034,999,1,Anaemia,0,C008_408,
Anaemias nonhaemolytic and marrow depression,01-13,Y,RESOLVED,10002272,UNRELATED,20091028.0,20091014,10002086,Anaemias NEC,10002067,MAXIS-08,Anemia,NON-VISIT,MODERATE,10005329,Blood and lymphatic system disorders,ANEMIA,N,1,ADVERSE_EVENTS,2,N,1,1,NONE,4,NOT SERIOUS,8,10002034,999,1,Anaemia,0,C008_408,
Anxiety disorders and symptoms,01-13,Y,RESOLVED,10002855,UNLIKELY,20091027.0,20091023,10002861,Anxiety symptoms,10002869,MAXIS-08,Anxiety,NON-VISIT,MODERATE,10037175,Psychiatric disorders,ANXIETY,N,2,ADVERSE_EVENTS,2,N,1,1,NONE,2,NOT SERIOUS,6,10002855,999,1,Anxiety,0,C008_408,
Metastases,01-13,N,RESOLVED,10027453,UNRELATED,20091028.0,20091023,10027476,Metastases to specified sites,10027467,MAXIS-08,Metastases to brain,NON-VISIT,SEVERE,10029104,"Neoplasms benign, malignant and unspecified (incl cysts and polyps)",CENTRAL NERVOUS SYSTEM INVOLVEMENT,N,1,ADVERSE_EVENTS,4,N,1,5,DISCONTINUED,1,HOSPITALIZATION/PROLONGATION,11,10059282,999,5,Metastases to central nervous system,0,C008_408,Metastases to brain
Gastrointestinal motility and defaecation conditions,01-13,N,RESOLVED,10012727,POSSIBLE,20091013.0,20091009,10017977,Diarrhoea (excl infective),10012736,MAXIS-08,Diarrhea,NON-VISIT,MILD,10017947,Gastrointestinal disorders,DIARRHEA,N,3,ADVERSE_EVENTS,3,N,1,1,NONE,1,NOT SERIOUS,9,10012735,999,1,Diarrhoea,0,C008_408,
Gastrointestinal motility and defaecation conditions,01-13,Y,RESOLVED,10017924,UNRELATED,20091027.0,20091027,10017977,Gastrointestinal atonic and hypomotility disorders NEC,10017933,MAXIS-08,Gastroesophageal reflux,NON-VISIT,MILD,10017947,Gastrointestinal disorders,GASTRIC REFLUX,N,1,ADVERSE_EVENTS,2,N,1,1,NONE,3,NOT SERIOUS,7,10017885,999,1,Gastrooesophageal reflux disease,0,C008_408,Gastroesophageal reflux
General system disorders NEC,01-13,N,CONTINUING,10016256,UNRELATED,,20091001,10018073,Asthenic conditions,10003550,MAXIS-08,Fatigue,NON-VISIT,MILD,10018065,General disorders and administration site conditions,INTERMITTENT FATIGUE,N,1,ADVERSE_EVENTS,1,Y,3,1,NONE,1,NOT SERIOUS,1,10016256,999,1,Fatigue,0,C008_408,Fatigue
Gastrointestinal signs and symptoms,01-13,Y,CONTINUING,10028813,UNRELATED,,20091007,10018012,Nausea and vomiting symptoms,10028817,MAXIS-08,Nausea,NON-VISIT,MILD,10017947,Gastrointestinal disorders,INTERMITTENT NAUSEA,N,1,ADVERSE_EVENTS,1,Y,3,1,NONE,3,NOT SERIOUS,3,10028813,999,1,Nausea,0,C008_408,Nausea
Respiratory disorders NEC,01-13,N,RESOLVED,10035623,UNRELATED,20091013.0,20091012,10038716,Lower respiratory tract signs and symptoms,10024976,MAXIS-08,Pleuritic pain,NON-VISIT,MILD,10038738,"Respiratory, thoracic and mediastinal disorders",PLEURITIC CHEST PAIN,N,1,ADVERSE_EVENTS,2,N,1,5,NONE,1,HOSPITALIZATION/PROLONGATION,5,10035623,999,1,Pleuritic pain,0,C008_408,Pleuritic pain
Respiratory disorders NEC,01-13,N,RESOLVED,10040604,UNRELATED,20091013.0,20091012,10038716,Breathing abnormalities,10006334,MAXIS-08,Shortness of breath,NON-VISIT,MILD,10038738,"Respiratory, thoracic and mediastinal disorders",SHORTNESS OF BREATH,N,1,ADVERSE_EVENTS,1,N,1,5,NONE,4,HOSPITALIZATION/PROLONGATION,4,10013968,999,1,Dyspnoea,0,C008_408,
Infections - pathogen unspecified,01-13,Y,CONTINUING,10046571,UNLIKELY,,20091013,10021879,Urinary tract infections,10046577,MAXIS-08,Urinary tract infection,NON-VISIT,MODERATE,10021881,Infections and infestations,URINARY TRACT INFECTION,N,2,ADVERSE_EVENTS,3,Y,3,1,NONE,2,NOT SERIOUS,10,10046571,999,1,Urinary tract infection,0,C008_408,
Bacterial infectious disorders,01-14,Y,RESOLVED,10054088,UNRELATED,20091117.0,20091103,10004018,Bacterial infections NEC,10004047,MAXIS-08,Urinary tract infection bacterial,NON-VISIT,MODERATE,10021881,Infections and infestations,BACTERIAL INFECTION (URINARY TRACT INFECTION),N,1,ADVERSE_EVENTS,2,N,1,1,NONE,2,NOT SERIOUS,5,10054088,999,1,Urinary tract infection bacterial,0,C008_408,Urinary tract infection bacterial
General system disorders NEC,01-14,N,CONTINUING,10009863,PROBABLE,,20091201,10018073,Feelings and sensations NEC,10068759,MAXIS-08,Cold intolerance,NON-VISIT,MILD,10018065,General disorders and administration site conditions,COLD SENSITIVITY IN HANDS,N,4,ADVERSE_EVENTS,5,Y,3,1,NONE,3,NOT SERIOUS,17,10057040,999,1,Temperature intolerance,0,C008_408,Cold intolerance
Gastrointestinal motility and defaecation conditions,01-14,Y,RESOLVED,10012727,POSSIBLE,20091117.0,20091110,10017977,Diarrhoea (excl infective),10012736,MAXIS-08,Diarrhea,NON-VISIT,MODERATE,10017947,Gastrointestinal disorders,DIARRHEA,N,3,ADVERSE_EVENTS,3,N,1,1,NONE,1,NOT SERIOUS,8,10012735,999,1,Diarrhoea,0,C008_408,
Urinary tract signs and symptoms,01-14,N,RESOLVED,10013990,UNRELATED,20091103.0,20091102,10046590,Bladder and urethral symptoms,10004995,MAXIS-08,Dysuria,NON-VISIT,MILD,10038359,Renal and urinary disorders,DYSURIA,N,1,ADVERSE_EVENTS,2,N,1,1,NONE,1,NOT SERIOUS,4,10013990,999,1,Dysuria,0,C008_408,
Infections - pathogen unspecified,01-14,Y,CONTINUING,10046914,UNRELATED,,20091208,10021879,Female reproductive tract infections,10038586,MAXIS-08,Vaginal infection,NON-VISIT,MODERATE,10021881,Infections and infestations,FUNGAL INFECTION/VAGINAL AREA,N,1,ADVERSE_EVENTS,5,Y,3,1,NONE,4,NOT SERIOUS,18,10046914,999,1,Vaginal infection,0,C008_408,Vaginal infection
Urinary tract signs and symptoms,01-14,N,RESOLVED,10019450,UNRELATED,20100106.0,20100105,10046590,Urinary abnormalities,10000196,MAXIS-08,Hematuria,NON-VISIT,MODERATE,10038359,Renal and urinary disorders,GROSS HEMATURIA,N,1,ADVERSE_EVENTS,4,N,1,1,NONE,3,NOT SERIOUS,13,10018867,999,1,Haematuria,0,C008_408,Hematuria
Headaches,01-14,N,RESOLVED,10019211,UNLIKELY,20091111.0,20091111,10019231,Headaches NEC,10019233,MAXIS-08,Headache,NON-VISIT,MILD,10029205,Nervous system disorders,HEADACHE,N,2,ADVERSE_EVENTS,5,N,1,1,NONE,2,NOT SERIOUS,16,10019211,999,1,Headache,0,C008_408,
General system disorders NEC,01-14,N,CONTINUING,10016256,POSSIBLE,,20091103,10018073,Asthenic conditions,10003550,MAXIS-08,Fatigue,NON-VISIT,MILD,10018065,General disorders and administration site conditions,INTERMITTENT FATIGUE,N,3,ADVERSE_EVENTS,1,Y,3,1,NONE,3,NOT SERIOUS,3,10016256,999,1,Fatigue,0,C008_408,Fatigue
Administration site reactions,01-14,N,RESOLVED,10053483,UNLIKELY,20091111.0,20091110,10001316,Infusion site reactions,10068753,MAXIS-08,Infusion site pain,NON-VISIT,MILD,10018065,General disorders and administration site conditions,LEFT ARM IV SITE PAIN,N,2,ADVERSE_EVENTS,2,N,1,1,INTERRUPTED,4,NOT SERIOUS,7,10053483,999,3,Infusion site pain,0,C008_408,Infusion site pain
Neurological disorders NEC,01-14,N,CONTINUING,10033987,POSSIBLE,,20091201,10029305,Paraesthesias and dysaesthesias,10033788,MAXIS-08,Paresthesia,NON-VISIT,MILD,10029205,Nervous system disorders,PARESTHESIA (FEET/HAND),N,3,ADVERSE_EVENTS,4,Y,3,1,NONE,1,NOT SERIOUS,11,10033775,999,1,Paraesthesia,0,C008_408,Paresthesia
Anal and rectal conditions NEC,01-14,Y,RESOLVED,10038072,UNRELATED,20091028.0,20091028,10002112,Anal and rectal pains,10002115,MAXIS-08,Rectal pain,NON-VISIT,SEVERE,10017947,Gastrointestinal disorders,RECTAL PAIN,N,1,ADVERSE_EVENTS,1,N,1,1,NONE,2,NOT SERIOUS,2,10036772,999,1,Proctalgia,0,C008_408,
Anal and rectal conditions NEC,01-14,Y,RESOLVED,10038072,UNRELATED,20091118.0,20091117,10002112,Anal and rectal pains,10002115,MAXIS-08,Rectal pain,NON-VISIT,MILD,10017947,Gastrointestinal disorders,RECTAL PAIN,N,1,ADVERSE_EVENTS,3,N,1,1,NONE,2,NOT SERIOUS,9,10036772,999,1,Proctalgia,0,C008_408,
Anal and rectal conditions NEC,01-14,Y,RESOLVED,10038072,UNRELATED,20091118.0,20091118,10002112,Anal and rectal pains,10002115,MAXIS-08,Rectal pain,NON-VISIT,SEVERE,10017947,Gastrointestinal disorders,RECTAL PAIN,N,1,ADVERSE_EVENTS,3,N,1,1,NONE,3,NOT SERIOUS,10,10036772,999,1,Proctalgia,0,C008_408,
Anal and rectal conditions NEC,01-14,Y,RESOLVED,10038072,UNRELATED,20100129.0,20100125,10002112,Anal and rectal pains,10002115,MAXIS-08,Rectal pain,NON-VISIT,SEVERE,10017947,Gastrointestinal disorders,RECTAL PAIN,N,1,ADVERSE_EVENTS,4,N,1,5,NONE,2,HOSPITALIZATION/PROLONGATION,12,10036772,999,1,Proctalgia,0,C008_408,
Gastrointestinal signs and symptoms,01-14,N,RESOLVED,10000059,UNRELATED,20091230.0,20091229,10018012,Gastrointestinal signs and symptoms NEC,10027678,MAXIS-08,Abdominal discomfort,NON-VISIT,MILD,10017947,Gastrointestinal disorders,RIGHT ABD QUADRANT DISCOMFORT,N,1,ADVERSE_EVENTS,4,N,1,1,NONE,4,NOT SERIOUS,14,10000059,999,1,Abdominal discomfort,0,C008_408,Abdominal discomfort
Musculoskeletal and connective tissue disorders NEC,01-14,Y,RESOLVED,10024130,UNRELATED,20091111.0,20091104,10028393,Musculoskeletal and connective tissue pain and discomfort,10068757,MAXIS-08,Leg pain,NON-VISIT,MILD,10028395,Musculoskeletal and connective tissue disorders,RIGHT LEG PAIN,N,1,ADVERSE_EVENTS,2,N,1,1,NONE,3,NOT SERIOUS,6,10033425,999,1,Pain in extremity,0,C008_408,Leg pain
Cornification and dystrophic skin disorders,01-14,N,CONTINUING,10020649,UNRELATED,,20091208,10011063,Hyperkeratoses,10020648,MAXIS-08,Hyperkeratosis,NON-VISIT,MILD,10040785,Skin and subcutaneous tissue disorders,SOLE-HYPERKERATOTIC ON THE RIGHT FOOT,N,1,ADVERSE_EVENTS,5,Y,3,1,NONE,1,NOT SERIOUS,15,10020649,999,1,Hyperkeratosis,0,C008_408,Hyperkeratosis
Cardiac arrhythmias,01-14,N,CONTINUING,10043071,UNRELATED,,20100125,10007521,Rate and rhythm disorders NEC,10037908,MAXIS-08,Tachycardia,NON-VISIT,MILD,10007541,Cardiac disorders,TACHYCARDIA,N,1,ADVERSE_EVENTS,6,Y,3,1,NONE,3,NOT SERIOUS,21,10043071,999,1,Tachycardia,0,C008_408,
Infections - pathogen unspecified,01-14,Y,RESOLVED,10046571,UNRELATED,20100104.0,20091229,10021879,Urinary tract infections,10046577,MAXIS-08,Urinary tract infection,NON-VISIT,MODERATE,10021881,Infections and infestations,URINARY TRACT INFECTION,N,1,ADVERSE_EVENTS,6,N,1,1,NONE,2,NOT SERIOUS,20,10046571,999,1,Urinary tract infection,0,C008_408,
Vulvovaginal disorders (excl infections and inflammations),01-14,Y,CONTINUING,10046918,POSSIBLE,,20091209,10047789,Vulvovaginal signs and symptoms,10047792,MAXIS-08,Vaginal itching,NON-VISIT,MILD,10038604,Reproductive system and breast disorders,VAGINAL ITCHING,N,3,ADVERSE_EVENTS,6,Y,3,1,NONE,1,NOT SERIOUS,19,10056530,999,1,Vulvovaginal pruritus,0,C008_408,
Embolism and thrombosis,01-14,N,RESOLVED,10009667,UNRELATED,20091028.0,20091027,10014523,Non-site specific embolism and thrombosis,10014524,MAXIS-08,Clot blood,NON-VISIT,MODERATE,10047065,Vascular disorders,VOIDED QUARTER SIZE BLOOD CLOT,N,1,ADVERSE_EVENTS,1,N,1,1,NONE,1,NOT SERIOUS,1,10043607,999,1,Thrombosis,0,C008_408,Clot blood
Anaemias nonhaemolytic and marrow depression,01-15,Y,RESOLVED,10002272,UNRELATED,20100406.0,20100402,10002086,Anaemias NEC,10002067,MAXIS-08,Anemia,NON-VISIT,MODERATE,10005329,Blood and lymphatic system disorders,ANEMIA,N,1,ADVERSE_EVENTS,2,N,1,1,NONE,1,NOT SERIOUS,5,10002034,999,1,Anaemia,0,C008_408,
Anxiety disorders and symptoms,01-15,N,CONTINUING,10002855,UNRELATED,,20100414,10002861,Anxiety symptoms,10002869,MAXIS-08,Anxiety,NON-VISIT,MILD,10037175,Psychiatric disorders,ANXIETY,N,1,ADVERSE_EVENTS,2,Y,3,1,NONE,2,NOT SERIOUS,6,10002855,999,1,Anxiety,0,C008_408,
Respiratory disorders NEC,01-15,N,CONTINUING,10011224,UNRELATED,,20100504,10038716,Coughing and associated symptoms,10011233,MAXIS-08,Cough,NON-VISIT,MILD,10038738,"Respiratory, thoracic and mediastinal disorders",COLD SYMPTOMS (COUGH),N,1,ADVERSE_EVENTS,4,Y,3,1,NONE,3,NOT SERIOUS,15,10011224,999,1,Cough,0,C008_408,Cough
Gastrointestinal motility and defaecation conditions,01-15,N,RESOLVED,10010774,UNLIKELY,20100331.0,20100331,10017977,Gastrointestinal atonic and hypomotility disorders NEC,10017933,MAXIS-08,Constipation,NON-VISIT,MILD,10017947,Gastrointestinal disorders,CONSTIPATION,N,2,ADVERSE_EVENTS,1,N,1,1,NONE,2,NOT SERIOUS,2,10010774,999,1,Constipation,0,C008_408,
General system disorders NEC,01-15,N,CONTINUING,10016256,POSSIBLE,,20100417,10018073,Asthenic conditions,10003550,MAXIS-08,Fatigue,NON-VISIT,MODERATE,10018065,General disorders and administration site conditions,FATIGUE,N,3,ADVERSE_EVENTS,3,Y,3,1,NONE,3,NOT SERIOUS,11,10016256,999,1,Fatigue,0,C008_408,
Gastrointestinal motility and defaecation conditions,01-15,N,CONTINUING,10010774,PROBABLE,,20100417,10017977,Gastrointestinal atonic and hypomotility disorders NEC,10017933,MAXIS-08,Constipation,NON-VISIT,MILD,10017947,Gastrointestinal disorders,INTERMITTENT CONSTIPATION,N,4,ADVERSE_EVENTS,3,Y,3,1,NONE,1,NOT SERIOUS,9,10010774,999,1,Constipation,0,C008_408,Constipation
Gastrointestinal signs and symptoms,01-15,Y,CONTINUING,10028813,PROBABLE,,20100418,10018012,Nausea and vomiting symptoms,10028817,MAXIS-08,Nausea,NON-VISIT,MILD,10017947,Gastrointestinal disorders,INTERMITTENT NAUSEA,N,4,ADVERSE_EVENTS,3,Y,3,1,NONE,2,NOT SERIOUS,10,10028813,999,1,Nausea,0,C008_408,Nausea
General system disorders NEC,01-15,N,CONTINUING,10009863,POSSIBLE,,20100405,10018073,Feelings and sensations NEC,10068759,MAXIS-08,Cold intolerance,NON-VISIT,MODERATE,10018065,General disorders and administration site conditions,INTOLERANCE TO COLD IN FINGERS,N,3,ADVERSE_EVENTS,2,Y,3,1,NONE,3,NOT SERIOUS,7,10057040,999,1,Temperature intolerance,0,C008_408,Cold intolerance
Neurological disorders NEC,01-15,N,CONTINUING,10029829,POSSIBLE,,20100405,10029305,Sensory abnormalities NEC,10040021,MAXIS-08,Numbness,NON-VISIT,MODERATE,10029205,Nervous system disorders,LEFT MAXILLARY SINUS NUMBNESS,N,3,ADVERSE_EVENTS,1,Y,3,1,NONE,3,NOT SERIOUS,3,10020937,999,1,Hypoaesthesia,0,C008_408,Numbness
Headaches,01-15,N,CONTINUING,10040747,POSSIBLE,,20100405,10019231,Headaches NEC,10019233,MAXIS-08,Sinus pain,NON-VISIT,MODERATE,10029205,Nervous system disorders,LEFT MAXILLARY SINUS PAIN,N,3,ADVERSE_EVENTS,4,Y,3,1,NONE,4,NOT SERIOUS,16,10040744,999,1,Sinus headache,0,C008_408,Sinus pain
"Arteriosclerosis, stenosis, vascular insufficiency and necrosis",01-15,N,CONTINUING,10009875,UNRELATED,,20100405,10003216,"Peripheral vasoconstriction, necrosis and vascular insufficiency",10034640,MAXIS-08,Coldness of lower extremities,NON-VISIT,MILD,10047065,Vascular disorders,LOWER EXTREMITY COLDNESS,N,1,ADVERSE_EVENTS,1,Y,3,1,NONE,4,NOT SERIOUS,4,10034568,999,1,Peripheral coldness,0,C008_408,Coldness of lower extremities
Gastrointestinal signs and symptoms,01-15,N,RESOLVED,10028813,POSSIBLE,20100413.0,20100330,10018012,Nausea and vomiting symptoms,10028817,MAXIS-08,Nausea,NON-VISIT,MILD,10017947,Gastrointestinal disorders,NAUSEA,N,3,ADVERSE_EVENTS,1,N,1,1,NONE,1,NOT SERIOUS,1,10028813,999,1,Nausea,0,C008_408,
Peripheral neuropathies,01-15,N,CONTINUING,10029328,PROBABLE,,20100428,10034606,Peripheral neuropathies NEC,10034607,MAXIS-08,Neuropathy,NON-VISIT,MODERATE,10029205,Nervous system disorders,NEUROPATHY IN FINGERS/FEET,N,4,ADVERSE_EVENTS,4,Y,3,1,NONE,2,NOT SERIOUS,14,10029331,999,1,Neuropathy peripheral,0,C008_408,Neuropathy
Eye disorders NEC,01-15,N,CONTINUING,10033397,POSSIBLE,,20100417,10015917,Ocular disorders NEC,10030032,MAXIS-08,Pain eye,NON-VISIT,MILD,10015919,Eye disorders,OCCASSIONAL FACE (EYE) PAIN,N,3,ADVERSE_EVENTS,4,Y,3,1,NONE,1,NOT SERIOUS,13,10015958,999,1,Eye pain,0,C008_408,Pain eye
Neurological disorders NEC,01-15,N,RESOLVED,10043126,POSSIBLE,20100402.0,20100331,10029305,Sensory abnormalities NEC,10040021,MAXIS-08,Taste altered,NON-VISIT,MILD,10029205,Nervous system disorders,TASTE ALTERED,N,3,ADVERSE_EVENTS,2,N,1,1,NONE,4,NOT SERIOUS,8,10013911,999,1,Dysgeusia,0,C008_408,
Upper respiratory tract disorders (excl infections),01-15,N,RESOLVED,10038196,POSSIBLE,20100428.0,20100427,10046304,Pharyngeal disorders (excl infections and neoplasms),10034823,MAXIS-08,Red throat,NON-VISIT,MILD,10038738,"Respiratory, thoracic and mediastinal disorders",THROAT MILDLY REDDENED,N,3,ADVERSE_EVENTS,3,N,1,1,NONE,4,NOT SERIOUS,12,10057009,999,1,Pharyngeal erythema,0,C008_408,Red throat
General system disorders NEC,01-16,N,RESOLVED,10009863,POSSIBLE,20100810.0,20100713,10018073,Feelings and sensations NEC,10068759,MAXIS-08,Cold intolerance,NON-VISIT,MILD,10018065,General disorders and administration site conditions,COLD INTOLERANCE TO TOUCH (FINGERS),N,3,ADVERSE_EVENTS,4,N,1,1,NONE,3,NOT SERIOUS,14,10057040,999,1,Temperature intolerance,0,C008_408,Cold intolerance
Hepatobiliary investigations,01-16,N,RESOLVED,10003544,POSSIBLE,20100629.0,20100628,10019809,Liver function analyses,10024689,MAXIS-08,AST increased,NON-VISIT,MODERATE,10022891,Investigations,ELEVATED AST,N,3,ADVERSE_EVENTS,2,N,1,1,NONE,4,NOT SERIOUS,7,10003481,999,1,Aspartate aminotransferase increased,0,C008_408,AST increased
Hepatobiliary investigations,01-16,N,RESOLVED,10003544,POSSIBLE,20100810.0,20100708,10019809,Liver function analyses,10024689,MAXIS-08,AST increased,NON-VISIT,MODERATE,10022891,Investigations,ELEVATED AST,N,3,ADVERSE_EVENTS,3,N,1,1,NONE,4,NOT SERIOUS,11,10003481,999,1,Aspartate aminotransferase increased,0,C008_408,AST increased
Vascular disorders NEC,01-16,Y,RESOLVED,10016046,POSSIBLE,20100703.0,20100630,10047066,Peripheral vascular disorders NEC,10034638,MAXIS-08,Facial flushing,NON-VISIT,MILD,10047065,Vascular disorders,FACIAL FLUSHING,N,3,ADVERSE_EVENTS,2,N,1,1,NONE,3,NOT SERIOUS,6,10016825,999,1,Flushing,0,C008_408,
Vascular disorders NEC,01-16,Y,RESOLVED,10016046,POSSIBLE,20100810.0,20100714,10047066,Peripheral vascular disorders NEC,10034638,MAXIS-08,Facial flushing,NON-VISIT,MILD,10047065,Vascular disorders,FACIAL FLUSHING,N,3,ADVERSE_EVENTS,5,N,1,1,NONE,2,NOT SERIOUS,17,10016825,999,1,Flushing,0,C008_408,
General system disorders NEC,01-16,N,RESOLVED,10016256,POSSIBLE,20100617.0,20100617,10018073,Asthenic conditions,10003550,MAXIS-08,Fatigue,NON-VISIT,MILD,10018065,General disorders and administration site conditions,FATIGUE,N,3,ADVERSE_EVENTS,1,N,1,1,NONE,2,NOT SERIOUS,2,10016256,999,1,Fatigue,0,C008_408,
General system disorders NEC,01-16,N,RESOLVED,10016256,POSSIBLE,20100810.0,20100713,10018073,Asthenic conditions,10003550,MAXIS-08,Fatigue,NON-VISIT,MILD,10018065,General disorders and administration site conditions,FATIGUE,N,3,ADVERSE_EVENTS,4,N,1,1,NONE,4,NOT SERIOUS,15,10016256,999,1,Fatigue,0,C008_408,
Body temperature conditions,01-16,Y,RESOLVED,10016558,POSSIBLE,20100630.0,20100630,10005908,Febrile disorders,10016286,MAXIS-08,Fever,NON-VISIT,MODERATE,10018065,General disorders and administration site conditions,FEVER,N,3,ADVERSE_EVENTS,2,N,1,1,NONE,2,NOT SERIOUS,5,10037660,999,1,Pyrexia,0,C008_408,
Body temperature conditions,01-16,Y,RESOLVED,10016558,POSSIBLE,20100714.0,20100714,10005908,Febrile disorders,10016286,MAXIS-08,Fever,NON-VISIT,MILD,10018065,General disorders and administration site conditions,FEVER,N,3,ADVERSE_EVENTS,5,N,1,1,NONE,1,NOT SERIOUS,16,10037660,999,1,Pyrexia,0,C008_408,
Body temperature conditions,01-16,Y,RESOLVED,10016559,POSSIBLE,20100630.0,20100630,10005908,Febrile disorders,10016286,MAXIS-08,Fever chills,NON-VISIT,MILD,10018065,General disorders and administration site conditions,FEVER (CHILLS),N,3,ADVERSE_EVENTS,2,N,1,1,NONE,1,NOT SERIOUS,4,10037660,999,1,Pyrexia,0,C008_408,Fever chills
Sleep disorders and disturbances,01-16,N,RESOLVED,10022437,UNRELATED,20100810.0,20100630,10040991,Disturbances in initiating and maintaining sleep,10013510,MAXIS-08,Insomnia,NON-VISIT,MILD,10037175,Psychiatric disorders,INTERMITTENT INSOMNIA,N,1,ADVERSE_EVENTS,3,N,1,1,NONE,1,NOT SERIOUS,8,10022437,999,1,Insomnia,0,C008_408,Insomnia
White blood cell disorders,01-16,N,CONTINUING,10025327,POSSIBLE,,20100708,10047954,Leukopenias NEC,10024385,MAXIS-08,Lymphopenia,NON-VISIT,MODERATE,10005329,Blood and lymphatic system disorders,LYMPHOPENIA,N,3,ADVERSE_EVENTS,4,Y,3,1,NONE,2,NOT SERIOUS,13,10025327,999,1,Lymphopenia,0,C008_408,
Epidermal and dermal conditions,01-16,N,RESOLVED,10040842,UNRELATED,20100810.0,20100709,10014982,Erythemas,10015151,MAXIS-08,Skin erythema,NON-VISIT,MILD,10040785,Skin and subcutaneous tissue disorders,MINOR SKIN ERYTHEMA (CHEST WALL),N,1,ADVERSE_EVENTS,3,N,1,1,NONE,3,NOT SERIOUS,10,10015150,999,1,Erythema,0,C008_408,Skin erythema
Infections - pathogen unspecified,01-16,N,RESOLVED,10034835,POSSIBLE,20100708.0,20100630,10021879,Upper respiratory tract infections,10046309,MAXIS-08,Pharyngitis,NON-VISIT,MILD,10021881,Infections and infestations,PHARYNGITIS,N,3,ADVERSE_EVENTS,1,N,1,1,NONE,3,NOT SERIOUS,3,10034835,999,1,Pharyngitis,0,C008_408,
Platelet disorders,01-16,N,RESOLVED,10043554,POSSIBLE,20100726.0,20100708,10035534,Thrombocytopenias,10043555,MAXIS-08,Thrombocytopenia,NON-VISIT,MODERATE,10005329,Blood and lymphatic system disorders,THROMBOCYTOPENIA,N,3,ADVERSE_EVENTS,4,N,1,1,NONE,1,NOT SERIOUS,12,10043554,999,1,Thrombocytopenia,0,C008_408,
Platelet disorders,01-16,N,RESOLVED,10043554,POSSIBLE,20100810.0,20100726,10035534,Thrombocytopenias,10043555,MAXIS-08,Thrombocytopenia,NON-VISIT,SEVERE,10005329,Blood and lymphatic system disorders,THROMBOCYTOPENIA,N,3,ADVERSE_EVENTS,5,N,1,1,DOSE REDUCED AND INTERRUPTED,3,NOT SERIOUS,18,10043554,999,4,Thrombocytopenia,0,C008_408,
Neurological disorders NEC,01-16,N,RESOLVED,10043877,POSSIBLE,20100622.0,20100616,10029305,Paraesthesias and dysaesthesias,10033788,MAXIS-08,Tingling feet/hands,NON-VISIT,MILD,10029205,Nervous system disorders,TRANSIENT EPISODE OF TINGLING IN HANDS,N,3,ADVERSE_EVENTS,1,N,1,1,NONE,1,NOT SERIOUS,1,10033775,999,1,Paraesthesia,0,C008_408,Tingling feet/hands
Body temperature conditions,01-16,N,RESOLVED,10016558,POSSIBLE,20100703.0,20100630,10005908,Febrile disorders,10016286,MAXIS-08,Fever,NON-VISIT,MILD,10018065,General disorders and administration site conditions,TRANSIENT FEVER,N,3,ADVERSE_EVENTS,3,N,1,1,NONE,2,NOT SERIOUS,9,10037660,999,1,Pyrexia,0,C008_408,Fever
