﻿STUDY,DCMNAME,PT,CPEVENT,QUALIFYV,VISIT,LUNIT,SUBEVE,REPEATSN,INVSITE,LPARM,LVALUE2,LABQSN1
MAXIS-08,LABS_BIO,01-01,BASELINE,1,1,NG/ML,0,1,C008_408,PSA,,
MAXIS-08,LABS_BIO,01-01,BASELINE,1,1,IU/ML,0,2,C008_408,CA-125,58.0,
MAXIS-08,LABS_BIO,01-01,BASELINE,2,1,U/ML,0,1,C008_408,OTHER,2584.4,CA 19-9
MAXIS-08,LABS_BIO,01-01,BASELINE,2,1,NG/ML,0,2,C008_408,,4.6,CEA
MAXIS-08,LABS_BIO,01-01,END OF CYCLE 1,1,9,NG/ML,0,1,C008_408,PSA,,
MAXIS-08,LABS_BIO,01-01,END OF CYCLE 1,1,9,IU/ML,0,2,C008_408,CA-125,16.0,
MAXIS-08,LABS_BIO,01-01,END OF CYCLE 1,2,9,NG/ML,0,1,C008_408,OTHER,4.3,CEA
MAXIS-08,LABS_BIO,01-01,END OF CYCLE 1,2,9,U/ML,0,2,C008_408,,3638.7,CA 19-9
MAXIS-08,LABS_BIO,01-02,BASELINE,2,1,NG/ML,0,1,C008_408,OTHER,69979.0,ALPHA FETOPROTEIN
MAXIS-08,LABS_BIO,01-02,END OF CYCLE 1,2,9,NG/ML,0,1,C008_408,OTHER,161776.0,ALPHA FETOPROTEIN
MAXIS-08,LABS_BIO,01-02,OFF-STUDY,2,998,NG/ML,0,1,C008_408,OTHER,2284.5,ALPHA FETOPROTEIN
MAXIS-08,LABS_BIO,01-03,BASELINE,2,1,U/ML,0,1,C008_408,OTHER,2203.5,CA27-29
MAXIS-08,LABS_BIO,01-03,OFF-STUDY,2,998,U/ML,0,1,C008_408,OTHER,3232.6,CA27-29
MAXIS-08,LABS_BIO,01-04,BASELINE,2,1,U/ML,0,1,C008_408,OTHER,347.0,CA27-29
MAXIS-08,LABS_BIO,01-04,END OF CYCLE 1,2,9,U/ML,0,1,C008_408,OTHER,335.4,CA27-29
MAXIS-08,LABS_BIO,01-04,END OF CYCLE 2,2,17,U/ML,0,1,C008_408,OTHER,203.4,CA27-29
MAXIS-08,LABS_BIO,01-04,END OF CYCLE 3,2,25,U/ML,0,1,C008_408,OTHER,140.8,CA27-29
MAXIS-08,LABS_BIO,01-04,END OF CYCLE 4,2,33,U/ML,0,1,C008_408,OTHER,126.5,CA27-29
MAXIS-08,LABS_BIO,01-04,END OF CYCLE 5,2,41,U/ML,0,1,C008_408,OTHER,152.9,CA27-29
MAXIS-08,LABS_BIO,01-04,OFF-STUDY,2,998,U/ML,0,1,C008_408,OTHER,199.8,CA27-29
MAXIS-08,LABS_BIO,01-05,BASELINE,2,1,NG/ML,0,1,C008_408,OTHER,311.4,ALPHA FETOPROTEIN
MAXIS-08,LABS_BIO,01-05,END OF CYCLE 1,2,9,NG/ML,0,1,C008_408,OTHER,902.1,ALPHA FETOPROTEIN
MAXIS-08,LABS_BIO,01-05,OFF-STUDY,2,998,NG/ML,0,1,C008_408,OTHER,892.5,ALPHA FETOPROTEIN
MAXIS-08,LABS_BIO,01-08,BASELINE,2,1,U/ML,0,1,C008_408,OTHER,7820.1,CA 19-9
MAXIS-08,LABS_BIO,01-08,BASELINE,2,1,NG/ML,0,2,C008_408,,26.3,CEA
MAXIS-08,LABS_BIO,01-08,END OF CYCLE 1,2,9,NG/ML,0,1,C008_408,OTHER,61.2,CEA
MAXIS-08,LABS_BIO,01-08,END OF CYCLE 1,2,9,U/ML,0,2,C008_408,,17944.0,CA 19-9
MAXIS-08,LABS_BIO,01-08,OFF-STUDY,2,998,U/ML,0,1,C008_408,OTHER,,CA 19-9
MAXIS-08,LABS_BIO,01-08,OFF-STUDY,2,998,NG/ML,0,2,C008_408,,98.2,CEA
MAXIS-08,LABS_BIO,01-09,BASELINE,2,1,U/ML,0,1,C008_408,OTHER,,CA 19-9
MAXIS-08,LABS_BIO,01-09,BASELINE,2,1,NG/ML,0,2,C008_408,,751.2,CEA
MAXIS-08,LABS_BIO,01-09,END OF CYCLE 1,2,9,U/ML,0,1,C008_408,OTHER,,CA 19-9
MAXIS-08,LABS_BIO,01-09,END OF CYCLE 1,2,9,NG/ML,0,2,C008_408,,1912.4,CEA
MAXIS-08,LABS_BIO,01-09,OFF-STUDY,2,998,U/ML,0,1,C008_408,OTHER,,CA 19-9
MAXIS-08,LABS_BIO,01-09,OFF-STUDY,2,998,NG/ML,0,2,C008_408,,1912.4,CEA
MAXIS-08,LABS_BIO,01-10,BASELINE,1,1,NG/ML,0,1,C008_408,PSA,,
MAXIS-08,LABS_BIO,01-10,BASELINE,1,1,IU/ML,0,2,C008_408,CA-125,9.0,U/ML
MAXIS-08,LABS_BIO,01-10,BASELINE,2,1,U/ML,0,1,C008_408,OTHER,37.3,CA 19-9
MAXIS-08,LABS_BIO,01-10,BASELINE,2,1,NG/ML,0,2,C008_408,,3.0,CEA
MAXIS-08,LABS_BIO,01-10,END OF CYCLE 1,1,9,NG/ML,0,1,C008_408,PSA,,
MAXIS-08,LABS_BIO,01-10,END OF CYCLE 1,1,9,IU/ML,0,2,C008_408,CA-125,12.0,U/ML
MAXIS-08,LABS_BIO,01-10,END OF CYCLE 1,2,9,U/ML,0,1,C008_408,OTHER,150.7,CA 19-9
MAXIS-08,LABS_BIO,01-10,END OF CYCLE 1,2,9,NG/ML,0,2,C008_408,,3.5,CEA
MAXIS-08,LABS_BIO,01-10,END OF CYCLE 2,2,17,NG/ML,0,1,C008_408,OTHER,6.4,CEA
MAXIS-08,LABS_BIO,01-10,END OF CYCLE 2,2,17,U/ML,0,2,C008_408,,138.6,CA 19-9
MAXIS-08,LABS_BIO,01-10,END OF CYCLE 3,2,25,NG/ML,0,1,C008_408,OTHER,12.5,CEA
MAXIS-08,LABS_BIO,01-10,END OF CYCLE 3,2,25,U/ML,0,2,C008_408,,145.5,CA 19-9
MAXIS-08,LABS_BIO,01-10,END OF CYCLE 4,2,33,U/ML,0,1,C008_408,OTHER,91.1,CA 19-9
MAXIS-08,LABS_BIO,01-10,END OF CYCLE 4,2,33,NG/ML,0,2,C008_408,,22.2,CEA
MAXIS-08,LABS_BIO,01-10,OFF-STUDY,2,998,NG/ML,0,1,C008_408,OTHER,25.8,CEA
MAXIS-08,LABS_BIO,01-12,BASELINE,2,1,U/ML,0,1,C008_408,OTHER,334.0,CA15-3
MAXIS-08,LABS_BIO,01-13,BASELINE,2,1,NG/ML,0,1,C008_408,OTHER,192.0,CEA
MAXIS-08,LABS_BIO,01-13,BASELINE,2,1,U/ML,0,2,C008_408,,2234.8,CA27-29
MAXIS-08,LABS_BIO,01-13,OFF-STUDY,2,998,NG/ML,0,1,C008_408,OTHER,145.8,CEA
MAXIS-08,LABS_BIO,01-14,BASELINE,2,1,NG/ML,0,1,C008_408,OTHER,29.3,CEA
MAXIS-08,LABS_BIO,01-14,BASELINE,2,1,U/ML,0,2,C008_408,,37.0,CA 19-9
MAXIS-08,LABS_BIO,01-14,END OF CYCLE 1,2,9,NG/ML,0,1,C008_408,OTHER,47.0,CEA
MAXIS-08,LABS_BIO,01-14,END OF CYCLE 1,2,9,U/ML,0,2,C008_408,,46.9,CA 19-9
MAXIS-08,LABS_BIO,01-14,END OF CYCLE 2,2,17,NG/ML,0,1,C008_408,OTHER,48.5,CEA
MAXIS-08,LABS_BIO,01-14,END OF CYCLE 2,2,17,U/ML,0,2,C008_408,,63.5,CA 19-9
MAXIS-08,LABS_BIO,01-16,BASELINE,2,1,NG/ML,0,1,C008_408,OTHER,4.2,CEA
MAXIS-08,LABS_BIO,01-16,BASELINE,2,1,U/ML,0,2,C008_408,,199.0,CA27-29
MAXIS-08,LABS_BIO,01-16,END OF CYCLE 1,2,9,,0,1,C008_408,OTHER,10.2,CEA
MAXIS-08,LABS_BIO,01-16,END OF CYCLE 1,2,9,,0,2,C008_408,,,CA27-29
MAXIS-08,LABS_BIO,01-16,OFF-STUDY,1,998,NG/ML,0,1,C008_408,PSA,,
MAXIS-08,LABS_BIO,01-16,OFF-STUDY,1,998,IU/ML,0,2,C008_408,CA-125,,
MAXIS-08,LABS_BIO,01-16,OFF-STUDY,2,998,U/ML,0,1,C008_408,OTHER,280.6,CA27-29
MAXIS-08,LABS_BIO,01-16,OFF-STUDY,2,998,NG/ML,0,2,C008_408,,10.2,CEA
