﻿STUDY,SDT,DCMNAME,PT,CPEVENT,VISIT,SMQSN,REPEATSN,SUBEVE,INVSITE,STM,SANYL
MAXIS-08,20080826.0,SM_BIO,01-01,BASELINE,1,MOUNT SINAI,1,0,C008_408,1726.0,
MAXIS-08,20081008.0,SM_BIO,01-01,END OF CYCLE 1,9,MOUNT SINAI,1,0,C008_408,900.0,
MAXIS-08,,SM_BIO,01-01,OFF-STUDY,998,,1,0,C008_408,,NOT DONE
MAXIS-08,20081219.0,SM_BIO,01-02,BASELINE,1,MOUNT SINAI,1,0,C008_408,1004.0,
MAXIS-08,20090127.0,SM_BIO,01-02,END OF CYCLE 1,9,MOUNT SINAI,1,0,C008_408,850.0,
MAXIS-08,20090202.0,SM_BIO,01-02,OFF-STUDY,998,MOUNT SINAI,1,0,C008_408,1330.0,
MAXIS-08,20090126.0,SM_BIO,01-03,BASELINE,1,MOUNT SINAI,1,0,C008_408,2023.0,
MAXIS-08,,SM_BIO,01-03,END OF CYCLE 1,9,,1,0,C008_408,,NOT DONE
MAXIS-08,20090202.0,SM_BIO,01-03,OFF-STUDY,998,MOUNT SINAI,1,0,C008_408,1458.0,
MAXIS-08,20090206.0,SM_BIO,01-04,BASELINE,1,MOUNT SINAI,1,0,C008_408,1630.0,
MAXIS-08,20090317.0,SM_BIO,01-04,END OF CYCLE 1,9,MOUNT SINAI,1,0,C008_408,830.0,
MAXIS-08,20090428.0,SM_BIO,01-04,END OF CYCLE 2,17,MOUNT SINAI,1,0,C008_408,944.0,
MAXIS-08,20090616.0,SM_BIO,01-04,END OF CYCLE 3,25,MOUNT SINAI,1,0,C008_408,815.0,
MAXIS-08,20090728.0,SM_BIO,01-04,END OF CYCLE 4,33,MOUNT SINAI,1,0,C008_408,1130.0,
MAXIS-08,20090908.0,SM_BIO,01-04,END OF CYCLE 5,41,MOUNT SINAI,1,0,C008_408,1420.0,
MAXIS-08,20090916.0,SM_BIO,01-04,OFF-STUDY,998,MOUNT SINAI,1,0,C008_408,1030.0,
MAXIS-08,20090528.0,SM_BIO,01-05,BASELINE,1,MOUNT SINAI,1,0,C008_408,1248.0,
MAXIS-08,20090707.0,SM_BIO,01-05,END OF CYCLE 1,9,MOUNT SINAI,1,0,C008_408,1122.0,
MAXIS-08,20090713.0,SM_BIO,01-05,OFF-STUDY,998,MOUNT SINAI,1,0,C008_408,1310.0,
MAXIS-08,,SM_BIO,01-06,BASELINE,1,,1,0,C008_408,,NOT DONE
MAXIS-08,,SM_BIO,01-06,END OF CYCLE 1,9,,1,0,C008_408,,NOT DONE
MAXIS-08,,SM_BIO,01-06,END OF CYCLE 2,17,,1,0,C008_408,,NOT DONE
MAXIS-08,,SM_BIO,01-06,OFF-STUDY,998,,1,0,C008_408,,NOT DONE
MAXIS-08,,SM_BIO,01-07,BASELINE,1,,1,0,C008_408,,NOT DONE
MAXIS-08,,SM_BIO,01-07,END OF CYCLE 1,9,,1,0,C008_408,,NOT DONE
MAXIS-08,,SM_BIO,01-07,OFF-STUDY,998,,1,0,C008_408,,NOT DONE
MAXIS-08,20090708.0,SM_BIO,01-08,BASELINE,1,MOUNT SINAI,1,0,C008_408,1010.0,
MAXIS-08,20090814.0,SM_BIO,01-08,END OF CYCLE 1,9,MOUNT SINAI,1,0,C008_408,1235.0,
MAXIS-08,20090818.0,SM_BIO,01-08,OFF-STUDY,998,MOUNT SINAI,1,0,C008_408,1200.0,
MAXIS-08,20090715.0,SM_BIO,01-09,BASELINE,1,MOUNT SINAI,1,0,C008_408,1200.0,
MAXIS-08,20090824.0,SM_BIO,01-09,END OF CYCLE 1,9,MOUNT SINAI,1,0,C008_408,1109.0,
MAXIS-08,20090824.0,SM_BIO,01-09,OFF-STUDY,998,MOUNT SINAI,1,0,C008_408,1109.0,
MAXIS-08,20090720.0,SM_BIO,01-10,BASELINE,1,MOUNT SINAI,1,0,C008_408,1512.0,
MAXIS-08,20090826.0,SM_BIO,01-10,END OF CYCLE 1,9,MOUNT SINAI,1,0,C008_408,1145.0,
MAXIS-08,20091014.0,SM_BIO,01-10,END OF CYCLE 2,17,MOUNT SINAI,1,0,C008_408,1230.0,
MAXIS-08,20091202.0,SM_BIO,01-10,END OF CYCLE 3,25,MOUNT SINAI,1,0,C008_408,1544.0,
MAXIS-08,20100127.0,SM_BIO,01-10,END OF CYCLE 4,33,MOUNT SINAI,1,0,C008_408,1400.0,
MAXIS-08,20100208.0,SM_BIO,01-10,OFF-STUDY,998,MOUNT SINAI,1,0,C008_408,1215.0,
MAXIS-08,,SM_BIO,01-11,BASELINE,1,,1,0,C008_408,,NOT DONE
MAXIS-08,,SM_BIO,01-11,END OF CYCLE 1,9,,1,0,C008_408,,NOT DONE
MAXIS-08,,SM_BIO,01-11,END OF CYCLE 2,17,,1,0,C008_408,,NOT DONE
MAXIS-08,,SM_BIO,01-11,END OF CYCLE 3,25,,1,0,C008_408,,NOT DONE
MAXIS-08,,SM_BIO,01-11,END OF CYCLE 4,33,,1,0,C008_408,,NOT DONE
MAXIS-08,,SM_BIO,01-11,OFF-STUDY,998,,1,0,C008_408,,NOT DONE
MAXIS-08,20090831.0,SM_BIO,01-12,BASELINE,1,MOUNT SINAI,1,0,C008_408,1452.0,
MAXIS-08,,SM_BIO,01-12,END OF CYCLE 1,9,,1,0,C008_408,,NOT DONE
MAXIS-08,,SM_BIO,01-12,OFF-STUDY,998,,1,0,C008_408,,NOT DONE
MAXIS-08,20090921.0,SM_BIO,01-13,BASELINE,1,MOUNT SINAI,1,0,C008_408,1400.0,
MAXIS-08,,SM_BIO,01-13,END OF CYCLE 1,9,,1,0,C008_408,,NOT DONE
MAXIS-08,20091027.0,SM_BIO,01-13,OFF-STUDY,998,MOUNT SINAI,1,0,C008_408,1829.0,
MAXIS-08,20091023.0,SM_BIO,01-14,BASELINE,1,MOUNT SINAI,1,0,C008_408,1302.0,
MAXIS-08,20091201.0,SM_BIO,01-14,END OF CYCLE 1,9,MOUNT SINAI,1,0,C008_408,1035.0,
MAXIS-08,20100115.0,SM_BIO,01-14,END OF CYCLE 2,17,MOUNT SINAI,1,0,C008_408,1412.0,
MAXIS-08,,SM_BIO,01-14,OFF-STUDY,998,,1,0,C008_408,,NOT DONE
MAXIS-08,,SM_BIO,01-15,BASELINE,1,,1,0,C008_408,,NOT DONE
MAXIS-08,,SM_BIO,01-15,END OF CYCLE 1,9,,1,0,C008_408,,NOT DONE
MAXIS-08,,SM_BIO,01-15,OFF-STUDY,998,,1,0,C008_408,,NOT DONE
MAXIS-08,20100609.0,SM_BIO,01-16,BASELINE,1,QUEST DIAGNOSTICS,1,0,C008_408,1246.0,
MAXIS-08,20100720.0,SM_BIO,01-16,END OF CYCLE 1,9,MOUNT SINAI,1,0,C008_408,1130.0,
MAXIS-08,20100727.0,SM_BIO,01-16,OFF-STUDY,998,MOUNT SINAI,1,0,C008_408,1135.0,
