﻿STUDY,SDT,DCMNAME,PT,CPEVENT,VISIT,SMQSN,REPEATSN,SUBEVE,INVSITE,STM,SANYL
MAXIS-08,20080826.0,SM_CHEMISTRY,01-01,BASELINE,1,MOUNT SINAI,1,0,C008_408,1726.0,
MAXIS-08,,SM_CHEMISTRY,01-01,CYCLE 1 WEEK 1,2,,1,0,C008_408,,NOT DONE
MAXIS-08,20080910.0,SM_CHEMISTRY,01-01,CYCLE 1 WEEK 2,4,MOUNT SINAI,1,0,C008_408,1148.0,
MAXIS-08,20080917.0,SM_CHEMISTRY,01-01,CYCLE 1 WEEK 3,5,MOUNT SINAI,1,0,C008_408,1100.0,
MAXIS-08,20080924.0,SM_CHEMISTRY,01-01,CYCLE 1 WEEK 4,6,MOUNT SINAI,1,0,C008_408,1159.0,
MAXIS-08,20081001.0,SM_CHEMISTRY,01-01,CYCLE 1 WEEK 5,7,MOUNT SINAI,1,0,C008_408,1004.0,
MAXIS-08,20081008.0,SM_CHEMISTRY,01-01,CYCLE 1 WEEK 6,8,MOUNT SINAI,1,0,C008_408,900.0,
MAXIS-08,,SM_CHEMISTRY,01-01,OFF-STUDY,998,,1,0,C008_408,,NOT DONE
MAXIS-08,20081219.0,SM_CHEMISTRY,01-02,BASELINE,1,MOUNT SINAI,1,0,C008_408,1004.0,
MAXIS-08,,SM_CHEMISTRY,01-02,CYCLE 1 WEEK 1,2,,1,0,C008_408,,NOT DONE
MAXIS-08,20081230.0,SM_CHEMISTRY,01-02,CYCLE 1 WEEK 2,4,MOUNT SINAI,1,0,C008_408,940.0,
MAXIS-08,20090106.0,SM_CHEMISTRY,01-02,CYCLE 1 WEEK 3,5,MOUNT SINAI,1,0,C008_408,950.0,
MAXIS-08,20090113.0,SM_CHEMISTRY,01-02,CYCLE 1 WEEK 4,6,MOUNT SINAI,1,0,C008_408,1037.0,
MAXIS-08,20090120.0,SM_CHEMISTRY,01-02,CYCLE 1 WEEK 5,7,MOUNT SINAI,1,0,C008_408,1044.0,
MAXIS-08,20090127.0,SM_CHEMISTRY,01-02,CYCLE 1 WEEK 6,8,MOUNT SINAI,1,0,C008_408,850.0,
MAXIS-08,20090202.0,SM_CHEMISTRY,01-02,OFF-STUDY,998,MOUNT SINAI,1,0,C008_408,1330.0,
MAXIS-08,20090126.0,SM_CHEMISTRY,01-03,BASELINE,1,MOUNT SINAI,1,0,C008_408,2023.0,
MAXIS-08,,SM_CHEMISTRY,01-03,CYCLE 1 WEEK 1,2,,1,0,C008_408,,NOT DONE
MAXIS-08,,SM_CHEMISTRY,01-03,CYCLE 1 WEEK 2,4,,1,0,C008_408,,NOT DONE
MAXIS-08,,SM_CHEMISTRY,01-03,CYCLE 1 WEEK 3,5,,1,0,C008_408,,NOT DONE
MAXIS-08,,SM_CHEMISTRY,01-03,CYCLE 1 WEEK 4,6,,1,0,C008_408,,NOT DONE
MAXIS-08,,SM_CHEMISTRY,01-03,CYCLE 1 WEEK 5,7,,1,0,C008_408,,NOT DONE
MAXIS-08,,SM_CHEMISTRY,01-03,CYCLE 1 WEEK 6,8,,1,0,C008_408,,NOT DONE
MAXIS-08,20090202.0,SM_CHEMISTRY,01-03,OFF-STUDY,998,MOUNT SINAI,1,0,C008_408,1458.0,
MAXIS-08,20090206.0,SM_CHEMISTRY,01-04,BASELINE,1,MOUNT SINAI,1,0,C008_408,1630.0,
MAXIS-08,,SM_CHEMISTRY,01-04,CYCLE 1 WEEK 1,2,,1,0,C008_408,,NOT DONE
MAXIS-08,20090217.0,SM_CHEMISTRY,01-04,CYCLE 1 WEEK 2,4,MOUNT SINAI,1,0,C008_408,1000.0,
MAXIS-08,20090224.0,SM_CHEMISTRY,01-04,CYCLE 1 WEEK 3,5,MOUNT SINAI,1,0,C008_408,835.0,
MAXIS-08,20090303.0,SM_CHEMISTRY,01-04,CYCLE 1 WEEK 4,6,MOUNT SINAI,1,0,C008_408,857.0,
MAXIS-08,20090310.0,SM_CHEMISTRY,01-04,CYCLE 1 WEEK 5,7,MOUNT SINAI,1,0,C008_408,1149.0,
MAXIS-08,20090317.0,SM_CHEMISTRY,01-04,CYCLE 1 WEEK 6,8,MOUNT SINAI,1,0,C008_408,830.0,
MAXIS-08,20090324.0,SM_CHEMISTRY,01-04,CYCLE 2 WEEK 1,10,MOUNT SINAI,1,0,C008_408,921.0,
MAXIS-08,20090331.0,SM_CHEMISTRY,01-04,CYCLE 2 WEEK 2,12,MOUNT SINAI,1,0,C008_408,925.0,
MAXIS-08,20090407.0,SM_CHEMISTRY,01-04,CYCLE 2 WEEK 3,13,MOUNT SINAI,1,0,C008_408,912.0,
MAXIS-08,20090414.0,SM_CHEMISTRY,01-04,CYCLE 2 WEEK 4,14,MOUNT SINAI,1,0,C008_408,927.0,
MAXIS-08,20090421.0,SM_CHEMISTRY,01-04,CYCLE 2 WEEK 5,15,MOUNT SINAI,1,0,C008_408,930.0,
MAXIS-08,20090428.0,SM_CHEMISTRY,01-04,CYCLE 2 WEEK 6,16,MOUNT SINAI,1,0,C008_408,944.0,
MAXIS-08,20090512.0,SM_CHEMISTRY,01-04,CYCLE 3 WEEK 1,18,MOUNT SINAI,1,0,C008_408,932.0,
MAXIS-08,,SM_CHEMISTRY,01-04,CYCLE 3 WEEK 2,20,,1,0,C008_408,,NOT DONE
MAXIS-08,20090526.0,SM_CHEMISTRY,01-04,CYCLE 3 WEEK 3,21,MOUNT SINAI,1,0,C008_408,845.0,
MAXIS-08,20090601.0,SM_CHEMISTRY,01-04,CYCLE 3 WEEK 4,22,ELMHURST HOSPITAL CENTER,1,0,C008_408,1155.0,
MAXIS-08,20090608.0,SM_CHEMISTRY,01-04,CYCLE 3 WEEK 5,23,ELMHURST HOSPITAL CENTER,1,0,C008_408,810.0,
MAXIS-08,20090615.0,SM_CHEMISTRY,01-04,CYCLE 3 WEEK 6,24,ELMHURST HOSPITAL CENTER,1,0,C008_408,819.0,
MAXIS-08,20090622.0,SM_CHEMISTRY,01-04,CYCLE 4 WEEK 1,26,ELMHURST HOSPITAL CENTER,1,0,C008_408,1010.0,
MAXIS-08,20090629.0,SM_CHEMISTRY,01-04,CYCLE 4 WEEK 2,28,ELMHURST HOSPITAL CENTER,1,0,C008_408,1346.0,
MAXIS-08,20090706.0,SM_CHEMISTRY,01-04,CYCLE 4 WEEK 3,29,ELMHURST HOSPITAL CENTER,1,0,C008_408,910.0,
MAXIS-08,20090713.0,SM_CHEMISTRY,01-04,CYCLE 4 WEEK 4,30,ELMHURST HOSPITAL CENTER,1,0,C008_408,808.0,
MAXIS-08,20090721.0,SM_CHEMISTRY,01-04,CYCLE 4 WEEK 5,31,ELMHURST HOSPITAL CENTER,1,0,C008_408,1938.0,
MAXIS-08,20090727.0,SM_CHEMISTRY,01-04,CYCLE 4 WEEK 6,32,ELMHURST HOSPITAL CENTER,1,0,C008_408,1223.0,
MAXIS-08,20090803.0,SM_CHEMISTRY,01-04,CYCLE 5 WEEK 1,34,ELMHURST HOSPITAL CENTER,1,0,C008_408,1049.0,
MAXIS-08,20090810.0,SM_CHEMISTRY,01-04,CYCLE 5 WEEK 2,36,ELMHURST HOSPITAL CENTER,1,0,C008_408,1203.0,
MAXIS-08,20090817.0,SM_CHEMISTRY,01-04,CYCLE 5 WEEK 3,37,ELMHURST HOSPITAL CENTER,1,0,C008_408,816.0,
MAXIS-08,20090824.0,SM_CHEMISTRY,01-04,CYCLE 5 WEEK 4,38,ELMHURST HOSPITAL CENTER,1,0,C008_408,821.0,
MAXIS-08,20090831.0,SM_CHEMISTRY,01-04,CYCLE 5 WEEK 5,39,ELMHURST HOSPITAL CENTER,1,0,C008_408,844.0,
MAXIS-08,20090908.0,SM_CHEMISTRY,01-04,CYCLE 5 WEEK 6,40,ELMHURST HOSPITAL CENTER,1,0,C008_408,824.0,
MAXIS-08,20090916.0,SM_CHEMISTRY,01-04,OFF-STUDY,998,MOUNT SINAI,1,0,C008_408,1030.0,
MAXIS-08,20090528.0,SM_CHEMISTRY,01-05,BASELINE,1,MOUNT SINAI,1,0,C008_408,1248.0,
MAXIS-08,,SM_CHEMISTRY,01-05,CYCLE 1 WEEK 1,2,,1,0,C008_408,,NOT DONE
MAXIS-08,20090609.0,SM_CHEMISTRY,01-05,CYCLE 1 WEEK 2,4,MOUNT SINAI,1,0,C008_408,1057.0,
MAXIS-08,20090616.0,SM_CHEMISTRY,01-05,CYCLE 1 WEEK 3,5,MOUNT SINAI,1,0,C008_408,949.0,
MAXIS-08,20090623.0,SM_CHEMISTRY,01-05,CYCLE 1 WEEK 4,6,MOUNT SINAI,1,0,C008_408,1000.0,
MAXIS-08,20090630.0,SM_CHEMISTRY,01-05,CYCLE 1 WEEK 5,7,MOUNT SINAI,1,0,C008_408,1000.0,
MAXIS-08,20090707.0,SM_CHEMISTRY,01-05,CYCLE 1 WEEK 6,8,MOUNT SINAI,1,0,C008_408,1122.0,
MAXIS-08,20090713.0,SM_CHEMISTRY,01-05,OFF-STUDY,998,MOUNT SINAI,1,0,C008_408,1310.0,
MAXIS-08,20090605.0,SM_CHEMISTRY,01-06,BASELINE,1,MOUNT SINAI,1,0,C008_408,1248.0,
MAXIS-08,20090608.0,SM_CHEMISTRY,01-06,CYCLE 1 WEEK 1,2,MOUNT SINAI,1,0,C008_408,628.0,
MAXIS-08,20090615.0,SM_CHEMISTRY,01-06,CYCLE 1 WEEK 2,4,MOUNT SINAI,1,0,C008_408,1145.0,
MAXIS-08,20090622.0,SM_CHEMISTRY,01-06,CYCLE 1 WEEK 3,5,MOUNT SINAI,1,0,C008_408,1251.0,
MAXIS-08,20090630.0,SM_CHEMISTRY,01-06,CYCLE 1 WEEK 4,6,MOUNT SINAI,1,0,C008_408,1215.0,
MAXIS-08,20090707.0,SM_CHEMISTRY,01-06,CYCLE 1 WEEK 5,7,MOUNT SINAI,1,0,C008_408,1115.0,
MAXIS-08,20090714.0,SM_CHEMISTRY,01-06,CYCLE 1 WEEK 6,8,MOUNT SINAI,1,0,C008_408,1046.0,
MAXIS-08,20090720.0,SM_CHEMISTRY,01-06,CYCLE 2 WEEK 1,10,MOUNT SINAI,1,0,C008_408,1150.0,
MAXIS-08,20090728.0,SM_CHEMISTRY,01-06,CYCLE 2 WEEK 2,12,MOUNT SINAI,1,0,C008_408,1005.0,
MAXIS-08,20090804.0,SM_CHEMISTRY,01-06,CYCLE 2 WEEK 3,13,MOUNT SINAI,1,0,C008_408,1130.0,
MAXIS-08,20090811.0,SM_CHEMISTRY,01-06,CYCLE 2 WEEK 4,14,MOUNT SINAI,1,0,C008_408,1020.0,
MAXIS-08,,SM_CHEMISTRY,01-06,CYCLE 2 WEEK 5,15,,1,0,C008_408,,NOT DONE
MAXIS-08,,SM_CHEMISTRY,01-06,CYCLE 2 WEEK 6,16,,1,0,C008_408,,NOT DONE
MAXIS-08,,SM_CHEMISTRY,01-06,OFF-STUDY,998,,1,0,C008_408,,NOT DONE
MAXIS-08,20090620.0,SM_CHEMISTRY,01-07,BASELINE,1,MOUNT SINAI,1,0,C008_408,1316.0,
MAXIS-08,,SM_CHEMISTRY,01-07,CYCLE 1 WEEK 1,2,,1,0,C008_408,,NOT DONE
MAXIS-08,20090701.0,SM_CHEMISTRY,01-07,CYCLE 1 WEEK 2,4,MOUNT SINAI,1,0,C008_408,900.0,
MAXIS-08,20090708.0,SM_CHEMISTRY,01-07,CYCLE 1 WEEK 3,5,MOUNT SINAI,1,0,C008_408,1045.0,
MAXIS-08,20090716.0,SM_CHEMISTRY,01-07,CYCLE 1 WEEK 4,6,MOUNT SINAI,1,0,C008_408,847.0,
MAXIS-08,20090722.0,SM_CHEMISTRY,01-07,CYCLE 1 WEEK 5,7,MOUNT SINAI,1,0,C008_408,328.0,
MAXIS-08,20090801.0,SM_CHEMISTRY,01-07,CYCLE 1 WEEK 6,8,MOUNT SINAI,1,0,C008_408,1015.0,
MAXIS-08,20090805.0,SM_CHEMISTRY,01-07,OFF-STUDY,998,MOUNT SINAI,1,0,C008_408,1457.0,
MAXIS-08,20090708.0,SM_CHEMISTRY,01-08,BASELINE,1,MOUNT SINAI,1,0,C008_408,1010.0,
MAXIS-08,20090708.0,SM_CHEMISTRY,01-08,CYCLE 1 WEEK 1,2,MOUNT SINAI,1,0,C008_408,1010.0,
MAXIS-08,20090716.0,SM_CHEMISTRY,01-08,CYCLE 1 WEEK 2,4,MOUNT SINAI,1,0,C008_408,1110.0,
MAXIS-08,20090723.0,SM_CHEMISTRY,01-08,CYCLE 1 WEEK 3,5,MOUNT SINAI,1,0,C008_408,1242.0,
MAXIS-08,20090730.0,SM_CHEMISTRY,01-08,CYCLE 1 WEEK 4,6,MOUNT SINAI,1,0,C008_408,1010.0,
MAXIS-08,20090806.0,SM_CHEMISTRY,01-08,CYCLE 1 WEEK 5,7,MOUNT SINAI,1,0,C008_408,1020.0,
MAXIS-08,20090813.0,SM_CHEMISTRY,01-08,CYCLE 1 WEEK 6,8,MOUNT SINAI,1,0,C008_408,1011.0,
MAXIS-08,20090820.0,SM_CHEMISTRY,01-08,OFF-STUDY,998,MOUNT SINAI,1,0,C008_408,1019.0,
MAXIS-08,20090715.0,SM_CHEMISTRY,01-09,BASELINE,1,MOUNT SINAI,1,0,C008_408,1200.0,
MAXIS-08,,SM_CHEMISTRY,01-09,CYCLE 1 WEEK 1,2,,1,0,C008_408,,NOT DONE
MAXIS-08,20090727.0,SM_CHEMISTRY,01-09,CYCLE 1 WEEK 2,4,MOUNT SINAI,1,0,C008_408,1316.0,
MAXIS-08,20090803.0,SM_CHEMISTRY,01-09,CYCLE 1 WEEK 3,5,MOUNT SINAI,1,0,C008_408,1043.0,
MAXIS-08,20090804.0,SM_CHEMISTRY,01-09,CYCLE 1 WEEK 3,5,MOUNT SINAI,1,1,C008_408,1230.0,
MAXIS-08,20090810.0,SM_CHEMISTRY,01-09,CYCLE 1 WEEK 4,6,MOUNT SINAI,1,0,C008_408,1326.0,
MAXIS-08,20090818.0,SM_CHEMISTRY,01-09,CYCLE 1 WEEK 5,7,MOUNT SINAI,1,0,C008_408,1130.0,
MAXIS-08,20090819.0,SM_CHEMISTRY,01-09,CYCLE 1 WEEK 5,7,MOUNT SINAI,1,1,C008_408,1200.0,
MAXIS-08,20090820.0,SM_CHEMISTRY,01-09,CYCLE 1 WEEK 5,7,MOUNT SINAI,1,2,C008_408,1351.0,
MAXIS-08,20090821.0,SM_CHEMISTRY,01-09,CYCLE 1 WEEK 5,7,MOUNT SINAI,1,3,C008_408,1330.0,
MAXIS-08,,SM_CHEMISTRY,01-09,CYCLE 1 WEEK 6,8,,1,0,C008_408,,NOT DONE
MAXIS-08,20090811.0,SM_CHEMISTRY,01-09,CYCLE 1 WEEK 4B,303,MOUNT SINAI,1,0,C008_408,1430.0,
MAXIS-08,20090813.0,SM_CHEMISTRY,01-09,CYCLE 1 WEEK 4C,503,MOUNT SINAI,1,0,C008_408,1430.0,
MAXIS-08,20090824.0,SM_CHEMISTRY,01-09,OFF-STUDY,998,MOUNT SINAI,1,0,C008_408,1109.0,
MAXIS-08,20090825.0,SM_CHEMISTRY,01-09,OFF-STUDY,998,MOUNT SINAI,1,1,C008_408,1145.0,
MAXIS-08,20090720.0,SM_CHEMISTRY,01-10,BASELINE,1,MOUNT SINAI,1,0,C008_408,1512.0,
MAXIS-08,,SM_CHEMISTRY,01-10,CYCLE 1 WEEK 1,2,,1,0,C008_408,,NOT DONE
MAXIS-08,20090727.0,SM_CHEMISTRY,01-10,CYCLE 1 WEEK 2,4,ARENA ONCOLOGY ASSOCIATES,1,0,C008_408,1155.0,
MAXIS-08,20090803.0,SM_CHEMISTRY,01-10,CYCLE 1 WEEK 3,5,ARENA ONCOLOGY ASSOCIATES,1,0,C008_408,1117.0,
MAXIS-08,20090810.0,SM_CHEMISTRY,01-10,CYCLE 1 WEEK 4,6,ARENA ONCOLOGY ASSOCIATES,1,0,C008_408,1538.0,
MAXIS-08,20090817.0,SM_CHEMISTRY,01-10,CYCLE 1 WEEK 5,7,SHIEL MEDICAL LABORATORY,1,0,C008_408,1139.0,
MAXIS-08,20090824.0,SM_CHEMISTRY,01-10,CYCLE 1 WEEK 6,8,ARENA ONCOLOGY ASSOCIATES,1,0,C008_408,1534.0,
MAXIS-08,20090908.0,SM_CHEMISTRY,01-10,CYCLE 2 WEEK 1,10,MOUNT SINAI,1,0,C008_408,1015.0,
MAXIS-08,20090914.0,SM_CHEMISTRY,01-10,CYCLE 2 WEEK 2,12,SHIEL MEDICAL LABORATORY,1,0,C008_408,1423.0,
MAXIS-08,20090921.0,SM_CHEMISTRY,01-10,CYCLE 2 WEEK 3,13,SHIEL MEDICAL LABORATORY,1,0,C008_408,1625.0,
MAXIS-08,20090928.0,SM_CHEMISTRY,01-10,CYCLE 2 WEEK 4,14,SHIEL MEDICAL LABORATORY,1,0,C008_408,1528.0,
MAXIS-08,20091005.0,SM_CHEMISTRY,01-10,CYCLE 2 WEEK 5,15,SHIEL MEDICAL LABORATORY,1,0,C008_408,1236.0,
MAXIS-08,20091012.0,SM_CHEMISTRY,01-10,CYCLE 2 WEEK 6,16,SHIEL MEDICAL LABORATORY,1,0,C008_408,1616.0,
MAXIS-08,20091027.0,SM_CHEMISTRY,01-10,CYCLE 3 WEEK 1,18,MOUNT SINAI,1,0,C008_408,1045.0,
MAXIS-08,20091102.0,SM_CHEMISTRY,01-10,CYCLE 3 WEEK 2,20,SHIEL MEDICAL LABORATORY,1,0,C008_408,1253.0,
MAXIS-08,20091109.0,SM_CHEMISTRY,01-10,CYCLE 3 WEEK 3,21,SHIEL MEDICAL LABORATORY,1,0,C008_408,1312.0,
MAXIS-08,20091116.0,SM_CHEMISTRY,01-10,CYCLE 3 WEEK 4,22,SHIEL MEDICAL LABORATORY,1,0,C008_408,1056.0,
MAXIS-08,20091123.0,SM_CHEMISTRY,01-10,CYCLE 3 WEEK 5,23,SHIEL MEDICAL LABORATORY,1,0,C008_408,1320.0,
MAXIS-08,20091130.0,SM_CHEMISTRY,01-10,CYCLE 3 WEEK 6,24,SHIEL MEDICAL LABORATORY,1,0,C008_408,1109.0,
MAXIS-08,20091215.0,SM_CHEMISTRY,01-10,CYCLE 4 WEEK 1,26,MOUNT SINAI,1,0,C008_408,1135.0,
MAXIS-08,20091221.0,SM_CHEMISTRY,01-10,CYCLE 4 WEEK 2,28,SHIEL MEDICAL LABORATORY,1,0,C008_408,1311.0,
MAXIS-08,20100104.0,SM_CHEMISTRY,01-10,CYCLE 4 WEEK 3,29,SHIEL MEDICAL LABORATORY,1,0,C008_408,1457.0,
MAXIS-08,20100111.0,SM_CHEMISTRY,01-10,CYCLE 4 WEEK 4,30,SHIEL MEDICAL LABORATORY,1,0,C008_408,1442.0,
MAXIS-08,20100118.0,SM_CHEMISTRY,01-10,CYCLE 4 WEEK 5,31,SHIEL MEDICAL LABORATORY,1,0,C008_408,1516.0,
MAXIS-08,20100125.0,SM_CHEMISTRY,01-10,CYCLE 4 WEEK 6,32,SHIEL MEDICAL LABORATORY,1,0,C008_408,1238.0,
MAXIS-08,20090722.0,SM_CHEMISTRY,01-10,CYCLE 1 WEEK 1B,300,MOUNT SINAI,1,0,C008_408,1425.0,
MAXIS-08,20090724.0,SM_CHEMISTRY,01-10,CYCLE 1 WEEK 1C,500,ARENA ONCOLOGY ASSOCIATES,1,0,C008_408,1149.0,
MAXIS-08,20090729.0,SM_CHEMISTRY,01-10,CYCLE 1 WEEK 2B,301,MOUNT SINAI,1,0,C008_408,1530.0,
MAXIS-08,,SM_CHEMISTRY,01-10,CYCLE 1 WEEK 3B,302,,1,0,C008_408,,NOT DONE
MAXIS-08,20090812.0,SM_CHEMISTRY,01-10,CYCLE 1 WEEK 4B,303,MOUNT SINAI,1,0,C008_408,1145.0,
MAXIS-08,20090819.0,SM_CHEMISTRY,01-10,CYCLE 1 WEEK 5B,304,MOUNT SINAI,1,0,C008_408,1050.0,
MAXIS-08,20090826.0,SM_CHEMISTRY,01-10,CYCLE 1 WEEK 6B,305,MOUNT SINAI,1,0,C008_408,1145.0,
MAXIS-08,20090909.0,SM_CHEMISTRY,01-10,CYCLE 2 WEEK 1B,306,MOUNT SINAI,1,0,C008_408,1215.0,
MAXIS-08,20090916.0,SM_CHEMISTRY,01-10,CYCLE 2 WEEK 2B,307,MOUNT SINAI,1,0,C008_408,1230.0,
MAXIS-08,20090923.0,SM_CHEMISTRY,01-10,CYCLE 2 WEEK 3B,308,MOUNT SINAI,1,0,C008_408,1300.0,
MAXIS-08,20090930.0,SM_CHEMISTRY,01-10,CYCLE 2 WEEK 4B,309,MOUNT SINAI,1,0,C008_408,1300.0,
MAXIS-08,20091007.0,SM_CHEMISTRY,01-10,CYCLE 2 WEEK 5B,310,MOUNT SINAI,1,0,C008_408,1215.0,
MAXIS-08,20091014.0,SM_CHEMISTRY,01-10,CYCLE 2 WEEK 6B,311,MOUNT SINAI,1,0,C008_408,1230.0,
MAXIS-08,20091028.0,SM_CHEMISTRY,01-10,CYCLE 3 WEEK 1B,312,MOUNT SINAI,1,0,C008_408,1340.0,
MAXIS-08,20091104.0,SM_CHEMISTRY,01-10,CYCLE 3 WEEK 2B,313,MOUNT SINAI,1,0,C008_408,1516.0,
MAXIS-08,20091111.0,SM_CHEMISTRY,01-10,CYCLE 3 WEEK 3B,314,MOUNT SINAI,1,0,C008_408,1208.0,
MAXIS-08,20091118.0,SM_CHEMISTRY,01-10,CYCLE 3 WEEK 4B,315,MOUNT SINAI,1,0,C008_408,1230.0,
MAXIS-08,20091125.0,SM_CHEMISTRY,01-10,CYCLE 3 WEEK 5B,316,MOUNT SINAI,1,0,C008_408,1205.0,
MAXIS-08,20091202.0,SM_CHEMISTRY,01-10,CYCLE 3 WEEK 6B,317,MOUNT SINAI,1,0,C008_408,1544.0,
MAXIS-08,20090731.0,SM_CHEMISTRY,01-10,CYCLE 1 WEEK 2C,501,ARENA ONCOLOGY ASSOCIATES,1,0,C008_408,1432.0,
MAXIS-08,20090807.0,SM_CHEMISTRY,01-10,CYCLE 1 WEEK 3C,502,ARENA ONCOLOGY ASSOCIATES,1,0,C008_408,1128.0,
MAXIS-08,20090814.0,SM_CHEMISTRY,01-10,CYCLE 1 WEEK 4C,503,ARENA ONCOLOGY ASSOCIATES,1,0,C008_408,1220.0,
MAXIS-08,20090821.0,SM_CHEMISTRY,01-10,CYCLE 1 WEEK 5C,504,ARENA ONCOLOGY ASSOCIATES,1,0,C008_408,1439.0,
MAXIS-08,20090831.0,SM_CHEMISTRY,01-10,CYCLE 1 WEEK 6C,505,MOUNT SINAI,1,0,C008_408,1445.0,
MAXIS-08,,SM_CHEMISTRY,01-10,CYCLE 2 WEEK 1C,506,,1,0,C008_408,,NOT DONE
MAXIS-08,20090918.0,SM_CHEMISTRY,01-10,CYCLE 2 WEEK 2C,507,ARENA ONCOLOGY ASSOCIATES,1,0,C008_408,1612.0,
MAXIS-08,20090925.0,SM_CHEMISTRY,01-10,CYCLE 2 WEEK 3C,508,SHIEL MEDICAL LABORATORY,1,0,C008_408,1250.0,
MAXIS-08,20091002.0,SM_CHEMISTRY,01-10,CYCLE 2 WEEK 4C,509,ARENA ONCOLOGY ASSOCIATES,1,0,C008_408,1638.0,
MAXIS-08,20091009.0,SM_CHEMISTRY,01-10,CYCLE 2 WEEK 5C,510,ARENA ONCOLOGY ASSOCIATES,1,0,C008_408,1433.0,
MAXIS-08,20091016.0,SM_CHEMISTRY,01-10,CYCLE 2 WEEK 6C,511,MOUNT SINAI,1,0,C008_408,1849.0,
MAXIS-08,20091030.0,SM_CHEMISTRY,01-10,CYCLE 3 WEEK 1C,512,SHIEL MEDICAL LABORATORY,1,0,C008_408,1229.0,
MAXIS-08,20091106.0,SM_CHEMISTRY,01-10,CYCLE 3 WEEK 2C,513,SHIEL MEDICAL LABORATORY,1,0,C008_408,1206.0,
MAXIS-08,20091113.0,SM_CHEMISTRY,01-10,CYCLE 3 WEEK 3C,514,SHIEL MEDICAL LABORATORY,1,0,C008_408,1402.0,
MAXIS-08,20091120.0,SM_CHEMISTRY,01-10,CYCLE 3 WEEK 4C,515,SHIEL MEDICAL LABORATORY,1,0,C008_408,1103.0,
MAXIS-08,,SM_CHEMISTRY,01-10,CYCLE 3 WEEK 5C,516,,1,0,C008_408,,NOT DONE
MAXIS-08,,SM_CHEMISTRY,01-10,CYCLE 3 WEEK 6C,517,,1,0,C008_408,,NOT DONE
MAXIS-08,20100208.0,SM_CHEMISTRY,01-10,OFF-STUDY,998,MOUNT SINAI,1,0,C008_408,1215.0,
MAXIS-08,20090722.0,SM_CHEMISTRY,01-11,BASELINE,1,MOUNT SINAI,1,0,C008_408,1610.0,
MAXIS-08,,SM_CHEMISTRY,01-11,CYCLE 1 WEEK 1,2,,1,0,C008_408,,NOT DONE
MAXIS-08,20090730.0,SM_CHEMISTRY,01-11,CYCLE 1 WEEK 2,4,MOUNT SINAI,1,0,C008_408,1028.0,
MAXIS-08,20090805.0,SM_CHEMISTRY,01-11,CYCLE 1 WEEK 3,5,MOUNT SINAI,1,0,C008_408,645.0,
MAXIS-08,20090813.0,SM_CHEMISTRY,01-11,CYCLE 1 WEEK 4,6,MOUNT SINAI,1,0,C008_408,1030.0,
MAXIS-08,20090820.0,SM_CHEMISTRY,01-11,CYCLE 1 WEEK 5,7,MOUNT SINAI,1,0,C008_408,1040.0,
MAXIS-08,20090827.0,SM_CHEMISTRY,01-11,CYCLE 1 WEEK 6,8,MOUNT SINAI,1,0,C008_408,1035.0,
MAXIS-08,20090902.0,SM_CHEMISTRY,01-11,CYCLE 2 WEEK 1,10,MOUNT SINAI,1,0,C008_408,1409.0,
MAXIS-08,20090910.0,SM_CHEMISTRY,01-11,CYCLE 2 WEEK 2,12,MOUNT SINAI,1,0,C008_408,1005.0,
MAXIS-08,20090917.0,SM_CHEMISTRY,01-11,CYCLE 2 WEEK 3,13,MOUNT SINAI,1,0,C008_408,1050.0,
MAXIS-08,20090924.0,SM_CHEMISTRY,01-11,CYCLE 2 WEEK 4,14,MOUNT SINAI,1,0,C008_408,1030.0,
MAXIS-08,20091001.0,SM_CHEMISTRY,01-11,CYCLE 2 WEEK 5,15,MOUNT SINAI,1,0,C008_408,945.0,
MAXIS-08,20091008.0,SM_CHEMISTRY,01-11,CYCLE 2 WEEK 6,16,MOUNT SINAI,1,0,C008_408,945.0,
MAXIS-08,20091022.0,SM_CHEMISTRY,01-11,CYCLE 3 WEEK 1,18,MOUNT SINAI,1,0,C008_408,1000.0,
MAXIS-08,20091029.0,SM_CHEMISTRY,01-11,CYCLE 3 WEEK 2,20,MOUNT SINAI,1,0,C008_408,1030.0,
MAXIS-08,20091105.0,SM_CHEMISTRY,01-11,CYCLE 3 WEEK 3,21,MOUNT SINAI,1,0,C008_408,1000.0,
MAXIS-08,20091112.0,SM_CHEMISTRY,01-11,CYCLE 3 WEEK 4,22,MOUNT SINAI,1,0,C008_408,950.0,
MAXIS-08,20091119.0,SM_CHEMISTRY,01-11,CYCLE 3 WEEK 5,23,MOUNT SINAI,1,0,C008_408,940.0,
MAXIS-08,20091124.0,SM_CHEMISTRY,01-11,CYCLE 3 WEEK 6,24,MOUNT SINAI,1,0,C008_408,950.0,
MAXIS-08,20091201.0,SM_CHEMISTRY,01-11,CYCLE 4 WEEK 1,26,MOUNT SINAI,1,0,C008_408,1630.0,
MAXIS-08,20091208.0,SM_CHEMISTRY,01-11,CYCLE 4 WEEK 2,28,MOUNT SINAI,1,0,C008_408,950.0,
MAXIS-08,20091215.0,SM_CHEMISTRY,01-11,CYCLE 4 WEEK 3,29,MOUNT SINAI,1,0,C008_408,1000.0,
MAXIS-08,20091222.0,SM_CHEMISTRY,01-11,CYCLE 4 WEEK 4,30,MOUNT SINAI,1,0,C008_408,1010.0,
MAXIS-08,20091229.0,SM_CHEMISTRY,01-11,CYCLE 4 WEEK 5,31,MOUNT SINAI,1,0,C008_408,940.0,
MAXIS-08,20100105.0,SM_CHEMISTRY,01-11,CYCLE 4 WEEK 6,32,MOUNT SINAI,1,0,C008_408,955.0,
MAXIS-08,20090724.0,SM_CHEMISTRY,01-11,CYCLE 1 WEEK 1B,300,MOUNT SINAI,1,0,C008_408,1425.0,
MAXIS-08,20090727.0,SM_CHEMISTRY,01-11,CYCLE 1 WEEK 1C,500,QUEST DIAGNOSTICS,1,0,C008_408,805.0,
MAXIS-08,20090731.0,SM_CHEMISTRY,01-11,CYCLE 1 WEEK 2B,301,MOUNT SINAI,1,0,C008_408,1410.0,
MAXIS-08,20090807.0,SM_CHEMISTRY,01-11,CYCLE 1 WEEK 3B,302,MOUNT SINAI,1,0,C008_408,1107.0,
MAXIS-08,20090814.0,SM_CHEMISTRY,01-11,CYCLE 1 WEEK 4B,303,MOUNT SINAI,1,0,C008_408,1225.0,
MAXIS-08,20090821.0,SM_CHEMISTRY,01-11,CYCLE 1 WEEK 5B,304,MOUNT SINAI,1,0,C008_408,1350.0,
MAXIS-08,20090828.0,SM_CHEMISTRY,01-11,CYCLE 1 WEEK 6B,305,MOUNT SINAI,1,0,C008_408,1210.0,
MAXIS-08,20040904.0,SM_CHEMISTRY,01-11,CYCLE 2 WEEK 1B,306,MOUNT SINAI,1,0,C008_408,1050.0,
MAXIS-08,20090911.0,SM_CHEMISTRY,01-11,CYCLE 2 WEEK 2B,307,MOUNT SINAI,1,0,C008_408,1150.0,
MAXIS-08,20090918.0,SM_CHEMISTRY,01-11,CYCLE 2 WEEK 3B,308,MOUNT SINAI,1,0,C008_408,1425.0,
MAXIS-08,20090925.0,SM_CHEMISTRY,01-11,CYCLE 2 WEEK 4B,309,MOUNT SINAI,1,0,C008_408,1315.0,
MAXIS-08,20091002.0,SM_CHEMISTRY,01-11,CYCLE 2 WEEK 5B,310,MOUNT SINAI,1,0,C008_408,1245.0,
MAXIS-08,20091009.0,SM_CHEMISTRY,01-11,CYCLE 2 WEEK 6B,311,MOUNT SINAI,1,0,C008_408,1300.0,
MAXIS-08,20091023.0,SM_CHEMISTRY,01-11,CYCLE 3 WEEK 1B,312,MOUNT SINAI,1,0,C008_408,1215.0,
MAXIS-08,20091030.0,SM_CHEMISTRY,01-11,CYCLE 3 WEEK 2B,313,MOUNT SINAI,1,0,C008_408,1510.0,
MAXIS-08,20091106.0,SM_CHEMISTRY,01-11,CYCLE 3 WEEK 3B,314,MOUNT SINAI,1,0,C008_408,1400.0,
MAXIS-08,20091113.0,SM_CHEMISTRY,01-11,CYCLE 3 WEEK 4B,315,MOUNT SINAI,1,0,C008_408,1210.0,
MAXIS-08,20091120.0,SM_CHEMISTRY,01-11,CYCLE 3 WEEK 5B,316,MOUNT SINAI,1,0,C008_408,1240.0,
MAXIS-08,20091125.0,SM_CHEMISTRY,01-11,CYCLE 3 WEEK 6B,317,MOUNT SINAI,1,0,C008_408,1330.0,
MAXIS-08,20090804.0,SM_CHEMISTRY,01-11,CYCLE 1 WEEK 2C,501,MOUNT SINAI,1,0,C008_408,1055.0,
MAXIS-08,,SM_CHEMISTRY,01-11,CYCLE 1 WEEK 3C,502,,1,0,C008_408,,NOT DONE
MAXIS-08,20090817.0,SM_CHEMISTRY,01-11,CYCLE 1 WEEK 4C,503,QUEST DIAGNOSTICS,1,0,C008_408,805.0,
MAXIS-08,20090824.0,SM_CHEMISTRY,01-11,CYCLE 1 WEEK 5C,504,QUEST DIAGNOSTICS,1,0,C008_408,759.0,
MAXIS-08,20090831.0,SM_CHEMISTRY,01-11,CYCLE 1 WEEK 6C,505,QUEST DIAGNOSTICS,1,0,C008_408,936.0,
MAXIS-08,20090908.0,SM_CHEMISTRY,01-11,CYCLE 2 WEEK 1C,506,QUEST DIAGNOSTICS,1,0,C008_408,1010.0,
MAXIS-08,20090914.0,SM_CHEMISTRY,01-11,CYCLE 2 WEEK 2C,507,QUEST DIAGNOSTICS,1,0,C008_408,1230.0,
MAXIS-08,20090921.0,SM_CHEMISTRY,01-11,CYCLE 2 WEEK 3C,508,QUEST DIAGNOSTICS,1,0,C008_408,901.0,
MAXIS-08,20090928.0,SM_CHEMISTRY,01-11,CYCLE 2 WEEK 4C,509,QUEST DIAGNOSTICS,1,0,C008_408,1037.0,
MAXIS-08,20091005.0,SM_CHEMISTRY,01-11,CYCLE 2 WEEK 5C,510,QUEST DIAGNOSTICS,1,0,C008_408,1136.0,
MAXIS-08,,SM_CHEMISTRY,01-11,CYCLE 2 WEEK 6C,511,,1,0,C008_408,,NOT DONE
MAXIS-08,20091026.0,SM_CHEMISTRY,01-11,CYCLE 3 WEEK 1C,512,QUEST DIAGNOSTICS,1,0,C008_408,1122.0,
MAXIS-08,,SM_CHEMISTRY,01-11,CYCLE 3 WEEK 2C,513,,1,0,C008_408,,NOT DONE
MAXIS-08,,SM_CHEMISTRY,01-11,CYCLE 3 WEEK 3C,514,,1,0,C008_408,,NOT DONE
MAXIS-08,,SM_CHEMISTRY,01-11,CYCLE 3 WEEK 4C,515,,1,0,C008_408,,NOT DONE
MAXIS-08,20091124.0,SM_CHEMISTRY,01-11,CYCLE 3 WEEK 5C,516,MOUNT SINAI,1,0,C008_408,950.0,
MAXIS-08,20091130.0,SM_CHEMISTRY,01-11,CYCLE 3 WEEK 6C,517,QUEST DIAGNOSTICS,1,0,C008_408,1052.0,
MAXIS-08,20100208.0,SM_CHEMISTRY,01-11,OFF-STUDY,998,MOUNT SINAI,1,0,C008_408,1631.0,
MAXIS-08,20090831.0,SM_CHEMISTRY,01-12,BASELINE,1,MOUNT SINAI,1,0,C008_408,1452.0,
MAXIS-08,,SM_CHEMISTRY,01-12,CYCLE 1 WEEK 1,2,,1,0,C008_408,,NOT DONE
MAXIS-08,,SM_CHEMISTRY,01-12,CYCLE 1 WEEK 2,4,,1,0,C008_408,,NOT DONE
MAXIS-08,,SM_CHEMISTRY,01-12,CYCLE 1 WEEK 3,5,,1,0,C008_408,,NOT DONE
MAXIS-08,,SM_CHEMISTRY,01-12,CYCLE 1 WEEK 4,6,,1,0,C008_408,,NOT DONE
MAXIS-08,,SM_CHEMISTRY,01-12,CYCLE 1 WEEK 5,7,,1,0,C008_408,,NOT DONE
MAXIS-08,,SM_CHEMISTRY,01-12,CYCLE 1 WEEK 6,8,,1,0,C008_408,,NOT DONE
MAXIS-08,20090904.0,SM_CHEMISTRY,01-12,CYCLE 1 WEEK 1B,300,MOUNT SINAI,1,0,C008_408,1245.0,
MAXIS-08,20090904.0,SM_CHEMISTRY,01-12,CYCLE 1 WEEK 1C,500,MOUNT SINAI,1,0,C008_408,1245.0,
MAXIS-08,,SM_CHEMISTRY,01-12,CYCLE 1 WEEK 2B,301,,1,0,C008_408,,NOT DONE
MAXIS-08,,SM_CHEMISTRY,01-12,CYCLE 1 WEEK 3B,302,,1,0,C008_408,,NOT DONE
MAXIS-08,,SM_CHEMISTRY,01-12,CYCLE 1 WEEK 4B,303,,1,0,C008_408,,NOT DONE
MAXIS-08,,SM_CHEMISTRY,01-12,CYCLE 1 WEEK 5B,304,,1,0,C008_408,,NOT DONE
MAXIS-08,,SM_CHEMISTRY,01-12,CYCLE 1 WEEK 6B,305,,1,0,C008_408,,NOT DONE
MAXIS-08,,SM_CHEMISTRY,01-12,CYCLE 1 WEEK 2C,501,,1,0,C008_408,,NOT DONE
MAXIS-08,,SM_CHEMISTRY,01-12,CYCLE 1 WEEK 3C,502,,1,0,C008_408,,NOT DONE
MAXIS-08,,SM_CHEMISTRY,01-12,CYCLE 1 WEEK 4C,503,,1,0,C008_408,,NOT DONE
MAXIS-08,,SM_CHEMISTRY,01-12,CYCLE 1 WEEK 5C,504,,1,0,C008_408,,NOT DONE
MAXIS-08,,SM_CHEMISTRY,01-12,CYCLE 1 WEEK 6C,505,,1,0,C008_408,,NOT DONE
MAXIS-08,,SM_CHEMISTRY,01-12,OFF-STUDY,998,,1,0,C008_408,,NOT DONE
MAXIS-08,20090908.0,SM_CHEMISTRY,01-12,OFF-STUDY,998,MOUNT SINAI,1,1,C008_408,528.0,
MAXIS-08,20090910.0,SM_CHEMISTRY,01-12,OFF-STUDY,998,MOUNT SINAI,1,2,C008_408,348.0,
MAXIS-08,20090921.0,SM_CHEMISTRY,01-13,BASELINE,1,MOUNT SINAI,1,0,C008_408,1400.0,
MAXIS-08,,SM_CHEMISTRY,01-13,CYCLE 1 WEEK 1,2,,1,0,C008_408,,NOT DONE
MAXIS-08,20091001.0,SM_CHEMISTRY,01-13,CYCLE 1 WEEK 2,4,MOUNT SINAI,1,0,C008_408,1005.0,
MAXIS-08,20091008.0,SM_CHEMISTRY,01-13,CYCLE 1 WEEK 3,5,MOUNT SINAI,1,0,C008_408,1100.0,
MAXIS-08,20091015.0,SM_CHEMISTRY,01-13,CYCLE 1 WEEK 4,6,MOUNT SINAI,1,0,C008_408,536.0,
MAXIS-08,20091021.0,SM_CHEMISTRY,01-13,CYCLE 1 WEEK 5,7,MOUNT SINAI,1,0,C008_408,1210.0,
MAXIS-08,,SM_CHEMISTRY,01-13,CYCLE 1 WEEK 6,8,,1,0,C008_408,,NOT DONE
MAXIS-08,20090925.0,SM_CHEMISTRY,01-13,CYCLE 1 WEEK 1B,300,MOUNT SINAI,1,0,C008_408,1447.0,
MAXIS-08,20090928.0,SM_CHEMISTRY,01-13,CYCLE 1 WEEK 1C,500,APEX,1,0,C008_408,1038.0,
MAXIS-08,20091002.0,SM_CHEMISTRY,01-13,CYCLE 1 WEEK 2B,301,MOUNT SINAI,1,0,C008_408,1930.0,
MAXIS-08,20091009.0,SM_CHEMISTRY,01-13,CYCLE 1 WEEK 3B,302,MOUNT SINAI,1,0,C008_408,1510.0,
MAXIS-08,20091016.0,SM_CHEMISTRY,01-13,CYCLE 1 WEEK 4B,303,MOUNT SINAI,1,0,C008_408,1605.0,
MAXIS-08,20091023.0,SM_CHEMISTRY,01-13,CYCLE 1 WEEK 5B,304,MOUNT SINAI,1,0,C008_408,1335.0,
MAXIS-08,,SM_CHEMISTRY,01-13,CYCLE 1 WEEK 6B,305,,1,0,C008_408,,NOT DONE
MAXIS-08,,SM_CHEMISTRY,01-13,CYCLE 1 WEEK 2C,501,,1,0,C008_408,,NOT DONE
MAXIS-08,20091012.0,SM_CHEMISTRY,01-13,CYCLE 1 WEEK 3C,502,MOUNT SINAI,1,0,C008_408,1144.0,
MAXIS-08,,SM_CHEMISTRY,01-13,CYCLE 1 WEEK 4C,503,,1,0,C008_408,,NOT DONE
MAXIS-08,,SM_CHEMISTRY,01-13,CYCLE 1 WEEK 5C,504,,1,0,C008_408,,NOT DONE
MAXIS-08,,SM_CHEMISTRY,01-13,CYCLE 1 WEEK 6C,505,,1,0,C008_408,,NOT DONE
MAXIS-08,20091024.0,SM_CHEMISTRY,01-13,OFF-STUDY,998,MOUNT SINAI,1,0,C008_408,30.0,
MAXIS-08,20091023.0,SM_CHEMISTRY,01-14,BASELINE,1,MOUNT SINAI,1,0,C008_408,1302.0,
MAXIS-08,,SM_CHEMISTRY,01-14,CYCLE 1 WEEK 1,2,,1,0,C008_408,,NOT DONE
MAXIS-08,20091103.0,SM_CHEMISTRY,01-14,CYCLE 1 WEEK 2,4,MOUNT SINAI,1,0,C008_408,1100.0,
MAXIS-08,20091110.0,SM_CHEMISTRY,01-14,CYCLE 1 WEEK 3,5,MOUNT SINAI,1,0,C008_408,1050.0,
MAXIS-08,20091117.0,SM_CHEMISTRY,01-14,CYCLE 1 WEEK 4,6,MOUNT SINAI,1,0,C008_408,1110.0,
MAXIS-08,20091124.0,SM_CHEMISTRY,01-14,CYCLE 1 WEEK 5,7,MOUNT SINAI,1,0,C008_408,1150.0,
MAXIS-08,20091201.0,SM_CHEMISTRY,01-14,CYCLE 1 WEEK 6,8,MOUNT SINAI,1,0,C008_408,1035.0,
MAXIS-08,20091207.0,SM_CHEMISTRY,01-14,CYCLE 2 WEEK 1,10,MOUNT SINAI,1,0,C008_408,1355.0,
MAXIS-08,20091215.0,SM_CHEMISTRY,01-14,CYCLE 2 WEEK 2,12,MOUNT SINAI,1,0,C008_408,1050.0,
MAXIS-08,20091222.0,SM_CHEMISTRY,01-14,CYCLE 2 WEEK 3,13,MOUNT SINAI,1,0,C008_408,1215.0,
MAXIS-08,20091229.0,SM_CHEMISTRY,01-14,CYCLE 2 WEEK 4,14,MOUNT SINAI,1,0,C008_408,1115.0,
MAXIS-08,20100105.0,SM_CHEMISTRY,01-14,CYCLE 2 WEEK 5,15,MOUNT SINAI,1,0,C008_408,1200.0,
MAXIS-08,20100112.0,SM_CHEMISTRY,01-14,CYCLE 2 WEEK 6,16,MOUNT SINAI,1,0,C008_408,1145.0,
MAXIS-08,20091028.0,SM_CHEMISTRY,01-14,CYCLE 1 WEEK 1B,300,MOUNT SINAI,1,0,C008_408,1215.0,
MAXIS-08,20091030.0,SM_CHEMISTRY,01-14,CYCLE 1 WEEK 1C,500,MOUNT SINAI,1,0,C008_408,1515.0,
MAXIS-08,20091104.0,SM_CHEMISTRY,01-14,CYCLE 1 WEEK 2B,301,MOUNT SINAI,1,0,C008_408,1440.0,
MAXIS-08,20091111.0,SM_CHEMISTRY,01-14,CYCLE 1 WEEK 3B,302,MOUNT SINAI,1,0,C008_408,1453.0,
MAXIS-08,20091118.0,SM_CHEMISTRY,01-14,CYCLE 1 WEEK 4B,303,MOUNT SINAI,1,0,C008_408,1555.0,
MAXIS-08,20091125.0,SM_CHEMISTRY,01-14,CYCLE 1 WEEK 5B,304,MOUNT SINAI,1,0,C008_408,1440.0,
MAXIS-08,20091202.0,SM_CHEMISTRY,01-14,CYCLE 1 WEEK 6B,305,MOUNT SINAI,1,0,C008_408,1305.0,
MAXIS-08,20091209.0,SM_CHEMISTRY,01-14,CYCLE 2 WEEK 1B,306,MOUNT SINAI,1,0,C008_408,1255.0,
MAXIS-08,20091216.0,SM_CHEMISTRY,01-14,CYCLE 2 WEEK 2B,307,MOUNT SINAI,1,0,C008_408,1455.0,
MAXIS-08,20091223.0,SM_CHEMISTRY,01-14,CYCLE 2 WEEK 3B,308,MOUNT SINAI,1,0,C008_408,1540.0,
MAXIS-08,20091230.0,SM_CHEMISTRY,01-14,CYCLE 2 WEEK 4B,309,MOUNT SINAI,1,0,C008_408,1500.0,
MAXIS-08,20100106.0,SM_CHEMISTRY,01-14,CYCLE 2 WEEK 5B,310,MOUNT SINAI,1,0,C008_408,1515.0,
MAXIS-08,20100113.0,SM_CHEMISTRY,01-14,CYCLE 2 WEEK 6B,311,MOUNT SINAI,1,0,C008_408,1600.0,
MAXIS-08,20091106.0,SM_CHEMISTRY,01-14,CYCLE 1 WEEK 2C,501,MOUNT SINAI,1,0,C008_408,1408.0,
MAXIS-08,20091113.0,SM_CHEMISTRY,01-14,CYCLE 1 WEEK 3C,502,MOUNT SINAI,1,0,C008_408,1543.0,
MAXIS-08,20091120.0,SM_CHEMISTRY,01-14,CYCLE 1 WEEK 4C,503,MOUNT SINAI,1,0,C008_408,1340.0,
MAXIS-08,20091127.0,SM_CHEMISTRY,01-14,CYCLE 1 WEEK 5C,504,MOUNT SINAI,1,0,C008_408,1553.0,
MAXIS-08,20091204.0,SM_CHEMISTRY,01-14,CYCLE 1 WEEK 6C,505,MOUNT SINAI,1,0,C008_408,1524.0,
MAXIS-08,20091211.0,SM_CHEMISTRY,01-14,CYCLE 2 WEEK 1C,506,MOUNT SINAI,1,0,C008_408,1355.0,
MAXIS-08,20091218.0,SM_CHEMISTRY,01-14,CYCLE 2 WEEK 2C,507,MOUNT SINAI,1,0,C008_408,1310.0,
MAXIS-08,,SM_CHEMISTRY,01-14,CYCLE 2 WEEK 3C,508,,1,0,C008_408,,NOT DONE
MAXIS-08,20091230.0,SM_CHEMISTRY,01-14,CYCLE 2 WEEK 4C,509,MOUNT SINAI,1,0,C008_408,1500.0,
MAXIS-08,,SM_CHEMISTRY,01-14,CYCLE 2 WEEK 5C,510,,1,0,C008_408,,NOT DONE
MAXIS-08,20100115.0,SM_CHEMISTRY,01-14,CYCLE 2 WEEK 6C,511,MOUNT SINAI,1,0,C008_408,1412.0,
MAXIS-08,20100126.0,SM_CHEMISTRY,01-14,OFF-STUDY,998,MOUNT SINAI,1,0,C008_408,645.0,
MAXIS-08,20100323.0,SM_CHEMISTRY,01-15,BASELINE,1,MOUNT SINAI,1,0,C008_408,1440.0,
MAXIS-08,,SM_CHEMISTRY,01-15,CYCLE 1 WEEK 1,2,,1,0,C008_408,,NOT DONE
MAXIS-08,20100405.0,SM_CHEMISTRY,01-15,CYCLE 1 WEEK 2,4,MOUNT SINAI,1,0,C008_408,932.0,
MAXIS-08,20100413.0,SM_CHEMISTRY,01-15,CYCLE 1 WEEK 3,5,MOUNT SINAI,1,0,C008_408,1200.0,
MAXIS-08,20100420.0,SM_CHEMISTRY,01-15,CYCLE 1 WEEK 4,6,MOUNT SINAI,1,0,C008_408,1130.0,
MAXIS-08,20100427.0,SM_CHEMISTRY,01-15,CYCLE 1 WEEK 5,7,MOUNT SINAI,1,0,C008_408,1034.0,
MAXIS-08,20100504.0,SM_CHEMISTRY,01-15,CYCLE 1 WEEK 6,8,MOUNT SINAI,1,0,C008_408,1100.0,
MAXIS-08,20100331.0,SM_CHEMISTRY,01-15,CYCLE 1 WEEK 1B,300,MOUNT SINAI,1,0,C008_408,1255.0,
MAXIS-08,20100402.0,SM_CHEMISTRY,01-15,CYCLE 1 WEEK 1C,500,LABCORP,1,0,C008_408,919.0,
MAXIS-08,20100406.0,SM_CHEMISTRY,01-15,CYCLE 1 WEEK 2B,301,MOUNT SINAI,1,0,C008_408,1000.0,
MAXIS-08,20100414.0,SM_CHEMISTRY,01-15,CYCLE 1 WEEK 3B,302,MOUNT SINAI,1,0,C008_408,1305.0,
MAXIS-08,20100421.0,SM_CHEMISTRY,01-15,CYCLE 1 WEEK 4B,303,MOUNT SINAI,1,0,C008_408,1130.0,
MAXIS-08,20100428.0,SM_CHEMISTRY,01-15,CYCLE 1 WEEK 5B,304,MOUNT SINAI,1,0,C008_408,1255.0,
MAXIS-08,20100505.0,SM_CHEMISTRY,01-15,CYCLE 1 WEEK 6B,305,MOUNT SINAI,1,0,C008_408,1130.0,
MAXIS-08,20100409.0,SM_CHEMISTRY,01-15,CYCLE 1 WEEK 2C,501,LABCORP,1,0,C008_408,839.0,
MAXIS-08,20100416.0,SM_CHEMISTRY,01-15,CYCLE 1 WEEK 3C,502,LABCORP,1,0,C008_408,829.0,
MAXIS-08,20100423.0,SM_CHEMISTRY,01-15,CYCLE 1 WEEK 4C,503,LABCORP,1,0,C008_408,839.0,
MAXIS-08,20100430.0,SM_CHEMISTRY,01-15,CYCLE 1 WEEK 5C,504,LABCORP,1,0,C008_408,940.0,
MAXIS-08,20100507.0,SM_CHEMISTRY,01-15,CYCLE 1 WEEK 6C,505,LABCORP,1,0,C008_408,917.0,
MAXIS-08,,SM_CHEMISTRY,01-15,OFF-STUDY,998,,1,0,C008_408,,NOT DONE
MAXIS-08,20100609.0,SM_CHEMISTRY,01-16,BASELINE,1,QUEST DIAGNOSTICS,1,0,C008_408,1246.0,
MAXIS-08,20100615.0,SM_CHEMISTRY,01-16,CYCLE 1 WEEK 1,2,MOUNT SINAI,1,0,C008_408,1230.0,
MAXIS-08,20100621.0,SM_CHEMISTRY,01-16,CYCLE 1 WEEK 2,4,QUEST DIAGNOSTICS,1,0,C008_408,1128.0,
MAXIS-08,20100629.0,SM_CHEMISTRY,01-16,CYCLE 1 WEEK 3,5,MOUNT SINAI,1,0,C008_408,1115.0,
MAXIS-08,20100708.0,SM_CHEMISTRY,01-16,CYCLE 1 WEEK 4,6,MOUNT SINAI,1,0,C008_408,1115.0,
MAXIS-08,20100713.0,SM_CHEMISTRY,01-16,CYCLE 1 WEEK 5,7,MOUNT SINAI,1,0,C008_408,1124.0,
MAXIS-08,20100720.0,SM_CHEMISTRY,01-16,CYCLE 1 WEEK 6,8,MOUNT SINAI,1,0,C008_408,1130.0,
MAXIS-08,20100616.0,SM_CHEMISTRY,01-16,CYCLE 1 WEEK 1B,300,MOUNT SINAI,1,0,C008_408,1405.0,
MAXIS-08,20100618.0,SM_CHEMISTRY,01-16,CYCLE 1 WEEK 1C,500,QUEST DIAGNOSTICS,1,0,C008_408,1041.0,
MAXIS-08,20100623.0,SM_CHEMISTRY,01-16,CYCLE 1 WEEK 2B,301,QUEST DIAGNOSTICS,1,0,C008_408,1255.0,
MAXIS-08,20100630.0,SM_CHEMISTRY,01-16,CYCLE 1 WEEK 3B,302,MOUNT SINAI,1,0,C008_408,1245.0,
MAXIS-08,20100709.0,SM_CHEMISTRY,01-16,CYCLE 1 WEEK 4B,303,MOUNT SINAI,1,0,C008_408,1230.0,
MAXIS-08,20100714.0,SM_CHEMISTRY,01-16,CYCLE 1 WEEK 5B,304,MOUNT SINAI,1,0,C008_408,1340.0,
MAXIS-08,,SM_CHEMISTRY,01-16,CYCLE 1 WEEK 6B,305,,1,0,C008_408,,NOT DONE
MAXIS-08,20100625.0,SM_CHEMISTRY,01-16,CYCLE 1 WEEK 2C,501,QUEST DIAGNOSTICS,1,0,C008_408,947.0,
MAXIS-08,20100702.0,SM_CHEMISTRY,01-16,CYCLE 1 WEEK 3C,502,QUEST DIAGNOSTICS,1,0,C008_408,1221.0,
MAXIS-08,,SM_CHEMISTRY,01-16,CYCLE 1 WEEK 4C,503,,1,0,C008_408,,NOT DONE
MAXIS-08,20100716.0,SM_CHEMISTRY,01-16,CYCLE 1 WEEK 5C,504,QUEST DIAGNOSTICS,1,0,C008_408,1006.0,
MAXIS-08,,SM_CHEMISTRY,01-16,CYCLE 1 WEEK 6C,505,,1,0,C008_408,,NOT DONE
MAXIS-08,20100810.0,SM_CHEMISTRY,01-16,OFF-STUDY,998,MOUNT SINAI,1,0,C008_408,1449.0,
