﻿STUDY,DCMNAME,CPEVENT,PT,VISIT,RCE,DOB,GENDRL,GENDER,SUBEVE,REPEATSN,INVSITE
MAXIS-08,DEMOGRAPHY,BASELINE,01-01,1,BLACK,19740918,MALE,M,0,1,C008_408
MAXIS-08,DEMOGRAPHY,BASELINE,01-02,1,ASIAN,19500807,MALE,M,0,1,C008_408
MAXIS-08,DEMOGRAPHY,BASELINE,01-03,1,HISPANIC,19620715,FEMALE,F,0,1,C008_408
MAXIS-08,DEMOGRAPHY,BASELINE,01-04,1,HISPANIC,19700108,FEMALE,F,0,1,C008_408
MAXIS-08,DEMOGRAPHY,BASELINE,01-05,1,ASIAN,19730520,MALE,M,0,1,C008_408
MAXIS-08,DEMOGRAPHY,BASELINE,01-06,1,WHITE,19810129,MALE,M,0,1,C008_408
MAXIS-08,DEMOGRAPHY,BASELINE,01-07,1,HISPANIC,19380518,MALE,M,0,1,C008_408
MAXIS-08,DEMOGRAPHY,BASELINE,01-08,1,ASIAN,19300623,FEMALE,F,0,1,C008_408
MAXIS-08,DEMOGRAPHY,BASELINE,01-09,1,WHITE,19440703,MALE,M,0,1,C008_408
MAXIS-08,DEMOGRAPHY,BASELINE,01-10,1,WHITE,19510110,FEMALE,F,0,1,C008_408
MAXIS-08,DEMOGRAPHY,BASELINE,01-11,1,WHITE,19400315,FEMALE,F,0,1,C008_408
MAXIS-08,DEMOGRAPHY,BASELINE,01-12,1,WHITE,19380223,FEMALE,F,0,1,C008_408
MAXIS-08,DEMOGRAPHY,BASELINE,01-13,1,WHITE,19340926,FEMALE,F,0,1,C008_408
MAXIS-08,DEMOGRAPHY,BASELINE,01-14,1,HISPANIC,19490413,FEMALE,F,0,1,C008_408
MAXIS-08,DEMOGRAPHY,BASELINE,01-15,1,WHITE,19441229,MALE,M,0,1,C008_408
MAXIS-08,DEMOGRAPHY,BASELINE,01-16,1,WHITE,19630501,FEMALE,F,0,1,C008_408
