﻿MHQSN4,MHQSN3,DCMNAME,PT,QUALIFYV,MHQSN5,REPEATSN,MHDT,STUDY,CPEVENT,VISIT,SUBEVE,INVSITE,HLGTTERM,LLTCODE,MHTEXT,HLGTCODE,HLTTERM,HLTCODE,LLTTERM,SOCCODE,SOCTERM,MHQSN2,MHQSN1,MHQSNL2,MHQSNL1,PTCODE,PTTERM,MODTERM,MHANY
STOMACH,INFILTRATING POORLY DIFFERENTIATED GASTRIC ADENOCARCINOMA,MH_DISEASE_HX,01-01,2,GASTRIC,1,20080418,MAXIS-08,BASELINE,1,0,C008_408,,,,,,,,,,,,,,,,,
,,MH_DISEASE_HX,01-01,4,,3,20080826,MAXIS-08,BASELINE,1,0,C008_408,Gastrointestinal signs and symptoms,10000081.0,ABDOMINAL PAIN,10018012.0,Gastrointestinal and abdominal pains (excl oral and throat),10017926.0,Abdominal pain,10017947.0,Gastrointestinal disorders,N,1.0,NO,1.0,10000081.0,Abdominal pain,,
,,MH_DISEASE_HX,01-01,4,,4,20080826,MAXIS-08,BASELINE,1,0,C008_408,Urinary tract signs and symptoms,10046603.0,PAIN ON URINATION,10046590.0,Bladder and urethral symptoms,10004995.0,Urination pain,10038359.0,Renal and urinary disorders,N,1.0,NO,1.0,10013990.0,Dysuria,Urination pain,
,,MH_DISEASE_HX,01-01,4,,1,20080826,MAXIS-08,BASELINE,1,0,C008_408,Salivary gland conditions,10039428.0,SALIVATION,10039404.0,Oral dryness and saliva altered,10030975.0,Salivation,10017947.0,Gastrointestinal disorders,N,1.0,NO,1.0,10039424.0,Salivary hypersecretion,,Y
,,MH_DISEASE_HX,01-01,4,,2,20080826,MAXIS-08,BASELINE,1,0,C008_408,Physical examination and organ system status topics,10047900.0,WEIGHT LOSS,10071940.0,Physical examination procedures and organ system status,10071941.0,Weight loss,10022891.0,Investigations,N,1.0,NO,1.0,10047895.0,Weight decreased,,
LIVER,MODERATELY TO POORLY DIFFERENTIATED HEPATOCELLULAR CARCINOMA,MH_DISEASE_HX,01-02,2,LIVER,1,20070524,MAXIS-08,BASELINE,1,0,C008_408,,,,,,,,,,,,,,,,,
,,MH_DISEASE_HX,01-02,4,,6,20081219,MAXIS-08,BASELINE,1,0,C008_408,Anaemias nonhaemolytic and marrow depression,10002272.0,ANEMIA,10002086.0,Anaemias NEC,10002067.0,Anemia,10005329.0,Blood and lymphatic system disorders,N,2.0,NO,2.0,10002034.0,Anaemia,,
,,MH_DISEASE_HX,01-02,4,,1,20081219,MAXIS-08,BASELINE,1,0,C008_408,Appetite and general nutritional disorders,10002646.0,ANOREXIA,10003018.0,Appetite disorders,10003022.0,Anorexia,10027433.0,Metabolism and nutrition disorders,N,1.0,NO,1.0,10061428.0,Decreased appetite,,Y
,,MH_DISEASE_HX,01-02,4,,2,20081219,MAXIS-08,BASELINE,1,0,C008_408,Respiratory disorders NEC,10011224.0,COUGH,10038716.0,Coughing and associated symptoms,10011233.0,Cough,10038738.0,"Respiratory, thoracic and mediastinal disorders",N,1.0,NO,1.0,10011224.0,Cough,,
,,MH_DISEASE_HX,01-02,4,,5,20081219,MAXIS-08,BASELINE,1,0,C008_408,Depressed mood disorders and disturbances,10012378.0,DEPRESSION,10012375.0,Depressive disorders,10012401.0,Depression,10037175.0,Psychiatric disorders,N,1.0,NO,1.0,10012378.0,Depression,,
,,MH_DISEASE_HX,01-02,4,,4,20081219,MAXIS-08,BASELINE,1,0,C008_408,General system disorders NEC,10016256.0,FATIGUE,10018073.0,Asthenic conditions,10003550.0,Fatigue,10018065.0,General disorders and administration site conditions,N,1.0,NO,1.0,10016256.0,Fatigue,,
,,MH_DISEASE_HX,01-02,4,,3,20081219,MAXIS-08,BASELINE,1,0,C008_408,Electrolyte and fluid balance conditions,10021038.0,HYPONATREMIA,10014412.0,Sodium imbalance,10041273.0,Hyponatremia,10027433.0,Metabolism and nutrition disorders,N,1.0,NO,1.0,10021036.0,Hyponatraemia,,
RIGHT BREAST,"INVASIVE DUCTAL CARCINOMA, HIGH GRADE, WITH LYMPHATIC INVASION",MH_DISEASE_HX,01-03,2,BREAST,1,20061227,MAXIS-08,BASELINE,1,0,C008_408,,,,,,,,,,,,,,,,,
,,MH_DISEASE_HX,01-03,4,,9,20090122,MAXIS-08,BASELINE,1,0,C008_408,Hepatobiliary investigations,10001844.0,ALT,10019809.0,Liver function analyses,10024689.0,ALT,10022891.0,Investigations,N,1.0,NO,1.0,10001546.0,Alanine aminotransferase,,
,,MH_DISEASE_HX,01-03,4,,3,20090122,MAXIS-08,BASELINE,1,0,C008_408,Appetite and general nutritional disorders,10002646.0,ANOREXIA,10003018.0,Appetite disorders,10003022.0,Anorexia,10027433.0,Metabolism and nutrition disorders,N,1.0,NO,1.0,10061428.0,Decreased appetite,,
,,MH_DISEASE_HX,01-03,4,,1,20090120,MAXIS-08,BASELINE,1,1,C008_408,Hepatobiliary investigations,10003544.0,AST (ELEVATED),10019809.0,Liver function analyses,10024689.0,AST increased,10022891.0,Investigations,N,2.0,NO,2.0,10003481.0,Aspartate aminotransferase increased,AST increased,Y
,,MH_DISEASE_HX,01-03,4,,8,20090122,MAXIS-08,BASELINE,1,0,C008_408,Physical examination and organ system status topics,10062556.0,DECREASED GRIP POWER,10071940.0,Physical examination procedures and organ system status,10071941.0,Grip strength decreased,10022891.0,Investigations,N,1.0,NO,1.0,10062556.0,Grip strength decreased,Grip strength decreased,
,,MH_DISEASE_HX,01-03,4,,1,20090122,MAXIS-08,BASELINE,1,0,C008_408,General system disorders NEC,10016256.0,FATIGUE,10018073.0,Asthenic conditions,10003550.0,Fatigue,10018065.0,General disorders and administration site conditions,N,2.0,NO,2.0,10016256.0,Fatigue,,Y
,,MH_DISEASE_HX,01-03,4,,5,20090122,MAXIS-08,BASELINE,1,0,C008_408,Gastrointestinal motility and defaecation conditions,10010774.0,INTERMITTENT CONSTIPATION,10017977.0,Gastrointestinal atonic and hypomotility disorders NEC,10017933.0,Constipation,10017947.0,Gastrointestinal disorders,N,1.0,NO,1.0,10010774.0,Constipation,Constipation,
,,MH_DISEASE_HX,01-03,4,,7,20090122,MAXIS-08,BASELINE,1,0,C008_408,Neurological disorders NEC,10033987.0,PERIPHERAL PARESTHESIA,10029305.0,Paraesthesias and dysaesthesias,10033788.0,Paresthesia,10029205.0,Nervous system disorders,N,1.0,NO,1.0,10033775.0,Paraesthesia,Paresthesia,
,,MH_DISEASE_HX,01-03,4,,6,20090122,MAXIS-08,BASELINE,1,0,C008_408,General system disorders NEC,10014236.0,RIGHT UPPER EXTREMITY EDEMA,10018073.0,Oedema NEC,10030113.0,Edema of extremities,10018065.0,General disorders and administration site conditions,N,1.0,NO,1.0,10030124.0,Oedema peripheral,Edema of extremities,
,,MH_DISEASE_HX,01-03,4,,4,20090122,MAXIS-08,BASELINE,1,0,C008_408,Gastrointestinal signs and symptoms,10039162.0,RIGHT UPPER QUADRANT ABDOMINAL PAIN,10018012.0,Gastrointestinal and abdominal pains (excl oral and throat),10017926.0,Right upper quadrant pain,10017947.0,Gastrointestinal disorders,Y,2.0,YES,2.0,10000087.0,Abdominal pain upper,Right upper quadrant pain,
,,MH_DISEASE_HX,01-03,4,,2,20090122,MAXIS-08,BASELINE,1,0,C008_408,Physical examination and organ system status topics,10047900.0,WEIGHT LOSS,10071940.0,Physical examination procedures and organ system status,10071941.0,Weight loss,10022891.0,Investigations,N,1.0,NO,1.0,10047895.0,Weight decreased,,
LEFT BREAST,INFILTRATING DUCTAL CARCINOMA,MH_DISEASE_HX,01-04,2,BREAST,1,20041208,MAXIS-08,BASELINE,1,0,C008_408,,,,,,,,,,,,,,,,,
,,MH_DISEASE_HX,01-04,4,,1,20090127,MAXIS-08,BASELINE,1,0,C008_408,Musculoskeletal and connective tissue disorders NEC,10003988.0,BACK PAIN,10028393.0,Musculoskeletal and connective tissue pain and discomfort,10068757.0,Back pain,10028395.0,Musculoskeletal and connective tissue disorders,Y,2.0,YES,2.0,10003988.0,Back pain,,Y
,,MH_DISEASE_HX,01-04,4,,2,20090127,MAXIS-08,BASELINE,1,0,C008_408,Neurological disorders NEC,10033987.0,PARESTHESIA (FINGERS/TOES),10029305.0,Paraesthesias and dysaesthesias,10033788.0,Paresthesia,10029205.0,Nervous system disorders,N,1.0,NO,1.0,10033775.0,Paraesthesia,Paresthesia,
,,MH_DISEASE_HX,01-04,4,,3,20090127,MAXIS-08,BASELINE,1,0,C008_408,"Arteriosclerosis, stenosis, vascular insufficiency and necrosis",10009859.0,TOES ARE COLD,10003216.0,"Peripheral vasoconstriction, necrosis and vascular insufficiency",10034640.0,Cold feet,10047065.0,Vascular disorders,N,1.0,NO,1.0,10034568.0,Peripheral coldness,Cold feet,
"RIGHT LUNG MASS, OMENTAL MASS",POORLY-DIFFERENTIATED HEPATOCELLULAR CARCINOMA,MH_DISEASE_HX,01-05,2,LIVER,1,20070604,MAXIS-08,BASELINE,1,0,C008_408,,,,,,,,,,,,,,,,,
,,MH_DISEASE_HX,01-05,4,,2,20090528,MAXIS-08,BASELINE,1,0,C008_408,Epidermal and dermal conditions,10018123.0,GENERALIZED PRURITUS,10014982.0,Pruritus NEC,10049293.0,Generalized pruritus,10040785.0,Skin and subcutaneous tissue disorders,N,1.0,NO,1.0,10052576.0,Pruritus generalised,,
,,MH_DISEASE_HX,01-05,4,,1,20090528,MAXIS-08,BASELINE,1,0,C008_408,Gastrointestinal signs and symptoms,10053155.0,INTERMITTENT EPIGASTRIC DISCOMFORT,10018012.0,Dyspeptic signs and symptoms,10013949.0,Epigastric discomfort,10017947.0,Gastrointestinal disorders,N,1.0,NO,1.0,10053155.0,Epigastric discomfort,Epigastric discomfort,Y
,,MH_DISEASE_HX,01-05,4,,3,20090528,MAXIS-08,BASELINE,1,0,C008_408,General system disorders NEC,10016256.0,INTERMITTENT FATIGUE,10018073.0,Asthenic conditions,10003550.0,Fatigue,10018065.0,General disorders and administration site conditions,N,1.0,NO,1.0,10016256.0,Fatigue,Fatigue,
"ANTERIOR WALL OF THE RECTUM, LUNG, LIVER, SKELETON, BONE",DESMOPLASTIC SMALL ROUND CELL TUMOR,MH_DISEASE_HX,01-06,2,ABDOMEN,1,20030814,MAXIS-08,BASELINE,1,0,C008_408,,,,,,,,,,,,,,,,,
,,MH_DISEASE_HX,01-06,4,,2,20090605,MAXIS-08,BASELINE,1,0,C008_408,Anxiety disorders and symptoms,10002855.0,ANXIETY,10002861.0,Anxiety symptoms,10002869.0,Anxiety,10037175.0,Psychiatric disorders,Y,2.0,YES,2.0,10002855.0,Anxiety,,
,,MH_DISEASE_HX,01-06,4,,6,20090605,MAXIS-08,BASELINE,1,0,C008_408,General system disorders NEC,10016256.0,FATIGUE,10018073.0,Asthenic conditions,10003550.0,Fatigue,10018065.0,General disorders and administration site conditions,N,1.0,NO,1.0,10016256.0,Fatigue,,
,,MH_DISEASE_HX,01-06,4,,8,20090605,MAXIS-08,BASELINE,1,0,C008_408,Procedural related injuries and complications NEC,10065669.0,INFLAMATION AROUND STOMACH HOLE,10069888.0,Non-site specific procedural complications,10029559.0,Stoma site inflammation,10022117.0,"Injury, poisoning and procedural complications",N,2.0,NO,2.0,10036769.0,Procedural site reaction,Stoma site inflammation,
,,MH_DISEASE_HX,01-06,4,,1,20090605,MAXIS-08,BASELINE,1,0,C008_408,Gastrointestinal motility and defaecation conditions,10012727.0,INTERMITTENT DIARRHEA,10017977.0,Diarrhoea (excl infective),10012736.0,Diarrhea,10017947.0,Gastrointestinal disorders,Y,1.0,YES,1.0,10012735.0,Diarrhoea,Diarrhea,Y
,,MH_DISEASE_HX,01-06,4,,4,20090605,MAXIS-08,BASELINE,1,0,C008_408,Gastrointestinal signs and symptoms,10028813.0,INTERMITTENT NAUSEA,10018012.0,Nausea and vomiting symptoms,10028817.0,Nausea,10017947.0,Gastrointestinal disorders,Y,1.0,YES,1.0,10028813.0,Nausea,Nausea,
,,MH_DISEASE_HX,01-06,4,,5,20090605,MAXIS-08,BASELINE,1,0,C008_408,Gastrointestinal signs and symptoms,10047700.0,INTERMITTENT VOMITING,10018012.0,Nausea and vomiting symptoms,10028817.0,Vomiting,10017947.0,Gastrointestinal disorders,Y,1.0,YES,1.0,10047700.0,Vomiting,Vomiting,
,,MH_DISEASE_HX,01-06,4,,3,20090605,MAXIS-08,BASELINE,1,0,C008_408,Gastrointestinal signs and symptoms,10017738.0,STOMACH GAS,10018012.0,"Flatulence, bloating and distension",10016770.0,Gas in stomach,10017947.0,Gastrointestinal disorders,Y,2.0,YES,2.0,10016766.0,Flatulence,Gas in stomach,
,,MH_DISEASE_HX,01-06,4,,7,20090605,MAXIS-08,BASELINE,1,0,C008_408,General system disorders NEC,10047862.0,WEAKNESS,10018073.0,Asthenic conditions,10003550.0,Weakness,10018065.0,General disorders and administration site conditions,N,1.0,NO,1.0,10003549.0,Asthenia,,
LEFT HILAR LUNG MASS,POORLY DIFFERENTIATED CARCINOMA,MH_DISEASE_HX,01-07,2,HEPATOCELLULAR,1,20080904,MAXIS-08,BASELINE,1,0,C008_408,,,,,,,,,,,,,,,,,
,,MH_DISEASE_HX,01-07,4,,1,20090625,MAXIS-08,BASELINE,1,0,C008_408,Gastrointestinal motility and defaecation conditions,10010774.0,CONSTIPATION,10017977.0,Gastrointestinal atonic and hypomotility disorders NEC,10017933.0,Constipation,10017947.0,Gastrointestinal disorders,Y,2.0,YES,2.0,10010774.0,Constipation,,Y
,,MH_DISEASE_HX,01-07,4,,2,20090625,MAXIS-08,BASELINE,1,0,C008_408,General system disorders NEC,10016256.0,FATIGUE,10018073.0,Asthenic conditions,10003550.0,Fatigue,10018065.0,General disorders and administration site conditions,N,1.0,NO,1.0,10016256.0,Fatigue,,
,,MH_DISEASE_HX,01-07,4,,4,20090625,MAXIS-08,BASELINE,1,0,C008_408,Gastrointestinal signs and symptoms,10000081.0,PAIN TO RIGHT SIDE OF ABDOMEN,10018012.0,Gastrointestinal and abdominal pains (excl oral and throat),10017926.0,Abdominal pain,10017947.0,Gastrointestinal disorders,Y,2.0,YES,2.0,10000081.0,Abdominal pain,Abdominal pain,
,,MH_DISEASE_HX,01-07,4,,6,20090625,MAXIS-08,BASELINE,1,0,C008_408,Musculoskeletal and connective tissue disorders NEC,10033473.0,RIGHT LOWER EXTREMITY PAIN,10028393.0,Musculoskeletal and connective tissue pain and discomfort,10068757.0,Pain of lower extremities,10028395.0,Musculoskeletal and connective tissue disorders,Y,2.0,YES,2.0,10033425.0,Pain in extremity,Pain of lower extremities,
,,MH_DISEASE_HX,01-07,4,,5,20090625,MAXIS-08,BASELINE,1,0,C008_408,Musculoskeletal and connective tissue disorders NEC,10033419.0,RIGHT SHOULDER PAIN,10028393.0,Musculoskeletal and connective tissue pain and discomfort,10068757.0,Pain in (r) shoulder,10028395.0,Musculoskeletal and connective tissue disorders,Y,2.0,YES,2.0,10028391.0,Musculoskeletal pain,Pain in (r) shoulder,
,,MH_DISEASE_HX,01-07,4,,3,20090625,MAXIS-08,BASELINE,1,0,C008_408,General system disorders NEC,10047862.0,WEAKNESS,10018073.0,Asthenic conditions,10003550.0,Weakness,10018065.0,General disorders and administration site conditions,N,1.0,NO,1.0,10003549.0,Asthenia,,
"LIVER, PULMONARY",WELL DIFFERENTIATED ADENOCARCINOMA,MH_DISEASE_HX,01-08,2,GALLBLADDER,1,20061130,MAXIS-08,BASELINE,1,0,C008_408,,,,,,,,,,,,,,,,,
,,MH_DISEASE_HX,01-08,4,,1,20090708,MAXIS-08,BASELINE,1,0,C008_408,Gastrointestinal signs and symptoms,10000081.0,ABDOMINAL PAIN,10018012.0,Gastrointestinal and abdominal pains (excl oral and throat),10017926.0,Abdominal pain,10017947.0,Gastrointestinal disorders,N,1.0,NO,1.0,10000081.0,Abdominal pain,,Y
,,MH_DISEASE_HX,01-08,4,,2,20090708,MAXIS-08,BASELINE,1,0,C008_408,Appetite and general nutritional disorders,10002646.0,ANOREXIA,10003018.0,Appetite disorders,10003022.0,Anorexia,10027433.0,Metabolism and nutrition disorders,N,1.0,NO,1.0,10061428.0,Decreased appetite,,
,,MH_DISEASE_HX,01-08,4,,4,20090708,MAXIS-08,BASELINE,1,0,C008_408,Gastrointestinal signs and symptoms,10016305.0,CLAY COLORED,10018012.0,Faecal abnormalities NEC,10016097.0,Feces clay-colored,10017947.0,Gastrointestinal disorders,N,1.0,NO,1.0,10016102.0,Faeces pale,Feces clay-colored,
,,MH_DISEASE_HX,01-08,4,,3,20090708,MAXIS-08,BASELINE,1,0,C008_408,Gastrointestinal motility and defaecation conditions,10010774.0,CONSTIPATION,10017977.0,Gastrointestinal atonic and hypomotility disorders NEC,10017933.0,Constipation,10017947.0,Gastrointestinal disorders,Y,1.0,YES,1.0,10010774.0,Constipation,,
LIVER,METASTATIC ADENOCARCINOMA COMPATIBLE WITH PANCREATIC ORIGIN,MH_DISEASE_HX,01-09,2,PANCREAS,1,20080515,MAXIS-08,BASELINE,1,0,C008_408,,,,,,,,,,,,,,,,,
,,MH_DISEASE_HX,01-09,4,,5,20090715,MAXIS-08,BASELINE,1,0,C008_408,General system disorders NEC,10016256.0,FATIGUE,10018073.0,Asthenic conditions,10003550.0,Fatigue,10018065.0,General disorders and administration site conditions,N,1.0,NO,1.0,10016256.0,Fatigue,,
,,MH_DISEASE_HX,01-09,4,,6,20090715,MAXIS-08,BASELINE,1,0,C008_408,Peripheral neuropathies,10029328.0,NEUROPATHY,10034606.0,Peripheral neuropathies NEC,10034607.0,Neuropathy,10029205.0,Nervous system disorders,N,1.0,NO,1.0,10029331.0,Neuropathy peripheral,,
,,MH_DISEASE_HX,01-09,4,,2,20090715,MAXIS-08,BASELINE,1,0,C008_408,Musculoskeletal and connective tissue disorders NEC,10003988.0,PAIN IN MID BACK,10028393.0,Musculoskeletal and connective tissue pain and discomfort,10068757.0,Back pain,10028395.0,Musculoskeletal and connective tissue disorders,Y,1.0,YES,1.0,10003988.0,Back pain,Back pain,
,,MH_DISEASE_HX,01-09,4,,3,20090715,MAXIS-08,BASELINE,1,0,C008_408,Musculoskeletal and connective tissue disorders NEC,10046273.0,PAIN IN TRAPEZIOUS REGION ON THE LEFT,10028393.0,Musculoskeletal and connective tissue pain and discomfort,10068757.0,Upper back pain,10028395.0,Musculoskeletal and connective tissue disorders,Y,1.0,YES,1.0,10003988.0,Back pain,Upper back pain,
,,MH_DISEASE_HX,01-09,4,,1,20090715,MAXIS-08,BASELINE,1,0,C008_408,Gastrointestinal signs and symptoms,10046272.0,PAIN IN UPPER ABDOMEN,10018012.0,Gastrointestinal and abdominal pains (excl oral and throat),10017926.0,Upper abdominal pain,10017947.0,Gastrointestinal disorders,Y,1.0,YES,1.0,10000087.0,Abdominal pain upper,Upper abdominal pain,Y
,,MH_DISEASE_HX,01-09,4,,4,20090715,MAXIS-08,BASELINE,1,0,C008_408,Hepatic and hepatobiliary disorders,10043229.0,TENDERNESS OF LIVER,10019654.0,Hepatobiliary signs and symptoms,10019709.0,Tenderness liver,10019805.0,Hepatobiliary disorders,N,1.0,NO,1.0,10024712.0,Liver tenderness,Tenderness liver,
LEFT PELVIC WALL,POORLY DIFFERENTIATED ADENOCARCINOMA WITH NEUROENDOCRINE FEATURES,MH_DISEASE_HX,01-10,2,COLON,1,200008,MAXIS-08,BASELINE,1,0,C008_408,,,,,,,,,,,,,,,,,
,,MH_DISEASE_HX,01-10,4,,6,20090721,MAXIS-08,BASELINE,1,0,C008_408,Gastrointestinal motility and defaecation conditions,10010774.0,CONSTIPATION,10017977.0,Gastrointestinal atonic and hypomotility disorders NEC,10017933.0,Constipation,10017947.0,Gastrointestinal disorders,Y,1.0,YES,1.0,10010774.0,Constipation,,
,,MH_DISEASE_HX,01-10,4,,5,20090721,MAXIS-08,BASELINE,1,0,C008_408,Cardiac and vascular investigations (excl enzyme tests),10005734.0,DECREASED BLOOD PRESSURE,10007512.0,Vascular tests NEC (incl blood pressure),10047110.0,Blood pressure decreased,10022891.0,Investigations,Y,1.0,YES,1.0,10005734.0,Blood pressure decreased,Blood pressure decreased,
,,MH_DISEASE_HX,01-10,4,,1,20090721,MAXIS-08,BASELINE,1,0,C008_408,Headaches,10019211.0,HEADACHE,10019231.0,Headaches NEC,10019233.0,Headache,10029205.0,Nervous system disorders,Y,1.0,YES,1.0,10019211.0,Headache,,Y
,,MH_DISEASE_HX,01-10,4,,2,20090721,MAXIS-08,BASELINE,1,0,C008_408,Sleep disorders and disturbances,10022437.0,INSOMNIA,10040991.0,Disturbances in initiating and maintaining sleep,10013510.0,Insomnia,10037175.0,Psychiatric disorders,Y,1.0,YES,1.0,10022437.0,Insomnia,,
,,MH_DISEASE_HX,01-10,4,,3,20090721,MAXIS-08,BASELINE,1,0,C008_408,Gastrointestinal signs and symptoms,10000081.0,INTERMITTENT ABD PAIN,10018012.0,Gastrointestinal and abdominal pains (excl oral and throat),10017926.0,Abdominal pain,10017947.0,Gastrointestinal disorders,Y,2.0,YES,2.0,10000081.0,Abdominal pain,Abdominal pain,
,,MH_DISEASE_HX,01-10,4,,4,20090721,MAXIS-08,BASELINE,1,0,C008_408,Musculoskeletal and connective tissue disorders NEC,10028836.0,INTERMITTENT NECK PAIN,10028393.0,Musculoskeletal and connective tissue pain and discomfort,10068757.0,Neck pain,10028395.0,Musculoskeletal and connective tissue disorders,Y,1.0,YES,1.0,10028836.0,Neck pain,Neck pain,
"RIGHT SIDED, PANCREAS, LIVER",CLEAR CELL CARCINOMA,MH_DISEASE_HX,01-11,2,RENAL CELL,1,1998,MAXIS-08,BASELINE,1,0,C008_408,,,,,,,,,,,,,,,,,
,,MH_DISEASE_HX,01-11,4,,2,20090722,MAXIS-08,BASELINE,1,0,C008_408,Respiratory disorders NEC,10011224.0,COUGH,10038716.0,Coughing and associated symptoms,10011233.0,Cough,10038738.0,"Respiratory, thoracic and mediastinal disorders",N,1.0,NO,1.0,10011224.0,Cough,,
,,MH_DISEASE_HX,01-11,4,,1,20090722,MAXIS-08,BASELINE,1,0,C008_408,Sleep disorders and disturbances,10022437.0,INSOMNIA,10040991.0,Disturbances in initiating and maintaining sleep,10013510.0,Insomnia,10037175.0,Psychiatric disorders,Y,1.0,YES,1.0,10022437.0,Insomnia,,Y
,,MH_DISEASE_HX,01-11,4,,3,20090722,MAXIS-08,BASELINE,1,0,C008_408,Gastrointestinal motility and defaecation conditions,10010774.0,INTERMITTENT CONSTIPATION,10017977.0,Gastrointestinal atonic and hypomotility disorders NEC,10017933.0,Constipation,10017947.0,Gastrointestinal disorders,N,1.0,NO,1.0,10010774.0,Constipation,Constipation,
,,MH_DISEASE_HX,01-11,4,,7,20090722,MAXIS-08,BASELINE,1,0,C008_408,Headaches,10059296.0,INTERMITTENT HEADACHE,10019231.0,Headaches NEC,10019233.0,Intermittent headache,10029205.0,Nervous system disorders,N,1.0,NO,1.0,10019211.0,Headache,,
,,MH_DISEASE_HX,01-11,4,,5,20090722,MAXIS-08,BASELINE,1,0,C008_408,Musculoskeletal and connective tissue disorders NEC,10024891.0,INTERMITTENT LOW BACK PAIN,10028393.0,Musculoskeletal and connective tissue pain and discomfort,10068757.0,Low back pain,10028395.0,Musculoskeletal and connective tissue disorders,Y,1.0,YES,1.0,10003988.0,Back pain,Low back pain,
,,MH_DISEASE_HX,01-11,4,,4,20090722,MAXIS-08,BASELINE,1,0,C008_408,General system disorders NEC,10016256.0,INTERMITTENT MILD FATIGUE,10018073.0,Asthenic conditions,10003550.0,Fatigue,10018065.0,General disorders and administration site conditions,N,1.0,NO,1.0,10016256.0,Fatigue,Fatigue,
,,MH_DISEASE_HX,01-11,4,,6,20090722,MAXIS-08,BASELINE,1,0,C008_408,Gastrointestinal signs and symptoms,10039162.0,INTERMITTENT RUQ ABDOMINAL PAIN,10018012.0,Gastrointestinal and abdominal pains (excl oral and throat),10017926.0,Right upper quadrant pain,10017947.0,Gastrointestinal disorders,N,1.0,NO,1.0,10000087.0,Abdominal pain upper,Right upper quadrant pain,
,,MH_DISEASE_HX,01-11,4,,8,20090722,MAXIS-08,BASELINE,1,0,C008_408,General system disorders NEC,10040006.0,WARM SENSATION SOLES OF FEET INTERMITTENT,10018073.0,Feelings and sensations NEC,10068759.0,Sensation of warmth,10018065.0,General disorders and administration site conditions,N,1.0,NO,1.0,10016334.0,Feeling hot,Sensation of warmth,
RIGHT,"DUCTAL CARCINOMA, ER(+), HER2/NEU(+)",MH_DISEASE_HX,01-12,2,BREAST,1,19991129,MAXIS-08,BASELINE,1,0,C008_408,,,,,,,,,,,,,,,,,
,,MH_DISEASE_HX,01-12,4,,8,20090902,MAXIS-08,BASELINE,1,0,C008_408,Mental impairment disorders,10001949.0,AMNESIA,10057167.0,Memory loss (excl dementia),10027177.0,Amnesia,10029205.0,Nervous system disorders,N,1.0,NO,1.0,10001949.0,Amnesia,,
,,MH_DISEASE_HX,01-12,4,,2,20090902,MAXIS-08,BASELINE,1,0,C008_408,Appetite and general nutritional disorders,10002646.0,ANOREXIA,10003018.0,Appetite disorders,10003022.0,Anorexia,10027433.0,Metabolism and nutrition disorders,N,1.0,NO,1.0,10061428.0,Decreased appetite,,
,,MH_DISEASE_HX,01-12,4,,3,20090902,MAXIS-08,BASELINE,1,0,C008_408,Gastrointestinal motility and defaecation conditions,10010774.0,CONSTIPATED,10017977.0,Gastrointestinal atonic and hypomotility disorders NEC,10017933.0,Constipation,10017947.0,Gastrointestinal disorders,Y,1.0,YES,1.0,10010774.0,Constipation,Constipation,
,,MH_DISEASE_HX,01-12,4,,4,20090902,MAXIS-08,BASELINE,1,0,C008_408,Gastrointestinal motility and defaecation conditions,10012727.0,DIARRHEA,10017977.0,Diarrhoea (excl infective),10012736.0,Diarrhea,10017947.0,Gastrointestinal disorders,N,1.0,NO,1.0,10012735.0,Diarrhoea,,
,,MH_DISEASE_HX,01-12,4,,5,20090902,MAXIS-08,BASELINE,1,0,C008_408,General system disorders NEC,10016334.0,"FEELS ""HOT""",10018073.0,Feelings and sensations NEC,10068759.0,Feeling hot,10018065.0,General disorders and administration site conditions,N,1.0,NO,1.0,10016334.0,Feeling hot,Feeling hot,
,,MH_DISEASE_HX,01-12,4,,6,20090902,MAXIS-08,BASELINE,1,0,C008_408,General system disorders NEC,10043471.0,LEFT ANTERIOR SKULL PAIN/LEFT POSTERIOR THORACIC PAIN,10018073.0,Pain and discomfort NEC,10033372.0,Thoracic pain,10018065.0,General disorders and administration site conditions,Y,1.0,YES,1.0,10008479.0,Chest pain,Thoracic pain,
,,MH_DISEASE_HX,01-12,4,,1,20090902,MAXIS-08,BASELINE,1,0,C008_408,Appetite and general nutritional disorders,10003028.0,LOSS OF APPETITE,10003018.0,Appetite disorders,10003022.0,Appetite lost,10027433.0,Metabolism and nutrition disorders,N,1.0,NO,1.0,10061428.0,Decreased appetite,Appetite lost,Y
,,MH_DISEASE_HX,01-12,4,,7,20090902,MAXIS-08,BASELINE,1,0,C008_408,Musculoskeletal and connective tissue disorders NEC,10024891.0,LOW BACK PAIN,10028393.0,Musculoskeletal and connective tissue pain and discomfort,10068757.0,Low back pain,10028395.0,Musculoskeletal and connective tissue disorders,Y,1.0,YES,1.0,10003988.0,Back pain,,
"RIGHT BREAST, LUNG, LIVER, BONE","INVASIVE DUCTAL CARCINOMA, POORLY DIFFERENTIATED WITH FOCAL LYMPHATIC INVASION",MH_DISEASE_HX,01-13,2,BREAST,1,19960312,MAXIS-08,BASELINE,1,0,C008_408,,,,,,,,,,,,,,,,,
,,MH_DISEASE_HX,01-13,4,,4,20090921,MAXIS-08,BASELINE,1,0,C008_408,Anaemias nonhaemolytic and marrow depression,10002272.0,ANEMIA (INTERMITTENT),10002086.0,Anaemias NEC,10002067.0,Anemia,10005329.0,Blood and lymphatic system disorders,N,1.0,NO,1.0,10002034.0,Anaemia,Anemia,
,,MH_DISEASE_HX,01-13,4,,2,20090921,MAXIS-08,BASELINE,1,0,C008_408,Appetite and general nutritional disorders,10002646.0,ANOREXIA,10003018.0,Appetite disorders,10003022.0,Anorexia,10027433.0,Metabolism and nutrition disorders,Y,1.0,YES,1.0,10061428.0,Decreased appetite,,
,,MH_DISEASE_HX,01-13,4,,1,20090921,MAXIS-08,BASELINE,1,0,C008_408,Gastrointestinal motility and defaecation conditions,10010774.0,CONSTIPATION,10017977.0,Gastrointestinal atonic and hypomotility disorders NEC,10017933.0,Constipation,10017947.0,Gastrointestinal disorders,Y,1.0,YES,1.0,10010774.0,Constipation,,Y
,,MH_DISEASE_HX,01-13,4,,3,20090921,MAXIS-08,BASELINE,1,0,C008_408,Musculoskeletal and connective tissue disorders NEC,10033473.0,PAIN (BILATERAL LOWER EXTREMITIES FROM KNEES TO ANKLES),10028393.0,Musculoskeletal and connective tissue pain and discomfort,10068757.0,Pain of lower extremities,10028395.0,Musculoskeletal and connective tissue disorders,Y,2.0,YES,2.0,10033425.0,Pain in extremity,Pain of lower extremities,
"RIGHT COLON, LYMPH NODES, ABD SOFT TISSUE MASS","ADENOCARCINOMA, MODERATELY DIFFERENTIATED",MH_DISEASE_HX,01-14,2,COLON/APPENDIX,1,20050811,MAXIS-08,BASELINE,1,0,C008_408,,,,,,,,,,,,,,,,,
,,MH_DISEASE_HX,01-14,4,,1,20091026,MAXIS-08,BASELINE,1,0,C008_408,Appetite and general nutritional disorders,10002646.0,ANOREXIA,10003018.0,Appetite disorders,10003022.0,Anorexia,10027433.0,Metabolism and nutrition disorders,N,1.0,NO,1.0,10061428.0,Decreased appetite,,Y
,,MH_DISEASE_HX,01-14,4,,7,20091026,MAXIS-08,BASELINE,1,0,C008_408,Urinary tract signs and symptoms,10019450.0,HEMATURIA,10046590.0,Urinary abnormalities,10000196.0,Hematuria,10038359.0,Renal and urinary disorders,N,1.0,NO,1.0,10018867.0,Haematuria,,
,,MH_DISEASE_HX,01-14,4,,4,20091026,MAXIS-08,BASELINE,1,0,C008_408,Gastrointestinal motility and defaecation conditions,10012727.0,INTERMITTENT DIARRHEA,10017977.0,Diarrhoea (excl infective),10012736.0,Diarrhea,10017947.0,Gastrointestinal disorders,N,1.0,NO,1.0,10012735.0,Diarrhoea,Diarrhea,
,,MH_DISEASE_HX,01-14,4,,2,20091026,MAXIS-08,BASELINE,1,0,C008_408,Gastrointestinal signs and symptoms,10028813.0,INTERMITTENT NAUSEA,10018012.0,Nausea and vomiting symptoms,10028817.0,Nausea,10017947.0,Gastrointestinal disorders,N,1.0,NO,1.0,10028813.0,Nausea,Nausea,
,,MH_DISEASE_HX,01-14,4,,3,20091026,MAXIS-08,BASELINE,1,0,C008_408,Gastrointestinal signs and symptoms,10047700.0,INTERMITTENT VOMITING,10018012.0,Nausea and vomiting symptoms,10028817.0,Vomiting,10017947.0,Gastrointestinal disorders,N,1.0,NO,1.0,10047700.0,Vomiting,Vomiting,
,,MH_DISEASE_HX,01-14,4,,5,20091026,MAXIS-08,BASELINE,1,0,C008_408,Gastrointestinal signs and symptoms,10024940.0,LOWER ABDOMINAL PAIN,10018012.0,Gastrointestinal and abdominal pains (excl oral and throat),10017926.0,Lower abdominal pain,10017947.0,Gastrointestinal disorders,Y,1.0,YES,1.0,10000084.0,Abdominal pain lower,,
,,MH_DISEASE_HX,01-14,4,,6,20091026,MAXIS-08,BASELINE,1,0,C008_408,General system disorders NEC,10014239.0,RIGHT LEG EDEMA,10018073.0,Oedema NEC,10030113.0,Edema of legs,10018065.0,General disorders and administration site conditions,N,1.0,NO,1.0,10030124.0,Oedema peripheral,Edema of legs,
NASAL CAVITY,ADENOID CYSTIC CARCINOMA AND MONOMORPHIC ADENOMA,MH_DISEASE_HX,01-15,2,LEFT MAXILLARY SINUS,1,19961009,MAXIS-08,BASELINE,1,0,C008_408,,,,,,,,,,,,,,,,,
,,MH_DISEASE_HX,01-15,4,,3,20100323,MAXIS-08,BASELINE,1,0,C008_408,Respiratory disorders NEC,10012791.0,ASTHMA-LIKE HEAVY BREATHING,10038716.0,Breathing abnormalities,10006334.0,Difficulty breathing,10038738.0,"Respiratory, thoracic and mediastinal disorders",Y,2.0,YES,2.0,10013968.0,Dyspnoea,Difficulty breathing,
,,MH_DISEASE_HX,01-15,4,,6,20100323,MAXIS-08,BASELINE,1,0,C008_408,Vision disorders,10005886.0,BLURRED VISION,10047518.0,Visual disorders NEC,10047541.0,Blurred vision,10015919.0,Eye disorders,N,2.0,NO,2.0,10047513.0,Vision blurred,,
,,MH_DISEASE_HX,01-15,4,,7,20100323,MAXIS-08,BASELINE,1,0,C008_408,Neurological disorders NEC,10013573.0,DIZZINESS (LIGHT HEADED),10029305.0,Neurological signs and symptoms NEC,10029306.0,Dizziness,10029205.0,Nervous system disorders,N,1.0,NO,1.0,10013573.0,Dizziness,Dizziness,
,,MH_DISEASE_HX,01-15,4,,2,20100323,MAXIS-08,BASELINE,1,0,C008_408,Sleep disorders and disturbances,10022437.0,INSOMNIA,10040991.0,Disturbances in initiating and maintaining sleep,10013510.0,Insomnia,10037175.0,Psychiatric disorders,Y,1.0,YES,1.0,10022437.0,Insomnia,,
,,MH_DISEASE_HX,01-15,4,,4,20100323,MAXIS-08,BASELINE,1,0,C008_408,Neurological disorders NEC,10029837.0,LEFT INDEX FINGER NUMB,10029305.0,Sensory abnormalities NEC,10040021.0,Numbness in fingers,10029205.0,Nervous system disorders,N,1.0,NO,1.0,10020937.0,Hypoaesthesia,Numbness in fingers,
,,MH_DISEASE_HX,01-15,4,,1,20100323,MAXIS-08,BASELINE,1,0,C008_408,Upper respiratory tract disorders (excl infections),10029802.0,NOSEBLEED,10046304.0,Nasal disorders NEC,10028731.0,Nosebleed,10038738.0,"Respiratory, thoracic and mediastinal disorders",N,2.0,NO,2.0,10015090.0,Epistaxis,,Y
,,MH_DISEASE_HX,01-15,4,,5,20100323,MAXIS-08,BASELINE,1,0,C008_408,"Arteriosclerosis, stenosis, vascular insufficiency and necrosis",10009859.0,TOES COLD,10003216.0,"Peripheral vasoconstriction, necrosis and vascular insufficiency",10034640.0,Cold feet,10047065.0,Vascular disorders,N,1.0,NO,1.0,10034568.0,Peripheral coldness,Cold feet,
LEFT BREAST,POORLY DIFFERENTIATED INFILTRATING DUCTAL CARCINOMA WITH APOCRINE FEATURES,MH_DISEASE_HX,01-16,2,BREAST,1,19971216,MAXIS-08,BASELINE,1,0,C008_408,,,,,,,,,,,,,,,,,
,,MH_DISEASE_HX,01-16,4,,2,20100615,MAXIS-08,BASELINE,1,0,C008_408,Epidermal and dermal conditions,10012431.0,FOREARM DERMATITIS (RASH- RIGHT GREATER THAN LEFT),10014982.0,Dermatitis and eczema,10012435.0,Dermatitis,10040785.0,Skin and subcutaneous tissue disorders,Y,2.0,YES,2.0,10012431.0,Dermatitis,Dermatitis,
,,MH_DISEASE_HX,01-16,4,,3,20100615,MAXIS-08,BASELINE,1,0,C008_408,Respiratory disorders NEC,10036402.0,POST NASAL DRIP/CONGESTION,10038716.0,Upper respiratory tract signs and symptoms,10046313.0,Postnasal drip,10038738.0,"Respiratory, thoracic and mediastinal disorders",N,1.0,NO,1.0,10070488.0,Upper-airway cough syndrome,Postnasal drip,
,,MH_DISEASE_HX,01-16,4,,1,20100615,MAXIS-08,BASELINE,1,0,C008_408,Seizures (incl subtypes),10039906.0,SEIZURES,10039911.0,Seizures and seizure disorders NEC,10039912.0,Seizure,10029205.0,Nervous system disorders,Y,2.0,YES,2.0,10010904.0,Convulsion,Seizure,Y
