﻿STUDY,DCMNAME,PT,CPEVENT,QUALIFYV,VISIT,DSQSN8,SUBEVE,REPEATSN,INVSITE,DSQS5,DSQS7,DSQSNL1,DSQS4,DSTMS,DSQS10,DSQSN1,DSDT2,DSDT1,DSTME,DSQSN11
MAXIS-08,DOSING,01-01,BASELINE,4,1,COHORT B: Group B,0,1,C008_408,,,,,,,,,,,
MAXIS-08,DOSING,01-01,CYCLE 1,1,3,,0,1,C008_408,250.0,00EMH161,OTHER,INTTERUPTED,1105.0,478.0,88.0,20080903.0,20080904.0,1045.0,WEEK 1 Group A
MAXIS-08,DOSING,01-01,CYCLE 1,1,3,,0,2,C008_408,250.0,00EMH161,NOT REDUCED/INTERRUPTED,,1005.0,478.0,1.0,20080910.0,20080911.0,1000.0,WEEK 2 Group A
MAXIS-08,DOSING,01-01,CYCLE 1,1,3,,0,3,C008_408,250.0,00EMH161,NOT REDUCED/INTERRUPTED,,1030.0,478.0,1.0,20080917.0,20080918.0,1035.0,WEEK 3 Group A
MAXIS-08,DOSING,01-01,CYCLE 1,1,3,,0,4,C008_408,250.0,00EMH161,NOT REDUCED/INTERRUPTED,,1048.0,478.0,1.0,20080924.0,20080925.0,945.0,WEEK 4 Group A
MAXIS-08,DOSING,01-01,CYCLE 1,1,3,,0,5,C008_408,250.0,00EMH161,NOT REDUCED/INTERRUPTED,,1245.0,478.0,1.0,20081001.0,20081002.0,1200.0,WEEK 5 Group A
MAXIS-08,DOSING,01-01,CYCLE 1,1,3,,0,6,C008_408,250.0,00EMH161,OTHER,INTERRUPTED,950.0,478.0,88.0,20081008.0,20081009.0,825.0,WEEK 6 Group A
MAXIS-08,DOSING,01-01,CYCLE 1,2,3,,0,1,C008_408,,,,,,,,,,,
MAXIS-08,DOSING,01-01,CYCLE 1,3,3,,0,1,C008_408,85.0,0007C106,NOT REDUCED/INTERRUPTED,,1503.0,162.0,1.0,20080903.0,,1710.0,WEEK 1 Group B
MAXIS-08,DOSING,01-01,CYCLE 1,3,3,,0,2,C008_408,85.0,0007C106,NOT REDUCED/INTERRUPTED,,1345.0,162.0,1.0,20080917.0,,1545.0,WEEK 3 Group B
MAXIS-08,DOSING,01-01,CYCLE 1,3,3,,0,3,C008_408,85.0,0007C106,NOT REDUCED/INTERRUPTED,,1549.0,162.0,1.0,20081001.0,,1800.0,WEEK 5 Group B
MAXIS-08,DOSING,01-02,BASELINE,4,1,COHORT B: Group B,0,1,C008_408,,,,,,,,,,,
MAXIS-08,DOSING,01-02,CYCLE 1,1,3,,0,1,C008_408,250.0,00EMH161,NOT REDUCED/INTERRUPTED,,1000.0,400.0,1.0,20081223.0,20081224.0,1000.0,WEEK 1 Group A
MAXIS-08,DOSING,01-02,CYCLE 1,1,3,,0,2,C008_408,250.0,00EMH161,NOT REDUCED/INTERRUPTED,,1126.0,400.0,1.0,20081230.0,20081231.0,1126.0,WEEK 2 Group A
MAXIS-08,DOSING,01-02,CYCLE 1,1,3,,0,3,C008_408,250.0,00EMH161,NOT REDUCED/INTERRUPTED,,1200.0,400.0,1.0,20090106.0,20090107.0,1210.0,WEEK 3 Group A
MAXIS-08,DOSING,01-02,CYCLE 1,1,3,,0,4,C008_408,250.0,00EMH161,NOT REDUCED/INTERRUPTED,,1530.0,400.0,1.0,20090113.0,20090114.0,1530.0,WEEK 4 Group A
MAXIS-08,DOSING,01-02,CYCLE 1,1,3,,0,5,C008_408,250.0,00EMH161,NOT REDUCED/INTERRUPTED,,1610.0,400.0,1.0,20090120.0,20090121.0,1555.0,WEEK 5 Group A
MAXIS-08,DOSING,01-02,CYCLE 1,2,3,,0,1,C008_408,,,,,,,,,,,
MAXIS-08,DOSING,01-02,CYCLE 1,3,3,,0,1,C008_408,85.0,00002F17,NOT REDUCED/INTERRUPTED,,1300.0,136.0,1.0,20081223.0,,1515.0,WEEK 1 Group B
MAXIS-08,DOSING,01-02,CYCLE 1,3,3,,0,2,C008_408,85.0,00002F17,NOT REDUCED/INTERRUPTED,,1520.0,136.0,1.0,20090106.0,,1720.0,WEEK 3 Group B
MAXIS-08,DOSING,01-02,CYCLE 1,3,3,,0,3,C008_408,85.0,00002F17,NOT REDUCED/INTERRUPTED,,1910.0,136.0,1.0,20090120.0,,2110.0,WEEK 5 Group B
MAXIS-08,DOSING,01-03,BASELINE,4,1,COHORT B: Group B,0,1,C008_408,,,,,,,,,,,
MAXIS-08,DOSING,01-03,CYCLE 1,1,3,,0,1,C008_408,250.0,00EMH161,NOT REDUCED/INTERRUPTED,,1300.0,415.0,1.0,20090127.0,20090128.0,1300.0,WEEK 1 Group A
MAXIS-08,DOSING,01-03,CYCLE 1,2,3,,0,1,C008_408,,,,,,,,,,,
MAXIS-08,DOSING,01-03,CYCLE 1,3,3,,0,1,C008_408,,,ADVERSE EVENT,,,,2.0,20090127.0,,,WEEK 1 Group B
MAXIS-08,DOSING,01-04,BASELINE,4,1,COHORT B: Group B,0,1,C008_408,,,,,,,,,,,
MAXIS-08,DOSING,01-04,CYCLE 1,1,3,,0,1,C008_408,250.0,00EMH161,NOT REDUCED/INTERRUPTED,,1215.0,485.0,1.0,20090210.0,20090211.0,1220.0,WEEK 1 Group A
MAXIS-08,DOSING,01-04,CYCLE 1,1,3,,0,2,C008_408,250.0,00EMH161,NOT REDUCED/INTERRUPTED,,1245.0,485.0,1.0,20090217.0,20090218.0,1140.0,WEEK 2 Group A
MAXIS-08,DOSING,01-04,CYCLE 1,1,3,,0,3,C008_408,250.0,00EMH161,NOT REDUCED/INTERRUPTED,,1100.0,485.0,1.0,20090224.0,20090225.0,1100.0,WEEK 3 Group A
MAXIS-08,DOSING,01-04,CYCLE 1,1,3,,0,4,C008_408,250.0,00EMH392,NOT REDUCED/INTERRUPTED,,1145.0,485.0,1.0,20090303.0,20090304.0,1115.0,WEEK 4 Group A
MAXIS-08,DOSING,01-04,CYCLE 1,1,3,,0,5,C008_408,250.0,00EMH392,OTHER,INTERRUPTED,1334.0,485.0,88.0,20090310.0,20090311.0,1445.0,WEEK 5 Group A
MAXIS-08,DOSING,01-04,CYCLE 1,1,3,,0,6,C008_408,250.0,00EMH392,NOT REDUCED/INTERRUPTED,,1225.0,485.0,1.0,20090317.0,20090318.0,1230.0,WEEK 6 Group A
MAXIS-08,DOSING,01-04,CYCLE 1,2,3,,0,1,C008_408,,,,,,,,,,,
MAXIS-08,DOSING,01-04,CYCLE 1,3,3,,0,1,C008_408,85.0,0000ZM21,NOT REDUCED/INTERRUPTED,,1515.0,165.0,1.0,20090210.0,,1715.0,WEEK 1 Group B
MAXIS-08,DOSING,01-04,CYCLE 1,3,3,,0,2,C008_408,85.0,0000ZM21,NOT REDUCED/INTERRUPTED,,1400.0,165.0,1.0,20090224.0,,1615.0,WEEK 3 Group B
MAXIS-08,DOSING,01-04,CYCLE 1,3,3,,0,3,C008_408,85.0,0000ZM21,NOT REDUCED/INTERRUPTED,,1634.0,165.0,1.0,20090310.0,,1835.0,WEEK 5 Group B
MAXIS-08,DOSING,01-04,CYCLE 2,1,11,,0,1,C008_408,250.0,00EMH392,NOT REDUCED/INTERRUPTED,,1305.0,485.0,1.0,20090324.0,20090325.0,1300.0,WEEK 1 Group A
MAXIS-08,DOSING,01-04,CYCLE 2,1,11,,0,2,C008_408,250.0,00EMH392,NOT REDUCED/INTERRUPTED,,1150.0,485.0,1.0,20090331.0,20090401.0,1230.0,WEEK 2 Group A
MAXIS-08,DOSING,01-04,CYCLE 2,1,11,,0,3,C008_408,250.0,00EMH392,NOT REDUCED/INTERRUPTED,,1130.0,485.0,1.0,20090407.0,20090408.0,1110.0,WEEK 3 Group A
MAXIS-08,DOSING,01-04,CYCLE 2,1,11,,0,4,C008_408,250.0,00EMH392,NOT REDUCED/INTERRUPTED,,1130.0,485.0,1.0,20090414.0,20090415.0,1110.0,WEEK 4 Group A
MAXIS-08,DOSING,01-04,CYCLE 2,1,11,,0,5,C008_408,250.0,00EMH392,NOT REDUCED/INTERRUPTED,,1215.0,485.0,1.0,20090421.0,20090422.0,1208.0,WEEK 5 Group A
MAXIS-08,DOSING,01-04,CYCLE 2,1,11,,0,6,C008_408,250.0,00EMH392,NOT REDUCED/INTERRUPTED,,1200.0,485.0,1.0,20090428.0,20090429.0,1300.0,WEEK 6 Group A
MAXIS-08,DOSING,01-04,CYCLE 2,2,11,,0,1,C008_408,,,,,,,,,,,
MAXIS-08,DOSING,01-04,CYCLE 2,3,11,,0,1,C008_408,85.0,0000ZM21,NOT REDUCED/INTERRUPTED,,1610.0,165.0,1.0,20090324.0,,1810.0,WEEK 1 Group B
MAXIS-08,DOSING,01-04,CYCLE 2,3,11,,0,2,C008_408,85.0,0000ZM21,NOT REDUCED/INTERRUPTED,,1430.0,165.0,1.0,20090407.0,,1630.0,WEEK 3 Group B
MAXIS-08,DOSING,01-04,CYCLE 2,3,11,,0,3,C008_408,85.0,0000ZM21,NOT REDUCED/INTERRUPTED,,1525.0,165.0,1.0,20090421.0,,1730.0,WEEK 5 Group B
MAXIS-08,DOSING,01-04,CYCLE 3,1,19,,0,1,C008_408,250.0,00EMH392,NOT REDUCED/INTERRUPTED,,1137.0,485.0,1.0,20090512.0,20090513.0,1137.0,WEEK 1 Group A
MAXIS-08,DOSING,01-04,CYCLE 3,1,19,,0,2,C008_408,250.0,00EMH392,NOT REDUCED/INTERRUPTED,,1125.0,485.0,1.0,20090526.0,20090527.0,1130.0,WEEK 3 Group A
MAXIS-08,DOSING,01-04,CYCLE 3,1,19,,0,3,C008_408,250.0,00EMH392,NOT REDUCED/INTERRUPTED,,1116.0,485.0,1.0,20090602.0,20090603.0,1110.0,WEEK 4 Group A
MAXIS-08,DOSING,01-04,CYCLE 3,1,19,,0,4,C008_408,250.0,00EMH392,NOT REDUCED/INTERRUPTED,,1243.0,485.0,1.0,20090609.0,20090610.0,1130.0,WEEK 5 Group A
MAXIS-08,DOSING,01-04,CYCLE 3,1,19,,0,5,C008_408,250.0,00EMH392,NOT REDUCED/INTERRUPTED,,1135.0,485.0,1.0,20090616.0,20090617.0,1110.0,WEEK 6 Group A
MAXIS-08,DOSING,01-04,CYCLE 3,2,19,,0,1,C008_408,,,,,,,,,,,
MAXIS-08,DOSING,01-04,CYCLE 3,3,19,,0,1,C008_408,85.0,0000ZM21,NOT REDUCED/INTERRUPTED,,1437.0,165.0,1.0,20090512.0,,1700.0,WEEK 1 Group B
MAXIS-08,DOSING,01-04,CYCLE 3,3,19,,0,2,C008_408,85.0,0000ZM21,NOT REDUCED/INTERRUPTED,,1427.0,165.0,1.0,20090526.0,,1635.0,WEEK 3 Group B
MAXIS-08,DOSING,01-04,CYCLE 3,3,19,,0,3,C008_408,85.0,0000ZM21,NOT REDUCED/INTERRUPTED,,1553.0,165.0,1.0,20090609.0,,1753.0,WEEK 5 Group B
MAXIS-08,DOSING,01-04,CYCLE 4,1,27,,0,1,C008_408,250.0,00EMH392,NOT REDUCED/INTERRUPTED,,1030.0,485.0,1.0,20090623.0,20090624.0,1045.0,WEEK 1 Group A
MAXIS-08,DOSING,01-04,CYCLE 4,1,27,,0,2,C008_408,250.0,00EMH392,NOT REDUCED/INTERRUPTED,,1030.0,485.0,1.0,20090630.0,20090701.0,1030.0,WEEK 2 Group A
MAXIS-08,DOSING,01-04,CYCLE 4,1,27,,0,3,C008_408,250.0,00EMH392,NOT REDUCED/INTERRUPTED,,1127.0,485.0,1.0,20090707.0,20090708.0,1127.0,WEEK 3 Group A
MAXIS-08,DOSING,01-04,CYCLE 4,1,27,,0,4,C008_408,250.0,00EMH392,NOT REDUCED/INTERRUPTED,,1103.0,485.0,1.0,20090714.0,20090715.0,1103.0,WEEK 4 Group A
MAXIS-08,DOSING,01-04,CYCLE 4,1,27,,0,5,C008_408,250.0,00EMH392,NOT REDUCED/INTERRUPTED,,1230.0,485.0,1.0,20090722.0,20090723.0,1145.0,WEEK 5 Group A
MAXIS-08,DOSING,01-04,CYCLE 4,1,27,,0,6,C008_408,250.0,00EMH392,NOT REDUCED/INTERRUPTED,,1238.0,485.0,1.0,20090728.0,20090729.0,1300.0,WEEK 6 Group A
MAXIS-08,DOSING,01-04,CYCLE 4,2,27,,0,1,C008_408,,,,,,,,,,,
MAXIS-08,DOSING,01-04,CYCLE 4,3,27,,0,1,C008_408,85.0,0000ZM21,NOT REDUCED/INTERRUPTED,,1340.0,165.0,1.0,20090623.0,,1547.0,WEEK 1 Group B
MAXIS-08,DOSING,01-04,CYCLE 4,3,27,,0,2,C008_408,85.0,0000ZM21,NOT REDUCED/INTERRUPTED,,1427.0,165.0,1.0,20090707.0,,1627.0,WEEK 3 Group B
MAXIS-08,DOSING,01-04,CYCLE 4,3,27,,0,3,C008_408,85.0,0000ZM21,NOT REDUCED/INTERRUPTED,,1530.0,165.0,1.0,20090722.0,,1745.0,WEEK 5 Group B
MAXIS-08,DOSING,01-04,CYCLE 5,1,35,,0,1,C008_408,250.0,00EMH392,NOT REDUCED/INTERRUPTED,,1144.0,485.0,1.0,20090804.0,20090805.0,1135.0,WEEK 1 Group A
MAXIS-08,DOSING,01-04,CYCLE 5,1,35,,0,2,C008_408,250.0,00EMH392,NOT REDUCED/INTERRUPTED,,1125.0,485.0,1.0,20090811.0,20090812.0,1145.0,WEEK 2 Group A
MAXIS-08,DOSING,01-04,CYCLE 5,1,35,,0,3,C008_408,250.0,00093609,NOT REDUCED/INTERRUPTED,,1026.0,485.0,1.0,20090818.0,20090819.0,920.0,WEEK 3 Group A
MAXIS-08,DOSING,01-04,CYCLE 5,1,35,,0,4,C008_408,250.0,00093609,NOT REDUCED/INTERRUPTED,,1035.0,485.0,1.0,20090825.0,20090826.0,1026.0,WEEK 4 Group A
MAXIS-08,DOSING,01-04,CYCLE 5,1,35,,0,5,C008_408,250.0,00093609,NOT REDUCED/INTERRUPTED,,1038.0,485.0,1.0,20090901.0,20090902.0,1038.0,WEEK 5 Group A
MAXIS-08,DOSING,01-04,CYCLE 5,1,35,,0,6,C008_408,250.0,00093609,NOT REDUCED/INTERRUPTED,,1445.0,485.0,1.0,20090908.0,20090909.0,1410.0,WEEK 6 Group A
MAXIS-08,DOSING,01-04,CYCLE 5,2,35,,0,1,C008_408,,,,,,,,,,,
MAXIS-08,DOSING,01-04,CYCLE 5,3,35,,0,1,C008_408,85.0,0000ZM21,NOT REDUCED/INTERRUPTED,,1452.0,165.0,1.0,20090804.0,,1657.0,WEEK 1 Group B
MAXIS-08,DOSING,01-04,CYCLE 5,3,35,,0,2,C008_408,85.0,0000AF55,NOT REDUCED/INTERRUPTED,,1340.0,165.0,1.0,20090818.0,,1550.0,WEEK 3 Group B
MAXIS-08,DOSING,01-04,CYCLE 5,3,35,,0,3,C008_408,85.0,0000AF55,NOT REDUCED/INTERRUPTED,,1358.0,165.0,1.0,20090901.0,,1610.0,WEEK 5 Group B
MAXIS-08,DOSING,01-05,BASELINE,4,1,COHORT B: Group B,0,1,C008_408,,,,,,,,,,,
MAXIS-08,DOSING,01-05,CYCLE 1,1,3,,0,1,C008_408,250.0,00EMH392,NOT REDUCED/INTERRUPTED,,1100.0,440.0,1.0,20090602.0,20090603.0,1105.0,WEEK 1 Group A
MAXIS-08,DOSING,01-05,CYCLE 1,1,3,,0,2,C008_408,250.0,00EMH392,NOT REDUCED/INTERRUPTED,,1300.0,440.0,1.0,20090609.0,20090610.0,1305.0,WEEK 2 Group A
MAXIS-08,DOSING,01-05,CYCLE 1,1,3,,0,3,C008_408,250.0,00EMH392,NOT REDUCED/INTERRUPTED,,1337.0,440.0,1.0,20090616.0,20090617.0,1400.0,WEEK 3 Group A
MAXIS-08,DOSING,01-05,CYCLE 1,1,3,,0,4,C008_408,250.0,00EMH392,NOT REDUCED/INTERRUPTED,,1555.0,440.0,1.0,20090623.0,20090624.0,1540.0,WEEK 4 Group A
MAXIS-08,DOSING,01-05,CYCLE 1,1,3,,0,5,C008_408,250.0,00EMH392,NOT REDUCED/INTERRUPTED,,1320.0,440.0,1.0,20090630.0,20090701.0,1315.0,WEEK 5 Group A
MAXIS-08,DOSING,01-05,CYCLE 1,1,3,,0,6,C008_408,250.0,00EMH392,NOT REDUCED/INTERRUPTED,,1245.0,440.0,1.0,20090707.0,20090708.0,1200.0,WEEK 6 Group A
MAXIS-08,DOSING,01-05,CYCLE 1,2,3,,0,1,C008_408,,,,,,,,,,,
MAXIS-08,DOSING,01-05,CYCLE 1,3,3,,0,1,C008_408,85.0,0000ZM21,NOT REDUCED/INTERRUPTED,,1415.0,150.0,1.0,20090602.0,,1615.0,WEEK 1 Group B
MAXIS-08,DOSING,01-05,CYCLE 1,3,3,,0,2,C008_408,85.0,0000ZM21,NOT REDUCED/INTERRUPTED,,1637.0,150.0,1.0,20090616.0,,1840.0,WEEK 3 Group B
MAXIS-08,DOSING,01-05,CYCLE 1,3,3,,0,3,C008_408,85.0,0000ZM21,NOT REDUCED/INTERRUPTED,,1644.0,150.0,1.0,20090630.0,,1844.0,WEEK 5 Group B
MAXIS-08,DOSING,01-06,BASELINE,4,1,COHORT B: Group B,0,1,C008_408,,,,,,,,,,,
MAXIS-08,DOSING,01-06,CYCLE 1,1,3,,0,1,C008_408,650.0,00EMH392,NOT REDUCED/INTERRUPTED,,945.0,1105.0,1.0,20090609.0,20090610.0,950.0,WEEK 1 Group A
MAXIS-08,DOSING,01-06,CYCLE 1,1,3,,0,2,C008_408,650.0,00EMH392,NOT REDUCED/INTERRUPTED,,1110.0,1105.0,1.0,20090616.0,20090617.0,1105.0,WEEK 2 Group A
MAXIS-08,DOSING,01-06,CYCLE 1,1,3,,0,3,C008_408,650.0,00EMH392,NOT REDUCED/INTERRUPTED,,1138.0,1105.0,1.0,20090623.0,20090624.0,1145.0,WEEK 3 Group A
MAXIS-08,DOSING,01-06,CYCLE 1,1,3,,0,4,C008_408,650.0,00EMH392,NOT REDUCED/INTERRUPTED,,1520.0,1105.0,1.0,20090707.0,20090708.0,1520.0,WEEK 5 Group A
MAXIS-08,DOSING,01-06,CYCLE 1,1,3,,0,5,C008_408,650.0,00EMH392,NOT REDUCED/INTERRUPTED,,1230.0,1105.0,1.0,20090714.0,20090715.0,1215.0,WEEK 6 Group A
MAXIS-08,DOSING,01-06,CYCLE 1,2,3,,0,1,C008_408,,,,,,,,,,,
MAXIS-08,DOSING,01-06,CYCLE 1,3,3,,0,1,C008_408,85.0,0000ZM21,NOT REDUCED/INTERRUPTED,,1328.0,144.5,1.0,20090609.0,,1530.0,WEEK 1 Group B
MAXIS-08,DOSING,01-06,CYCLE 1,3,3,,0,2,C008_408,85.0,0000ZM21,NOT REDUCED/INTERRUPTED,,1438.0,144.5,1.0,20090623.0,,1638.0,WEEK 3 Group B
MAXIS-08,DOSING,01-06,CYCLE 1,3,3,,0,3,C008_408,43.0,0000ZM21,OTHER,DOSE REDUCED BY 1/2 DOSE,1530.0,73.0,88.0,20090714.0,,1735.0,WEEK 5 Group B
MAXIS-08,DOSING,01-06,CYCLE 2,1,11,,0,1,C008_408,650.0,00EMH392,NOT REDUCED/INTERRUPTED,,1120.0,1105.0,1.0,20090721.0,20090722.0,1130.0,WEEK 1 Group A
MAXIS-08,DOSING,01-06,CYCLE 2,1,11,,0,2,C008_408,650.0,00EMH392,NOT REDUCED/INTERRUPTED,,1230.0,1105.0,1.0,20090728.0,20090729.0,1230.0,WEEK 2 Group A
MAXIS-08,DOSING,01-06,CYCLE 2,1,11,,0,3,C008_408,650.0,00EMH392,OTHER,INTERRUPTED-MECHANICAL PUMP MALFUNCTION,1240.0,1105.0,88.0,20090804.0,20090805.0,1600.0,WEEK 3 Group A
MAXIS-08,DOSING,01-06,CYCLE 2,2,11,,0,1,C008_408,,,,,,,,,,,
MAXIS-08,DOSING,01-06,CYCLE 2,3,11,,0,1,C008_408,43.0,0000ZM21,OTHER,PRIOR WAIVER GRANTED FOR TREATMENT ON OFF WEEK.,1540.0,73.0,88.0,20090728.0,,1744.0,WEEK 1 Group B
MAXIS-08,DOSING,01-07,BASELINE,4,1,COHORT B: Group B,0,1,C008_408,,,,,,,,,,,
MAXIS-08,DOSING,01-07,CYCLE 1,1,3,,0,1,C008_408,650.0,00EMH392,NOT REDUCED/INTERRUPTED,,1125.0,1131.0,1.0,20090625.0,20090626.0,1110.0,WEEK 1 Group A
MAXIS-08,DOSING,01-07,CYCLE 1,1,3,,0,2,C008_408,650.0,00EMH392,NOT REDUCED/INTERRUPTED,,1235.0,1131.0,1.0,20090701.0,20090702.0,1235.0,WEEK 2 Group A
MAXIS-08,DOSING,01-07,CYCLE 1,1,3,,0,3,C008_408,650.0,00EMH392,NOT REDUCED/INTERRUPTED,,1555.0,1131.0,1.0,20090708.0,20090709.0,1545.0,WEEK 3 Group A
MAXIS-08,DOSING,01-07,CYCLE 1,1,3,,0,4,C008_408,650.0,00EMH392,NOT REDUCED/INTERRUPTED,,1239.0,1131.0,1.0,20090716.0,20090717.0,1239.0,WEEK 4 Group A
MAXIS-08,DOSING,01-07,CYCLE 1,1,3,,0,5,C008_408,650.0,00EMH392,NOT REDUCED/INTERRUPTED,,1652.0,1131.0,1.0,20090723.0,20090724.0,1640.0,WEEK 5 Group A
MAXIS-08,DOSING,01-07,CYCLE 1,1,3,,0,6,C008_408,650.0,00EMH392,NOT REDUCED/INTERRUPTED,,1330.0,1131.0,1.0,20090801.0,20090802.0,1305.0,WEEK 6 Group A
MAXIS-08,DOSING,01-07,CYCLE 1,2,3,,0,1,C008_408,,,,,,,,,,,
MAXIS-08,DOSING,01-07,CYCLE 1,3,3,,0,1,C008_408,85.0,0000ZM21,NOT REDUCED/INTERRUPTED,,1432.0,148.0,1.0,20090625.0,,1632.0,WEEK 1 Group B
MAXIS-08,DOSING,01-07,CYCLE 1,3,3,,0,2,C008_408,85.0,0000ZM21,NOT REDUCED/INTERRUPTED,,1900.0,148.0,1.0,20090708.0,,2100.0,WEEK 3 Group B
MAXIS-08,DOSING,01-07,CYCLE 1,3,3,,0,3,C008_408,85.0,0000ZM21,NOT REDUCED/INTERRUPTED,,1952.0,148.0,1.0,20090723.0,,2200.0,WEEK 5 Group B
MAXIS-08,DOSING,01-08,BASELINE,4,1,COHORT B: Group B,0,1,C008_408,,,,,,,,,,,
MAXIS-08,DOSING,01-08,CYCLE 1,1,3,,0,1,C008_408,650.0,00EMH392,NOT REDUCED/INTERRUPTED,,1152.0,897.0,1.0,20090709.0,20090710.0,1157.0,WEEK 1 Group A
MAXIS-08,DOSING,01-08,CYCLE 1,1,3,,0,2,C008_408,650.0,00EMH392,NOT REDUCED/INTERRUPTED,,1425.0,897.0,1.0,20090716.0,20090717.0,1425.0,WEEK 2 Group A
MAXIS-08,DOSING,01-08,CYCLE 1,1,3,,0,3,C008_408,650.0,00EMH392,NOT REDUCED/INTERRUPTED,,1630.0,897.0,1.0,20090723.0,20090724.0,1630.0,WEEK 3 Group A
MAXIS-08,DOSING,01-08,CYCLE 1,1,3,,0,4,C008_408,650.0,00EMH392,NOT REDUCED/INTERRUPTED,,1330.0,897.0,1.0,20090730.0,20090731.0,1300.0,WEEK 4 Group A
MAXIS-08,DOSING,01-08,CYCLE 1,1,3,,0,5,C008_408,650.0,00EMH392,NOT REDUCED/INTERRUPTED,,1510.0,897.0,1.0,20090806.0,20090807.0,1510.0,WEEK 5 Group A
MAXIS-08,DOSING,01-08,CYCLE 1,1,3,,0,6,C008_408,650.0,00093609,NOT REDUCED/INTERRUPTED,,1245.0,897.0,1.0,20090813.0,20090814.0,1230.0,WEEK 6 Group A
MAXIS-08,DOSING,01-08,CYCLE 1,2,3,,0,1,C008_408,,,,,,,,,,,
MAXIS-08,DOSING,01-08,CYCLE 1,3,3,,0,1,C008_408,85.0,0000ZM21,NOT REDUCED/INTERRUPTED,,1500.0,117.0,1.0,20090709.0,,1705.0,WEEK 1 Group B
MAXIS-08,DOSING,01-08,CYCLE 1,3,3,,0,2,C008_408,85.0,0000ZM21,NOT REDUCED/INTERRUPTED,,1930.0,117.0,1.0,20090723.0,,2130.0,WEEK 3 Group B
MAXIS-08,DOSING,01-08,CYCLE 1,3,3,,0,3,C008_408,85.0,0000ZM21,NOT REDUCED/INTERRUPTED,,1810.0,117.0,1.0,20090806.0,,2010.0,WEEK 5 Group B
MAXIS-08,DOSING,01-09,BASELINE,4,1,COHORT B: Group B,0,1,C008_408,,,,,,,,,,,
MAXIS-08,DOSING,01-09,CYCLE 1,1,3,,0,1,C008_408,650.0,00EMH392,NOT REDUCED/INTERRUPTED,,1310.0,1385.0,1.0,20090720.0,20090721.0,1310.0,WEEK 1 Group A
MAXIS-08,DOSING,01-09,CYCLE 1,1,3,,0,2,C008_408,650.0,00EMH392,NOT REDUCED/INTERRUPTED,,1600.0,1385.0,1.0,20090727.0,20090728.0,1600.0,WEEK 2 Group A
MAXIS-08,DOSING,01-09,CYCLE 1,1,3,,0,3,C008_408,650.0,00EMH392,NOT REDUCED/INTERRUPTED,,1254.0,1385.0,1.0,20090803.0,20090804.0,1300.0,WEEK 3 Group A
MAXIS-08,DOSING,01-09,CYCLE 1,1,3,,0,4,C008_408,650.0,00EMH392,NOT REDUCED/INTERRUPTED,,1430.0,1385.0,1.0,20090810.0,20090811.0,1400.0,WEEK 4 Group A
MAXIS-08,DOSING,01-09,CYCLE 1,2,3,,0,1,C008_408,,,,,,,,,,,
MAXIS-08,DOSING,01-09,CYCLE 1,3,3,,0,1,C008_408,85.0,0000ZM21,NOT REDUCED/INTERRUPTED,,1625.0,181.0,1.0,20090720.0,,1825.0,WEEK 1 Group B
MAXIS-08,DOSING,01-09,CYCLE 1,3,3,,0,2,C008_408,85.0,0000ZM21,NOT REDUCED/INTERRUPTED,,1600.0,181.0,1.0,20090803.0,,1810.0,WEEK 3 Group B
MAXIS-08,DOSING,01-10,BASELINE,4,1,COHORT B: Group B,0,1,C008_408,,,,,,,,,,,
MAXIS-08,DOSING,01-10,CYCLE 1,1,3,,0,1,C008_408,650.0,00EMH392,NOT REDUCED/INTERRUPTED,,1445.0,1087.0,1.0,20090721.0,20090722.0,1430.0,WEEK 1 Group A
MAXIS-08,DOSING,01-10,CYCLE 1,1,3,,0,2,C008_408,650.0,00EMH392,NOT REDUCED/INTERRUPTED,,1530.0,1087.0,1.0,20090728.0,20090729.0,1530.0,WEEK 2 Group A
MAXIS-08,DOSING,01-10,CYCLE 1,1,3,,0,3,C008_408,650.0,00EMH392,NOT REDUCED/INTERRUPTED,,1510.0,1087.0,1.0,20090804.0,20090805.0,1410.0,WEEK 3 Group A
MAXIS-08,DOSING,01-10,CYCLE 1,1,3,,0,4,C008_408,650.0,00093609,NOT REDUCED/INTERRUPTED,,1100.0,1087.0,1.0,20090811.0,20090812.0,1100.0,WEEK 4 Group A
MAXIS-08,DOSING,01-10,CYCLE 1,1,3,,0,5,C008_408,650.0,00093609,NOT REDUCED/INTERRUPTED,,1115.0,1087.0,1.0,20090818.0,20090819.0,1030.0,WEEK 5 Group A
MAXIS-08,DOSING,01-10,CYCLE 1,1,3,,0,6,C008_408,650.0,00093609,NOT REDUCED/INTERRUPTED,,1125.0,1087.0,1.0,20090825.0,20090826.0,1130.0,WEEK 6 Group A
MAXIS-08,DOSING,01-10,CYCLE 1,2,3,,0,1,C008_408,,,,,,,,,,,
MAXIS-08,DOSING,01-10,CYCLE 1,3,3,,0,1,C008_408,85.0,0000ZM21,NOT REDUCED/INTERRUPTED,,1800.0,142.0,1.0,20090721.0,,2015.0,WEEK 1 Group B
MAXIS-08,DOSING,01-10,CYCLE 1,3,3,,0,2,C008_408,85.0,0000ZM21,NOT REDUCED/INTERRUPTED,,1820.0,142.0,1.0,20090804.0,,2040.0,WEEK 3 Group B
MAXIS-08,DOSING,01-10,CYCLE 1,3,3,,0,3,C008_408,85.0,0000AF55,NOT REDUCED/INTERRUPTED,,1439.0,142.0,1.0,20090818.0,,1650.0,WEEK 5 Group B
MAXIS-08,DOSING,01-10,CYCLE 2,1,11,,0,1,C008_408,650.0,00093609,NOT REDUCED/INTERRUPTED,,1208.0,1087.0,1.0,20090908.0,20090909.0,1200.0,WEEK 1 Group A
MAXIS-08,DOSING,01-10,CYCLE 2,1,11,,0,2,C008_408,650.0,00093609,NOT REDUCED/INTERRUPTED,,1230.0,1087.0,1.0,20090915.0,20090916.0,1230.0,WEEK 2 Group A
MAXIS-08,DOSING,01-10,CYCLE 2,1,11,,0,3,C008_408,650.0,00093609,NOT REDUCED/INTERRUPTED,,1200.0,1087.0,1.0,20090922.0,20090923.0,1225.0,WEEK 3 Group A
MAXIS-08,DOSING,01-10,CYCLE 2,1,11,,0,4,C008_408,650.0,00093609,NOT REDUCED/INTERRUPTED,,1230.0,1087.0,1.0,20090929.0,20090930.0,1230.0,WEEK 4 Group A
MAXIS-08,DOSING,01-10,CYCLE 2,1,11,,0,5,C008_408,650.0,00093609,NOT REDUCED/INTERRUPTED,,1220.0,1087.0,1.0,20091006.0,20091007.0,1207.0,WEEK 5 Group A
MAXIS-08,DOSING,01-10,CYCLE 2,1,11,,0,6,C008_408,650.0,00093609,NOT REDUCED/INTERRUPTED,,1150.0,1087.0,1.0,20091013.0,20091014.0,1200.0,WEEK 6 Group A
MAXIS-08,DOSING,01-10,CYCLE 2,2,11,,0,1,C008_408,,,,,,,,,,,
MAXIS-08,DOSING,01-10,CYCLE 2,3,11,,0,1,C008_408,85.0,0000AF55,NOT REDUCED/INTERRUPTED,,1538.0,142.0,1.0,20090908.0,,1740.0,WEEK 1 Group B
MAXIS-08,DOSING,01-10,CYCLE 2,3,11,,0,2,C008_408,85.0,0000AF55,NOT REDUCED/INTERRUPTED,,1445.0,142.0,1.0,20090922.0,,1640.0,WEEK 3 Group B
MAXIS-08,DOSING,01-10,CYCLE 2,3,11,,0,3,C008_408,85.0,0000AC32,NOT REDUCED/INTERRUPTED,,1520.0,142.0,1.0,20091006.0,,1725.0,WEEK 5 Group B
MAXIS-08,DOSING,01-10,CYCLE 3,1,19,,0,1,C008_408,650.0,00093609,NOT REDUCED/INTERRUPTED,,1349.0,1087.0,1.0,20091027.0,20091028.0,1336.0,WEEK 1 Group A
MAXIS-08,DOSING,01-10,CYCLE 3,1,19,,0,2,C008_408,650.0,00093609,NOT REDUCED/INTERRUPTED,,1230.0,1087.0,1.0,20091103.0,20091104.0,1230.0,WEEK 2 Group A
MAXIS-08,DOSING,01-10,CYCLE 3,1,19,,0,3,C008_408,650.0,00093609,NOT REDUCED/INTERRUPTED,,1145.0,1087.0,1.0,20091110.0,20091111.0,1145.0,WEEK 3 Group A
MAXIS-08,DOSING,01-10,CYCLE 3,1,19,,0,4,C008_408,650.0,00093609,NOT REDUCED/INTERRUPTED,,1200.0,1087.0,1.0,20091117.0,20091118.0,1200.0,WEEK 4 Group A
MAXIS-08,DOSING,01-10,CYCLE 3,1,19,,0,5,C008_408,650.0,00093609,NOT REDUCED/INTERRUPTED,,1155.0,1087.0,1.0,20091124.0,20091125.0,1155.0,WEEK 5 Group A
MAXIS-08,DOSING,01-10,CYCLE 3,1,19,,0,6,C008_408,650.0,00093609,NOT REDUCED/INTERRUPTED,,1230.0,1087.0,1.0,20091201.0,20091202.0,1230.0,WEEK 6 Group A
MAXIS-08,DOSING,01-10,CYCLE 3,2,19,,0,1,C008_408,,,,,,,,,,,
MAXIS-08,DOSING,01-10,CYCLE 3,3,19,,0,1,C008_408,85.0,009F10KB,NOT REDUCED/INTERRUPTED,,1700.0,142.0,1.0,20091027.0,,1915.0,WEEK 1 Group B
MAXIS-08,DOSING,01-10,CYCLE 3,3,19,,0,2,C008_408,85.0,0000AF04,NOT REDUCED/INTERRUPTED,,1445.0,142.0,1.0,20091110.0,,1700.0,WEEK 3 Group B
MAXIS-08,DOSING,01-10,CYCLE 3,3,19,,0,3,C008_408,85.0,0000AF04,NOT REDUCED/INTERRUPTED,,1455.0,142.0,1.0,20091124.0,,1710.0,WEEK 5 Group B
MAXIS-08,DOSING,01-10,CYCLE 4,1,27,,0,1,C008_408,650.0,00093609,NOT REDUCED/INTERRUPTED,,1610.0,1087.0,1.0,20091215.0,20091216.0,1550.0,WEEK 1 Group A
MAXIS-08,DOSING,01-10,CYCLE 4,1,27,,0,2,C008_408,650.0,00093609,NOT REDUCED/INTERRUPTED,,1500.0,1087.0,1.0,20091222.0,20091223.0,1500.0,WEEK 2 Group A
MAXIS-08,DOSING,01-10,CYCLE 4,1,27,,0,3,C008_408,650.0,00093609,NOT REDUCED/INTERRUPTED,,1310.0,1087.0,1.0,20100105.0,20100106.0,1355.0,WEEK 3 Group A
MAXIS-08,DOSING,01-10,CYCLE 4,1,27,,0,4,C008_408,650.0,00093609,NOT REDUCED/INTERRUPTED,,1130.0,1087.0,1.0,20100112.0,20100113.0,1200.0,WEEK 4 Group A
MAXIS-08,DOSING,01-10,CYCLE 4,1,27,,0,5,C008_408,650.0,00093609,NOT REDUCED/INTERRUPTED,,1323.0,1087.0,1.0,20100119.0,20100120.0,1400.0,WEEK 5 Group A
MAXIS-08,DOSING,01-10,CYCLE 4,1,27,,0,6,C008_408,650.0,00093609,NOT REDUCED/INTERRUPTED,,1300.0,1087.0,1.0,20100126.0,20100127.0,1315.0,WEEK 6 Group A
MAXIS-08,DOSING,01-10,CYCLE 4,2,27,,0,1,C008_408,,,,,,,,,,,
MAXIS-08,DOSING,01-10,CYCLE 4,3,27,,0,1,C008_408,85.0,0000AF04,NOT REDUCED/INTERRUPTED,,1910.0,142.0,1.0,20091215.0,,2130.0,WEEK 1 Group B
MAXIS-08,DOSING,01-10,CYCLE 4,3,27,,0,2,C008_408,85.0,009F25KA,NOT REDUCED/INTERRUPTED,,1645.0,142.0,1.0,20100105.0,,1853.0,WEEK 3 Group B
MAXIS-08,DOSING,01-10,CYCLE 4,3,27,,0,3,C008_408,85.0,009F23MA,NOT REDUCED/INTERRUPTED,,1700.0,142.0,1.0,20100119.0,,1920.0,WEEK 5 Group B
MAXIS-08,DOSING,01-11,BASELINE,4,1,COHORT B: Group B,0,1,C008_408,,,,,,,,,,,
MAXIS-08,DOSING,01-11,CYCLE 1,1,3,,0,1,C008_408,650.0,00EMH392,NOT REDUCED/INTERRUPTED,,1425.0,1093.0,1.0,20090723.0,20090724.0,1420.0,WEEK 1 Group A
MAXIS-08,DOSING,01-11,CYCLE 1,1,3,,0,2,C008_408,650.0,00EMH392,NOT REDUCED/INTERRUPTED,,1428.0,1093.0,1.0,20090730.0,20090731.0,1405.0,WEEK 2 Group A
MAXIS-08,DOSING,01-11,CYCLE 1,1,3,,0,3,C008_408,650.0,00EMH392,NOT REDUCED/INTERRUPTED,,1110.0,1093.0,1.0,20090806.0,20090807.0,1100.0,WEEK 3 Group A
MAXIS-08,DOSING,01-11,CYCLE 1,1,3,,0,4,C008_408,650.0,00093609,NOT REDUCED/INTERRUPTED,,1335.0,1093.0,1.0,20090813.0,20090814.0,1215.0,WEEK 4 Group A
MAXIS-08,DOSING,01-11,CYCLE 1,1,3,,0,5,C008_408,650.0,00093609,NOT REDUCED/INTERRUPTED,,1400.0,1093.0,1.0,20090820.0,20090821.0,1345.0,WEEK 5 Group A
MAXIS-08,DOSING,01-11,CYCLE 1,1,3,,0,6,C008_408,650.0,00093609,NOT REDUCED/INTERRUPTED,,1314.0,1093.0,1.0,20090827.0,20090828.0,1210.0,WEEK 6 Group A
MAXIS-08,DOSING,01-11,CYCLE 1,2,3,,0,1,C008_408,,,,,,,,,,,
MAXIS-08,DOSING,01-11,CYCLE 1,3,3,,0,1,C008_408,85.0,0000ZM21,NOT REDUCED/INTERRUPTED,,1725.0,143.0,1.0,20090723.0,,1940.0,WEEK 1 Group B
MAXIS-08,DOSING,01-11,CYCLE 1,3,3,,0,2,C008_408,85.0,0000ZM21,NOT REDUCED/INTERRUPTED,,1410.0,143.0,1.0,20090806.0,,1617.0,WEEK 3 Group B
MAXIS-08,DOSING,01-11,CYCLE 1,3,3,,0,3,C008_408,85.0,0000AF55,NOT REDUCED/INTERRUPTED,,1700.0,143.0,1.0,20090820.0,,1920.0,WEEK 5 Group B
MAXIS-08,DOSING,01-11,CYCLE 2,1,11,,0,1,C008_408,650.0,00093609,NOT REDUCED/INTERRUPTED,,1045.0,1093.0,1.0,20090903.0,20090904.0,1045.0,WEEK 1 Group A
MAXIS-08,DOSING,01-11,CYCLE 2,1,11,,0,2,C008_408,650.0,00093609,NOT REDUCED/INTERRUPTED,,1230.0,1093.0,1.0,20090910.0,20090911.0,1140.0,WEEK 2 Group A
MAXIS-08,DOSING,01-11,CYCLE 2,1,11,,0,3,C008_408,650.0,00093609,NOT REDUCED/INTERRUPTED,,1415.0,1093.0,1.0,20090917.0,20090918.0,1405.0,WEEK 3 Group A
MAXIS-08,DOSING,01-11,CYCLE 2,1,11,,0,4,C008_408,650.0,00093609,NOT REDUCED/INTERRUPTED,,1340.0,1093.0,1.0,20090924.0,20090925.0,1300.0,WEEK 4 Group A
MAXIS-08,DOSING,01-11,CYCLE 2,1,11,,0,5,C008_408,650.0,00093609,NOT REDUCED/INTERRUPTED,,1305.0,1093.0,1.0,20091001.0,20091002.0,1235.0,WEEK 5 Group A
MAXIS-08,DOSING,01-11,CYCLE 2,1,11,,0,6,C008_408,650.0,00093609,NOT REDUCED/INTERRUPTED,,1250.0,1093.0,1.0,20091008.0,20091009.0,1200.0,WEEK 6 Group A
MAXIS-08,DOSING,01-11,CYCLE 2,2,11,,0,1,C008_408,,,,,,,,,,,
MAXIS-08,DOSING,01-11,CYCLE 2,3,11,,0,1,C008_408,85.0,0000AF55,NOT REDUCED/INTERRUPTED,,1350.0,143.0,1.0,20090903.0,,1605.0,WEEK 1 Group B
MAXIS-08,DOSING,01-11,CYCLE 2,3,11,,0,2,C008_408,85.0,0000AF55,NOT REDUCED/INTERRUPTED,,1715.0,143.0,1.0,20090917.0,,1925.0,WEEK 3 Group B
MAXIS-08,DOSING,01-11,CYCLE 2,3,11,,0,3,C008_408,85.0,009F25KA,NOT REDUCED/INTERRUPTED,,1610.0,143.0,1.0,20091001.0,,1810.0,WEEK 5 Group B
MAXIS-08,DOSING,01-11,CYCLE 3,1,19,,0,1,C008_408,650.0,00093609,NOT REDUCED/INTERRUPTED,,1330.0,1093.0,1.0,20091022.0,20091023.0,1215.0,WEEK 1 Group A
MAXIS-08,DOSING,01-11,CYCLE 3,1,19,,0,2,C008_408,650.0,00093609,NOT REDUCED/INTERRUPTED,,1506.0,1093.0,1.0,20091029.0,20091030.0,1506.0,WEEK 2 Group A
MAXIS-08,DOSING,01-11,CYCLE 3,1,19,,0,3,C008_408,650.0,00093609,NOT REDUCED/INTERRUPTED,,1318.0,1093.0,1.0,20091105.0,20091106.0,1350.0,WEEK 3 Group A
MAXIS-08,DOSING,01-11,CYCLE 3,1,19,,0,4,C008_408,650.0,00093609,NOT REDUCED/INTERRUPTED,,1130.0,1093.0,1.0,20091112.0,20091113.0,1200.0,WEEK 4 Group A
MAXIS-08,DOSING,01-11,CYCLE 3,1,19,,0,5,C008_408,650.0,00093609,NOT REDUCED/INTERRUPTED,,1235.0,1093.0,1.0,20091119.0,20091120.0,1235.0,WEEK 5 Group A
MAXIS-08,DOSING,01-11,CYCLE 3,1,19,,0,6,C008_408,650.0,00093609,NOT REDUCED/INTERRUPTED,,1335.0,1093.0,1.0,20091124.0,20091125.0,1330.0,WEEK 6 Group A
MAXIS-08,DOSING,01-11,CYCLE 3,2,19,,0,1,C008_408,,,,,,,,,,,
MAXIS-08,DOSING,01-11,CYCLE 3,3,19,,0,1,C008_408,85.0,009F25KA,NOT REDUCED/INTERRUPTED,,1635.0,143.0,1.0,20091022.0,,1840.0,WEEK 1 Group B
MAXIS-08,DOSING,01-11,CYCLE 3,3,19,,0,2,C008_408,85.0,0000AF04,NOT REDUCED/INTERRUPTED,,1621.0,143.0,1.0,20091105.0,,1840.0,WEEK 3 Group B
MAXIS-08,DOSING,01-11,CYCLE 3,3,19,,0,3,C008_408,85.0,0000AF04,NOT REDUCED/INTERRUPTED,,1535.0,143.0,1.0,20091119.0,,1743.0,WEEK 5 Group B
MAXIS-08,DOSING,01-11,CYCLE 4,1,27,,0,1,C008_408,650.0,00093609,NOT REDUCED/INTERRUPTED,,1110.0,1093.0,1.0,20091202.0,20091203.0,1156.0,WEEK 1 Group A
MAXIS-08,DOSING,01-11,CYCLE 4,1,27,,0,2,C008_408,650.0,00093609,NOT REDUCED/INTERRUPTED,,1230.0,1093.0,1.0,20091208.0,20091209.0,1209.0,WEEK 2 Group A
MAXIS-08,DOSING,01-11,CYCLE 4,1,27,,0,3,C008_408,650.0,00093609,NOT REDUCED/INTERRUPTED,,1300.0,1093.0,1.0,20091215.0,20091216.0,1337.0,WEEK 3 Group A
MAXIS-08,DOSING,01-11,CYCLE 4,1,27,,0,4,C008_408,650.0,00093609,NOT REDUCED/INTERRUPTED,,1230.0,1093.0,1.0,20091222.0,20091223.0,1230.0,WEEK 4 Group A
MAXIS-08,DOSING,01-11,CYCLE 4,1,27,,0,5,C008_408,650.0,00093609,NOT REDUCED/INTERRUPTED,,1250.0,1093.0,1.0,20091229.0,20091230.0,1250.0,WEEK 5 Group A
MAXIS-08,DOSING,01-11,CYCLE 4,1,27,,0,6,C008_408,650.0,00093609,NOT REDUCED/INTERRUPTED,,1412.0,1093.0,1.0,20100105.0,20100106.0,1408.0,WEEK 6 Group A
MAXIS-08,DOSING,01-11,CYCLE 4,2,27,,0,1,C008_408,,,,,,,,,,,
MAXIS-08,DOSING,01-11,CYCLE 4,3,27,,0,1,C008_408,85.0,0000AF04,NOT REDUCED/INTERRUPTED,,1420.0,143.0,1.0,20091202.0,,1630.0,WEEK 1 Group B
MAXIS-08,DOSING,01-11,CYCLE 4,3,27,,0,2,C008_408,65.0,0000AF04,OTHER,DOSE REDUCED PER THROMBOCYTOPENIA,1600.0,109.2,88.0,20091215.0,,1815.0,WEEK 3 Group B
MAXIS-08,DOSING,01-11,CYCLE 4,3,27,,0,3,C008_408,65.0,009F25KA,NOT REDUCED/INTERRUPTED,,1550.0,109.2,1.0,20091229.0,,1750.0,WEEK 5 Group B
MAXIS-08,DOSING,01-12,BASELINE,4,1,COHORT B: Group B,0,1,C008_408,,,,,,,,,,,
MAXIS-08,DOSING,01-12,CYCLE 1,1,3,,0,1,C008_408,1050.0,00093609,NOT REDUCED/INTERRUPTED,,1307.0,1575.0,1.0,20090903.0,20090904.0,1235.0,WEEK 1 Group A
MAXIS-08,DOSING,01-12,CYCLE 1,2,3,,0,1,C008_408,,,,,,,,,,,
MAXIS-08,DOSING,01-12,CYCLE 1,3,3,,0,1,C008_408,85.0,,NOT REDUCED/INTERRUPTED,,1620.0,127.5,1.0,20090903.0,,1830.0,WEEK 1 Group B
MAXIS-08,DOSING,01-13,BASELINE,4,1,COHORT B: Group B,0,1,C008_408,,,,,,,,,,,
MAXIS-08,DOSING,01-13,CYCLE 1,1,3,,0,1,C008_408,1050.0,00093609,NOT REDUCED/INTERRUPTED,,1440.0,1533.0,1.0,20090924.0,20090925.0,1440.0,WEEK 1 Group A
MAXIS-08,DOSING,01-13,CYCLE 1,1,3,,0,2,C008_408,1050.0,00093609,NOT REDUCED/INTERRUPTED,,1920.0,1533.0,1.0,20091001.0,20091002.0,1925.0,WEEK 2 Group A
MAXIS-08,DOSING,01-13,CYCLE 1,1,3,,0,3,C008_408,1050.0,00093609,NOT REDUCED/INTERRUPTED,,1530.0,1533.0,1.0,20091008.0,20091009.0,1505.0,WEEK 3 Group A
MAXIS-08,DOSING,01-13,CYCLE 1,1,3,,0,4,C008_408,1050.0,00093609,NOT REDUCED/INTERRUPTED,,1530.0,1533.0,1.0,20091015.0,20091016.0,1600.0,WEEK 4 Group A
MAXIS-08,DOSING,01-13,CYCLE 1,1,3,,0,5,C008_408,1050.0,00093609,NOT REDUCED/INTERRUPTED,,1330.0,1533.0,1.0,20091022.0,20091023.0,1313.0,WEEK 5 Group A
MAXIS-08,DOSING,01-13,CYCLE 1,1,3,,0,6,C008_408,,,OTHER,OFF STUDY,,,88.0,20091029.0,20091030.0,,WEEK 6 Group A
MAXIS-08,DOSING,01-13,CYCLE 1,2,3,,0,1,C008_408,,,,,,,,,,,
MAXIS-08,DOSING,01-13,CYCLE 1,3,3,,0,1,C008_408,85.0,009F10K8,NOT REDUCED/INTERRUPTED,,1740.0,124.0,1.0,20090924.0,,1940.0,WEEK 1 Group B
MAXIS-08,DOSING,01-13,CYCLE 1,3,3,,0,2,C008_408,85.0,009F10K8,NOT REDUCED/INTERRUPTED,,1830.0,124.0,1.0,20091008.0,,2050.0,WEEK 3 Group B
MAXIS-08,DOSING,01-13,CYCLE 1,3,3,,0,3,C008_408,85.0,009F10K8,NOT REDUCED/INTERRUPTED,,1635.0,124.0,1.0,20091022.0,,1855.0,WEEK 5 Group B
MAXIS-08,DOSING,01-14,BASELINE,4,1,COHORT B: Group B,0,1,C008_408,,,,,,,,,,,
MAXIS-08,DOSING,01-14,CYCLE 1,1,3,,0,1,C008_408,1050.0,00093609,NOT REDUCED/INTERRUPTED,,1320.0,1470.0,1.0,20091027.0,20091028.0,1200.0,WEEK 1 Group A
MAXIS-08,DOSING,01-14,CYCLE 1,1,3,,0,2,C008_408,1050.0,00093609,NOT REDUCED/INTERRUPTED,,1435.0,1470.0,1.0,20091103.0,20091104.0,1435.0,WEEK 2 Group A
MAXIS-08,DOSING,01-14,CYCLE 1,1,3,,0,3,C008_408,1050.0,00093609,ADVERSE EVENT,,1423.0,1470.0,2.0,20091110.0,20091111.0,1453.0,WEEK 3 Group A
MAXIS-08,DOSING,01-14,CYCLE 1,1,3,,0,4,C008_408,1050.0,00093609,NOT REDUCED/INTERRUPTED,,1506.0,1470.0,1.0,20091117.0,20091118.0,1550.0,WEEK 4 Group A
MAXIS-08,DOSING,01-14,CYCLE 1,1,3,,0,5,C008_408,1050.0,00093609,NOT REDUCED/INTERRUPTED,,1446.0,1470.0,1.0,20091124.0,20091125.0,1445.0,WEEK 5 Group A
MAXIS-08,DOSING,01-14,CYCLE 1,1,3,,0,6,C008_408,1050.0,00093609,NOT REDUCED/INTERRUPTED,,1305.0,1470.0,1.0,20091201.0,20091202.0,1305.0,WEEK 6 Group A
MAXIS-08,DOSING,01-14,CYCLE 1,2,3,,0,1,C008_408,,,,,,,,,,,
MAXIS-08,DOSING,01-14,CYCLE 1,3,3,,0,1,C008_408,85.0,009F25KA,NOT REDUCED/INTERRUPTED,,1626.0,119.0,1.0,20091027.0,,1826.0,WEEK 1 Group B
MAXIS-08,DOSING,01-14,CYCLE 1,3,3,,0,2,C008_408,85.0,0000AF04,NOT REDUCED/INTERRUPTED,,1723.0,119.0,1.0,20091110.0,,1940.0,WEEK 3 Group B
MAXIS-08,DOSING,01-14,CYCLE 1,3,3,,0,3,C008_408,85.0,009F25KA,NOT REDUCED/INTERRUPTED,,1746.0,119.0,1.0,20091124.0,,1958.0,WEEK 5 Group B
MAXIS-08,DOSING,01-14,CYCLE 2,1,11,,0,1,C008_408,1050.0,00093609,NOT REDUCED/INTERRUPTED,,1220.0,1470.0,1.0,20091208.0,20091209.0,1250.0,WEEK 1 Group A
MAXIS-08,DOSING,01-14,CYCLE 2,1,11,,0,2,C008_408,1050.0,00093609,NOT REDUCED/INTERRUPTED,,1455.0,1470.0,1.0,20091215.0,20091216.0,1455.0,WEEK 2 Group A
MAXIS-08,DOSING,01-14,CYCLE 2,1,11,,0,3,C008_408,1050.0,00093609,NOT REDUCED/INTERRUPTED,,1505.0,1470.0,1.0,20091222.0,20091223.0,1535.0,WEEK 3 Group A
MAXIS-08,DOSING,01-14,CYCLE 2,1,11,,0,4,C008_408,1050.0,00093609,NOT REDUCED/INTERRUPTED,,1430.0,1470.0,1.0,20091229.0,20091230.0,1500.0,WEEK 4 Group A
MAXIS-08,DOSING,01-14,CYCLE 2,1,11,,0,5,C008_408,1050.0,00093609,NOT REDUCED/INTERRUPTED,,1618.0,1470.0,1.0,20100105.0,20100106.0,1655.0,WEEK 5 Group A
MAXIS-08,DOSING,01-14,CYCLE 2,1,11,,0,6,C008_408,1050.0,00093609,NOT REDUCED/INTERRUPTED,,1530.0,1470.0,1.0,20100112.0,20100113.0,1550.0,WEEK 6 Group A
MAXIS-08,DOSING,01-14,CYCLE 2,2,11,,0,1,C008_408,,,,,,,,,,,
MAXIS-08,DOSING,01-14,CYCLE 2,3,11,,0,1,C008_408,85.0,0000AF04,NOT REDUCED/INTERRUPTED,,1525.0,119.0,1.0,20091208.0,,1740.0,WEEK 1 Group B
MAXIS-08,DOSING,01-14,CYCLE 2,3,11,,0,2,C008_408,85.0,009F25KA,NOT REDUCED/INTERRUPTED,,1805.0,119.0,1.0,20091222.0,,2015.0,WEEK 3 Group B
MAXIS-08,DOSING,01-14,CYCLE 2,3,11,,0,3,C008_408,85.0,009F25KA,NOT REDUCED/INTERRUPTED,,1925.0,119.0,1.0,20100105.0,,2140.0,WEEK 5 Group B
MAXIS-08,DOSING,01-15,BASELINE,4,1,COHORT B: Group B,0,1,C008_408,,,,,,,,,,,
MAXIS-08,DOSING,01-15,CYCLE 1,1,3,,0,1,C008_408,1050.0,00093609,NOT REDUCED/INTERRUPTED,,1235.0,2173.0,1.0,20100330.0,20100331.0,1215.0,WEEK 1 Group A
MAXIS-08,DOSING,01-15,CYCLE 1,1,3,,0,2,C008_408,1050.0,00093609,NOT REDUCED/INTERRUPTED,,1520.0,2173.0,1.0,20100405.0,20100406.0,1530.0,WEEK 2 Group A
MAXIS-08,DOSING,01-15,CYCLE 1,1,3,,0,3,C008_408,1050.0,00093609,NOT REDUCED/INTERRUPTED,,1253.0,2173.0,1.0,20100413.0,20100414.0,1255.0,WEEK 3 Group A
MAXIS-08,DOSING,01-15,CYCLE 1,1,3,,0,4,C008_408,1050.0,00093609,NOT REDUCED/INTERRUPTED,,1145.0,2173.0,1.0,20100420.0,20100421.0,1130.0,WEEK 4 Group A
MAXIS-08,DOSING,01-15,CYCLE 1,1,3,,0,5,C008_408,1050.0,00093609,NOT REDUCED/INTERRUPTED,,1150.0,2173.0,1.0,20100427.0,20100428.0,1250.0,WEEK 5 Group A
MAXIS-08,DOSING,01-15,CYCLE 1,1,3,,0,6,C008_408,1050.0,00093609,NOT REDUCED/INTERRUPTED,,1130.0,2173.0,1.0,20100504.0,20100505.0,1120.0,WEEK 6 Group A
MAXIS-08,DOSING,01-15,CYCLE 1,2,3,,0,1,C008_408,,,,,,,,,,,
MAXIS-08,DOSING,01-15,CYCLE 1,3,3,,0,1,C008_408,85.0,009F25KA,NOT REDUCED/INTERRUPTED,,1545.0,176.0,1.0,20100330.0,,1805.0,WEEK 1 Group B
MAXIS-08,DOSING,01-15,CYCLE 1,3,3,,0,2,C008_408,85.0,009F25KA,NOT REDUCED/INTERRUPTED,,1553.0,176.0,1.0,20100413.0,,1755.0,WEEK 3 Group B
MAXIS-08,DOSING,01-15,CYCLE 1,3,3,,0,3,C008_408,85.0,145359AA,NOT REDUCED/INTERRUPTED,,1450.0,176.0,1.0,20100427.0,,1725.0,WEEK 5 Group B
MAXIS-08,DOSING,01-16,BASELINE,4,1,COHORT B: Group B,0,1,C008_408,,,,,,,,,,,
MAXIS-08,DOSING,01-16,CYCLE 1,1,3,,0,1,C008_408,1050.0,00093609,NOT REDUCED/INTERRUPTED,,1345.0,1711.0,1.0,20100615.0,20100616.0,1400.0,WEEK 1 Group A
MAXIS-08,DOSING,01-16,CYCLE 1,1,3,,0,2,C008_408,1050.0,00093609,NOT REDUCED/INTERRUPTED,,1157.0,1711.0,1.0,20100622.0,20100623.0,1214.0,WEEK 2 Group A
MAXIS-08,DOSING,01-16,CYCLE 1,1,3,,0,3,C008_408,1050.0,00093609,NOT REDUCED/INTERRUPTED,,1240.0,1711.0,1.0,20100629.0,20100630.0,1240.0,WEEK 3 Group A
MAXIS-08,DOSING,01-16,CYCLE 1,1,3,,0,4,C008_408,1050.0,00093609,NOT REDUCED/INTERRUPTED,,1230.0,1711.0,1.0,20100708.0,20100709.0,1215.0,WEEK 4 Group A
MAXIS-08,DOSING,01-16,CYCLE 1,1,3,,0,5,C008_408,1050.0,00093609,NOT REDUCED/INTERRUPTED,,1347.0,1711.0,1.0,20100713.0,20100714.0,1335.0,WEEK 5 Group A
MAXIS-08,DOSING,01-16,CYCLE 1,1,3,,0,6,C008_408,,,ADVERSE EVENT,,,,2.0,,,,WEEK 6 Group A
MAXIS-08,DOSING,01-16,CYCLE 1,2,3,,0,1,C008_408,,,,,,,,,,,
MAXIS-08,DOSING,01-16,CYCLE 1,3,3,,0,1,C008_408,85.0,009F23MA,NOT REDUCED/INTERRUPTED,,1700.0,138.0,1.0,20100615.0,,1922.0,WEEK 1 Group B
MAXIS-08,DOSING,01-16,CYCLE 1,3,3,,0,2,C008_408,85.0,009F23MA,NOT REDUCED/INTERRUPTED,,1540.0,138.0,1.0,20100629.0,,1753.0,WEEK 3 Group B
MAXIS-08,DOSING,01-16,CYCLE 1,3,3,,0,3,C008_408,65.0,015358AA,ADVERSE EVENT,,1713.0,106.0,2.0,20100713.0,,1913.0,WEEK 5 Group B
