﻿MHFDG,STUDY,CPEVENT,DCMNAME,PT,QUALIFYV,VISIT,SUBEVE,REPEATSN,INVSITE,MHSYS,MHDT,MHQSN,HLGTTERM,LLTCODE,MHTEXT,HLGTCODE,HLTTERM,HLTCODE,LLTTERM,MHONG,SOCCODE,SOCTERM,PTCODE,MODTERM,PTTERM
N,MAXIS-08,BASELINE,MH_MEDICAL_HX,01-01,1,1,0,3,C008_408,CARDIOVASCULAR,20080826.0,,,,,,,,,,,,,,
N,MAXIS-08,BASELINE,MH_MEDICAL_HX,01-02,1,1,0,3,C008_408,CARDIOVASCULAR,20081219.0,,,,,,,,,,,,,,
N,MAXIS-08,BASELINE,MH_MEDICAL_HX,01-03,1,1,0,3,C008_408,CARDIOVASCULAR,20090122.0,,,,,,,,,,,,,,
N,MAXIS-08,BASELINE,MH_MEDICAL_HX,01-04,1,1,0,3,C008_408,CARDIOVASCULAR,20090127.0,,,,,,,,,,,,,,
N,MAXIS-08,BASELINE,MH_MEDICAL_HX,01-05,1,1,0,3,C008_408,CARDIOVASCULAR,20090528.0,,,,,,,,,,,,,,
N,MAXIS-08,BASELINE,MH_MEDICAL_HX,01-06,1,1,0,3,C008_408,CARDIOVASCULAR,20090605.0,,,,,,,,,,,,,,
N,MAXIS-08,BASELINE,MH_MEDICAL_HX,01-14,1,1,0,3,C008_408,CARDIOVASCULAR,20091026.0,,,,,,,,,,,,,,
N,MAXIS-08,BASELINE,MH_MEDICAL_HX,01-15,1,1,0,4,C008_408,CARDIOVASCULAR,20100323.0,,,,,,,,,,,,,,
N,MAXIS-08,BASELINE,MH_MEDICAL_HX,01-16,1,1,0,4,C008_408,CARDIOVASCULAR,20100615.0,,,,,,,,,,,,,,
N,MAXIS-08,BASELINE,MH_MEDICAL_HX,01-01,1,1,0,12,C008_408,DERMATOLOGICAL,20080826.0,,,,,,,,,,,,,,
N,MAXIS-08,BASELINE,MH_MEDICAL_HX,01-02,1,1,0,10,C008_408,DERMATOLOGICAL,20081219.0,,,,,,,,,,,,,,
N,MAXIS-08,BASELINE,MH_MEDICAL_HX,01-03,1,1,0,10,C008_408,DERMATOLOGICAL,20090122.0,,,,,,,,,,,,,,
N,MAXIS-08,BASELINE,MH_MEDICAL_HX,01-04,1,1,0,10,C008_408,DERMATOLOGICAL,20090127.0,,,,,,,,,,,,,,
N,MAXIS-08,BASELINE,MH_MEDICAL_HX,01-06,1,1,0,10,C008_408,DERMATOLOGICAL,20090605.0,,,,,,,,,,,,,,
N,MAXIS-08,BASELINE,MH_MEDICAL_HX,01-07,1,1,0,13,C008_408,DERMATOLOGICAL,20090625.0,,,,,,,,,,,,,,
N,MAXIS-08,BASELINE,MH_MEDICAL_HX,01-08,1,1,0,12,C008_408,DERMATOLOGICAL,20090709.0,,,,,,,,,,,,,,
N,MAXIS-08,BASELINE,MH_MEDICAL_HX,01-10,1,1,0,13,C008_408,DERMATOLOGICAL,20090721.0,,,,,,,,,,,,,,
N,MAXIS-08,BASELINE,MH_MEDICAL_HX,01-11,1,1,0,15,C008_408,DERMATOLOGICAL,20090722.0,,,,,,,,,,,,,,
N,MAXIS-08,BASELINE,MH_MEDICAL_HX,01-12,1,1,0,14,C008_408,DERMATOLOGICAL,20090902.0,,,,,,,,,,,,,,
N,MAXIS-08,BASELINE,MH_MEDICAL_HX,01-13,1,1,0,12,C008_408,DERMATOLOGICAL,20090921.0,,,,,,,,,,,,,,
N,MAXIS-08,BASELINE,MH_MEDICAL_HX,01-14,1,1,0,11,C008_408,DERMATOLOGICAL,20091026.0,,,,,,,,,,,,,,
N,MAXIS-08,BASELINE,MH_MEDICAL_HX,01-15,1,1,0,11,C008_408,DERMATOLOGICAL,20100323.0,,,,,,,,,,,,,,
N,MAXIS-08,BASELINE,MH_MEDICAL_HX,01-01,1,1,0,10,C008_408,ENDOCRINE/METABOLIC,20080826.0,,,,,,,,,,,,,,
N,MAXIS-08,BASELINE,MH_MEDICAL_HX,01-02,1,1,0,8,C008_408,ENDOCRINE/METABOLIC,20081219.0,,,,,,,,,,,,,,
N,MAXIS-08,BASELINE,MH_MEDICAL_HX,01-03,1,1,0,8,C008_408,ENDOCRINE/METABOLIC,20090122.0,,,,,,,,,,,,,,
N,MAXIS-08,BASELINE,MH_MEDICAL_HX,01-04,1,1,0,8,C008_408,ENDOCRINE/METABOLIC,20090127.0,,,,,,,,,,,,,,
N,MAXIS-08,BASELINE,MH_MEDICAL_HX,01-05,1,1,0,10,C008_408,ENDOCRINE/METABOLIC,20090528.0,,,,,,,,,,,,,,
N,MAXIS-08,BASELINE,MH_MEDICAL_HX,01-06,1,1,0,8,C008_408,ENDOCRINE/METABOLIC,20090605.0,,,,,,,,,,,,,,
N,MAXIS-08,BASELINE,MH_MEDICAL_HX,01-07,1,1,0,10,C008_408,ENDOCRINE/METABOLIC,20090625.0,,,,,,,,,,,,,,
N,MAXIS-08,BASELINE,MH_MEDICAL_HX,01-08,1,1,0,10,C008_408,ENDOCRINE/METABOLIC,20090709.0,,,,,,,,,,,,,,
N,MAXIS-08,BASELINE,MH_MEDICAL_HX,01-09,1,1,0,8,C008_408,ENDOCRINE/METABOLIC,20090715.0,,,,,,,,,,,,,,
N,MAXIS-08,BASELINE,MH_MEDICAL_HX,01-12,1,1,0,12,C008_408,ENDOCRINE/METABOLIC,20090902.0,,,,,,,,,,,,,,
N,MAXIS-08,BASELINE,MH_MEDICAL_HX,01-13,1,1,0,9,C008_408,ENDOCRINE/METABOLIC,20090921.0,,,,,,,,,,,,,,
N,MAXIS-08,BASELINE,MH_MEDICAL_HX,01-14,1,1,0,9,C008_408,ENDOCRINE/METABOLIC,20091026.0,,,,,,,,,,,,,,
N,MAXIS-08,BASELINE,MH_MEDICAL_HX,01-15,1,1,0,9,C008_408,ENDOCRINE/METABOLIC,20100323.0,,,,,,,,,,,,,,
N,MAXIS-08,BASELINE,MH_MEDICAL_HX,01-01,1,1,0,1,C008_408,"EYES, EARS, NOSE, THROAT",20080826.0,,,,,,,,,,,,,,
N,MAXIS-08,BASELINE,MH_MEDICAL_HX,01-02,1,1,0,1,C008_408,"EYES, EARS, NOSE, THROAT",20081219.0,,,,,,,,,,,,,,
N,MAXIS-08,BASELINE,MH_MEDICAL_HX,01-03,1,1,0,1,C008_408,"EYES, EARS, NOSE, THROAT",20090122.0,,,,,,,,,,,,,,
N,MAXIS-08,BASELINE,MH_MEDICAL_HX,01-04,1,1,0,1,C008_408,"EYES, EARS, NOSE, THROAT",20090127.0,,,,,,,,,,,,,,
N,MAXIS-08,BASELINE,MH_MEDICAL_HX,01-05,1,1,0,1,C008_408,"EYES, EARS, NOSE, THROAT",20090528.0,,,,,,,,,,,,,,
N,MAXIS-08,BASELINE,MH_MEDICAL_HX,01-06,1,1,0,1,C008_408,"EYES, EARS, NOSE, THROAT",20090605.0,,,,,,,,,,,,,,
N,MAXIS-08,BASELINE,MH_MEDICAL_HX,01-08,1,1,0,1,C008_408,"EYES, EARS, NOSE, THROAT",20090709.0,,,,,,,,,,,,,,
N,MAXIS-08,BASELINE,MH_MEDICAL_HX,01-09,1,1,0,1,C008_408,"EYES, EARS, NOSE, THROAT",20090715.0,,,,,,,,,,,,,,
N,MAXIS-08,BASELINE,MH_MEDICAL_HX,01-10,1,1,0,1,C008_408,"EYES, EARS, NOSE, THROAT",20090721.0,,,,,,,,,,,,,,
N,MAXIS-08,BASELINE,MH_MEDICAL_HX,01-11,1,1,0,1,C008_408,"EYES, EARS, NOSE, THROAT",20090722.0,,,,,,,,,,,,,,
N,MAXIS-08,BASELINE,MH_MEDICAL_HX,01-12,1,1,0,1,C008_408,"EYES, EARS, NOSE, THROAT",20090902.0,,,,,,,,,,,,,,
N,MAXIS-08,BASELINE,MH_MEDICAL_HX,01-14,1,1,0,1,C008_408,"EYES, EARS, NOSE, THROAT",20091026.0,,,,,,,,,,,,,,
N,MAXIS-08,BASELINE,MH_MEDICAL_HX,01-03,1,1,0,4,C008_408,GASTROINTESTINAL,20090122.0,,,,,,,,,,,,,,
N,MAXIS-08,BASELINE,MH_MEDICAL_HX,01-04,1,1,0,4,C008_408,GASTROINTESTINAL,20090127.0,,,,,,,,,,,,,,
N,MAXIS-08,BASELINE,MH_MEDICAL_HX,01-09,1,1,0,4,C008_408,GASTROINTESTINAL,20090715.0,,,,,,,,,,,,,,
N,MAXIS-08,BASELINE,MH_MEDICAL_HX,01-10,1,1,0,6,C008_408,GASTROINTESTINAL,20090721.0,,,,,,,,,,,,,,
N,MAXIS-08,BASELINE,MH_MEDICAL_HX,01-12,1,1,0,6,C008_408,GASTROINTESTINAL,20090902.0,,,,,,,,,,,,,,
N,MAXIS-08,BASELINE,MH_MEDICAL_HX,01-13,1,1,0,5,C008_408,GASTROINTESTINAL,20090921.0,,,,,,,,,,,,,,
N,MAXIS-08,BASELINE,MH_MEDICAL_HX,01-15,1,1,0,5,C008_408,GASTROINTESTINAL,20100323.0,,,,,,,,,,,,,,
N,MAXIS-08,BASELINE,MH_MEDICAL_HX,01-16,1,1,0,5,C008_408,GASTROINTESTINAL,20100615.0,,,,,,,,,,,,,,
N,MAXIS-08,BASELINE,MH_MEDICAL_HX,01-02,1,1,0,5,C008_408,GENITOURINARY,20081219.0,,,,,,,,,,,,,,
N,MAXIS-08,BASELINE,MH_MEDICAL_HX,01-03,1,1,0,5,C008_408,GENITOURINARY,20090122.0,,,,,,,,,,,,,,
N,MAXIS-08,BASELINE,MH_MEDICAL_HX,01-04,1,1,0,5,C008_408,GENITOURINARY,20090127.0,,,,,,,,,,,,,,
N,MAXIS-08,BASELINE,MH_MEDICAL_HX,01-05,1,1,0,7,C008_408,GENITOURINARY,20090528.0,,,,,,,,,,,,,,
N,MAXIS-08,BASELINE,MH_MEDICAL_HX,01-06,1,1,0,5,C008_408,GENITOURINARY,20090605.0,,,,,,,,,,,,,,
N,MAXIS-08,BASELINE,MH_MEDICAL_HX,01-09,1,1,0,5,C008_408,GENITOURINARY,20090715.0,,,,,,,,,,,,,,
N,MAXIS-08,BASELINE,MH_MEDICAL_HX,01-10,1,1,0,7,C008_408,GENITOURINARY,20090721.0,,,,,,,,,,,,,,
N,MAXIS-08,BASELINE,MH_MEDICAL_HX,01-13,1,1,0,6,C008_408,GENITOURINARY,20090921.0,,,,,,,,,,,,,,
N,MAXIS-08,BASELINE,MH_MEDICAL_HX,01-14,1,1,0,6,C008_408,GENITOURINARY,20091026.0,,,,,,,,,,,,,,
N,MAXIS-08,BASELINE,MH_MEDICAL_HX,01-16,1,1,0,6,C008_408,GENITOURINARY,20100615.0,,,,,,,,,,,,,,
N,MAXIS-08,BASELINE,MH_MEDICAL_HX,01-01,1,1,0,11,C008_408,HEMATOPOIETIC/LYMPHATIC,20080826.0,,,,,,,,,,,,,,
N,MAXIS-08,BASELINE,MH_MEDICAL_HX,01-03,1,1,0,9,C008_408,HEMATOPOIETIC/LYMPHATIC,20090122.0,,,,,,,,,,,,,,
N,MAXIS-08,BASELINE,MH_MEDICAL_HX,01-06,1,1,0,9,C008_408,HEMATOPOIETIC/LYMPHATIC,20090605.0,,,,,,,,,,,,,,
N,MAXIS-08,BASELINE,MH_MEDICAL_HX,01-08,1,1,0,11,C008_408,HEMATOPOIETIC/LYMPHATIC,20090709.0,,,,,,,,,,,,,,
N,MAXIS-08,BASELINE,MH_MEDICAL_HX,01-09,1,1,0,9,C008_408,HEMATOPOIETIC/LYMPHATIC,20090715.0,,,,,,,,,,,,,,
N,MAXIS-08,BASELINE,MH_MEDICAL_HX,01-10,1,1,0,12,C008_408,HEMATOPOIETIC/LYMPHATIC,20090721.0,,,,,,,,,,,,,,
N,MAXIS-08,BASELINE,MH_MEDICAL_HX,01-11,1,1,0,14,C008_408,HEMATOPOIETIC/LYMPHATIC,20090722.0,,,,,,,,,,,,,,
N,MAXIS-08,BASELINE,MH_MEDICAL_HX,01-12,1,1,0,13,C008_408,HEMATOPOIETIC/LYMPHATIC,20090902.0,,,,,,,,,,,,,,
N,MAXIS-08,BASELINE,MH_MEDICAL_HX,01-14,1,1,0,10,C008_408,HEMATOPOIETIC/LYMPHATIC,20091026.0,,,,,,,,,,,,,,
N,MAXIS-08,BASELINE,MH_MEDICAL_HX,01-01,1,1,0,8,C008_408,MUSCULOSKELETAL,20080826.0,,,,,,,,,,,,,,
N,MAXIS-08,BASELINE,MH_MEDICAL_HX,01-02,1,1,0,6,C008_408,MUSCULOSKELETAL,20081219.0,,,,,,,,,,,,,,
N,MAXIS-08,BASELINE,MH_MEDICAL_HX,01-03,1,1,0,6,C008_408,MUSCULOSKELETAL,20090122.0,,,,,,,,,,,,,,
N,MAXIS-08,BASELINE,MH_MEDICAL_HX,01-05,1,1,0,8,C008_408,MUSCULOSKELETAL,20090528.0,,,,,,,,,,,,,,
N,MAXIS-08,BASELINE,MH_MEDICAL_HX,01-06,1,1,0,6,C008_408,MUSCULOSKELETAL,20090605.0,,,,,,,,,,,,,,
N,MAXIS-08,BASELINE,MH_MEDICAL_HX,01-07,1,1,0,8,C008_408,MUSCULOSKELETAL,20090625.0,,,,,,,,,,,,,,
N,MAXIS-08,BASELINE,MH_MEDICAL_HX,01-08,1,1,0,8,C008_408,MUSCULOSKELETAL,20090709.0,,,,,,,,,,,,,,
N,MAXIS-08,BASELINE,MH_MEDICAL_HX,01-09,1,1,0,6,C008_408,MUSCULOSKELETAL,20090715.0,,,,,,,,,,,,,,
N,MAXIS-08,BASELINE,MH_MEDICAL_HX,01-10,1,1,0,8,C008_408,MUSCULOSKELETAL,20090721.0,,,,,,,,,,,,,,
N,MAXIS-08,BASELINE,MH_MEDICAL_HX,01-12,1,1,0,8,C008_408,MUSCULOSKELETAL,20090902.0,,,,,,,,,,,,,,
N,MAXIS-08,BASELINE,MH_MEDICAL_HX,01-13,1,1,0,7,C008_408,MUSCULOSKELETAL,20090921.0,,,,,,,,,,,,,,
N,MAXIS-08,BASELINE,MH_MEDICAL_HX,01-15,1,1,0,7,C008_408,MUSCULOSKELETAL,20100323.0,,,,,,,,,,,,,,
N,MAXIS-08,BASELINE,MH_MEDICAL_HX,01-16,1,1,0,7,C008_408,MUSCULOSKELETAL,20100615.0,,,,,,,,,,,,,,
N,MAXIS-08,BASELINE,MH_MEDICAL_HX,01-01,1,1,0,9,C008_408,NEUROLOGICAL,20080826.0,,,,,,,,,,,,,,
N,MAXIS-08,BASELINE,MH_MEDICAL_HX,01-02,1,1,0,7,C008_408,NEUROLOGICAL,20081219.0,,,,,,,,,,,,,,
N,MAXIS-08,BASELINE,MH_MEDICAL_HX,01-03,1,1,0,7,C008_408,NEUROLOGICAL,20090122.0,,,,,,,,,,,,,,
N,MAXIS-08,BASELINE,MH_MEDICAL_HX,01-04,1,1,0,7,C008_408,NEUROLOGICAL,20090127.0,,,,,,,,,,,,,,
N,MAXIS-08,BASELINE,MH_MEDICAL_HX,01-05,1,1,0,9,C008_408,NEUROLOGICAL,20090528.0,,,,,,,,,,,,,,
N,MAXIS-08,BASELINE,MH_MEDICAL_HX,01-06,1,1,0,7,C008_408,NEUROLOGICAL,20090605.0,,,,,,,,,,,,,,
N,MAXIS-08,BASELINE,MH_MEDICAL_HX,01-07,1,1,0,9,C008_408,NEUROLOGICAL,20090625.0,,,,,,,,,,,,,,
N,MAXIS-08,BASELINE,MH_MEDICAL_HX,01-08,1,1,0,9,C008_408,NEUROLOGICAL,20090709.0,,,,,,,,,,,,,,
N,MAXIS-08,BASELINE,MH_MEDICAL_HX,01-11,1,1,0,10,C008_408,NEUROLOGICAL,20090722.0,,,,,,,,,,,,,,
N,MAXIS-08,BASELINE,MH_MEDICAL_HX,01-13,1,1,0,8,C008_408,NEUROLOGICAL,20090921.0,,,,,,,,,,,,,,
N,MAXIS-08,BASELINE,MH_MEDICAL_HX,01-15,1,1,0,8,C008_408,NEUROLOGICAL,20100323.0,,,,,,,,,,,,,,
N,MAXIS-08,BASELINE,MH_MEDICAL_HX,01-05,2,1,0,1,C008_408,OTHER,,ALLERGIES,,,,,,,,,,,,,
N,MAXIS-08,BASELINE,MH_MEDICAL_HX,01-07,2,1,0,2,C008_408,OTHER,,ALLERGIES,,,,,,,,,,,,,
N,MAXIS-08,BASELINE,MH_MEDICAL_HX,01-08,2,1,0,2,C008_408,OTHER,,ALLERGIES,,,,,,,,,,,,,
N,MAXIS-08,BASELINE,MH_MEDICAL_HX,01-11,2,1,0,1,C008_408,OTHER,,ALLERGIES,,,,,,,,,,,,,
N,MAXIS-08,BASELINE,MH_MEDICAL_HX,01-12,2,1,0,1,C008_408,OTHER,,ALLERGY,,,,,,,,,,,,,
N,MAXIS-08,BASELINE,MH_MEDICAL_HX,01-13,2,1,0,1,C008_408,OTHER,,ALLERGY,,,,,,,,,,,,,
N,MAXIS-08,BASELINE,MH_MEDICAL_HX,01-14,2,1,0,1,C008_408,OTHER,,ALLERGIES,,,,,,,,,,,,,
N,MAXIS-08,BASELINE,MH_MEDICAL_HX,01-15,2,1,0,1,C008_408,OTHER,,ALLERGY,,,,,,,,,,,,,
N,MAXIS-08,BASELINE,MH_MEDICAL_HX,01-01,1,1,0,13,C008_408,PSYCHOLOGICAL,20080826.0,,,,,,,,,,,,,,
N,MAXIS-08,BASELINE,MH_MEDICAL_HX,01-02,1,1,0,11,C008_408,PSYCHOLOGICAL,20081219.0,,,,,,,,,,,,,,
N,MAXIS-08,BASELINE,MH_MEDICAL_HX,01-03,1,1,0,11,C008_408,PSYCHOLOGICAL,20090122.0,,,,,,,,,,,,,,
N,MAXIS-08,BASELINE,MH_MEDICAL_HX,01-04,1,1,0,11,C008_408,PSYCHOLOGICAL,20090127.0,,,,,,,,,,,,,,
N,MAXIS-08,BASELINE,MH_MEDICAL_HX,01-05,1,1,0,13,C008_408,PSYCHOLOGICAL,20090528.0,,,,,,,,,,,,,,
N,MAXIS-08,BASELINE,MH_MEDICAL_HX,01-06,1,1,0,11,C008_408,PSYCHOLOGICAL,20090605.0,,,,,,,,,,,,,,
N,MAXIS-08,BASELINE,MH_MEDICAL_HX,01-07,1,1,0,14,C008_408,PSYCHOLOGICAL,20090625.0,,,,,,,,,,,,,,
N,MAXIS-08,BASELINE,MH_MEDICAL_HX,01-08,1,1,0,13,C008_408,PSYCHOLOGICAL,20090709.0,,,,,,,,,,,,,,
N,MAXIS-08,BASELINE,MH_MEDICAL_HX,01-09,1,1,0,11,C008_408,PSYCHOLOGICAL,20090715.0,,,,,,,,,,,,,,
N,MAXIS-08,BASELINE,MH_MEDICAL_HX,01-12,1,1,0,15,C008_408,PSYCHOLOGICAL,20090902.0,,,,,,,,,,,,,,
N,MAXIS-08,BASELINE,MH_MEDICAL_HX,01-13,1,1,0,13,C008_408,PSYCHOLOGICAL,20090921.0,,,,,,,,,,,,,,
N,MAXIS-08,BASELINE,MH_MEDICAL_HX,01-14,1,1,0,12,C008_408,PSYCHOLOGICAL,20091026.0,,,,,,,,,,,,,,
N,MAXIS-08,BASELINE,MH_MEDICAL_HX,01-15,1,1,0,12,C008_408,PSYCHOLOGICAL,20100323.0,,,,,,,,,,,,,,
N,MAXIS-08,BASELINE,MH_MEDICAL_HX,01-16,1,1,0,16,C008_408,PSYCHOLOGICAL,20100615.0,,,,,,,,,,,,,,
N,MAXIS-08,BASELINE,MH_MEDICAL_HX,01-01,1,1,0,2,C008_408,RESPIRATORY,20080826.0,,,,,,,,,,,,,,
N,MAXIS-08,BASELINE,MH_MEDICAL_HX,01-02,1,1,0,2,C008_408,RESPIRATORY,20081219.0,,,,,,,,,,,,,,
N,MAXIS-08,BASELINE,MH_MEDICAL_HX,01-03,1,1,0,2,C008_408,RESPIRATORY,20090122.0,,,,,,,,,,,,,,
N,MAXIS-08,BASELINE,MH_MEDICAL_HX,01-04,1,1,0,2,C008_408,RESPIRATORY,20090127.0,,,,,,,,,,,,,,
N,MAXIS-08,BASELINE,MH_MEDICAL_HX,01-05,1,1,0,2,C008_408,RESPIRATORY,20090528.0,,,,,,,,,,,,,,
N,MAXIS-08,BASELINE,MH_MEDICAL_HX,01-06,1,1,0,2,C008_408,RESPIRATORY,20090605.0,,,,,,,,,,,,,,
N,MAXIS-08,BASELINE,MH_MEDICAL_HX,01-08,1,1,0,2,C008_408,RESPIRATORY,20090709.0,,,,,,,,,,,,,,
N,MAXIS-08,BASELINE,MH_MEDICAL_HX,01-09,1,1,0,2,C008_408,RESPIRATORY,20090715.0,,,,,,,,,,,,,,
N,MAXIS-08,BASELINE,MH_MEDICAL_HX,01-10,1,1,0,2,C008_408,RESPIRATORY,20090721.0,,,,,,,,,,,,,,
N,MAXIS-08,BASELINE,MH_MEDICAL_HX,01-12,1,1,0,2,C008_408,RESPIRATORY,20090902.0,,,,,,,,,,,,,,
N,MAXIS-08,BASELINE,MH_MEDICAL_HX,01-13,1,1,0,2,C008_408,RESPIRATORY,20090921.0,,,,,,,,,,,,,,
N,MAXIS-08,BASELINE,MH_MEDICAL_HX,01-14,1,1,0,2,C008_408,RESPIRATORY,20091026.0,,,,,,,,,,,,,,
Y,MAXIS-08,BASELINE,MH_MEDICAL_HX,01-08,1,1,0,5,C008_408,GENITOURINARY,20090709.0,,Abdominal hernias and other abdominal wall conditions,10060954.0,ABDOMINAL HERNIAS,10000073.0,"Abdominal hernias, site unspecified",10000072.0,Abdominal hernia,Y,10017947.0,Gastrointestinal disorders,10060954.0,Abdominal hernia,Abdominal hernia
Y,MAXIS-08,BASELINE,MH_MEDICAL_HX,01-15,2,1,0,2,C008_408,OTHER,,SOCIAL,Lifestyle issues,10048921.0,ALCOHOL,10024450.0,Alcohol product use,10049180.0,Alcohol use,Y,10041244.0,Social circumstances,10048921.0,Alcohol use,Alcohol use
Y,MAXIS-08,BASELINE,MH_MEDICAL_HX,01-11,1,1,0,13,C008_408,HEMATOPOIETIC/LYMPHATIC,20090722.0,,Anaemias nonhaemolytic and marrow depression,10002272.0,ANEMIA,10002086.0,Anaemias NEC,10002067.0,Anemia,Y,10005329.0,Blood and lymphatic system disorders,10002034.0,,Anaemia
Y,MAXIS-08,BASELINE,MH_MEDICAL_HX,01-15,1,1,0,10,C008_408,HEMATOPOIETIC/LYMPHATIC,20100323.0,,Anaemias nonhaemolytic and marrow depression,10002272.0,ANEMIA,10002086.0,Anaemias NEC,10002067.0,Anemia,Y,10005329.0,Blood and lymphatic system disorders,10002034.0,,Anaemia
Y,MAXIS-08,BASELINE,MH_MEDICAL_HX,01-01,1,1,0,5,C008_408,GASTROINTESTINAL,20080826.0,,Appetite and general nutritional disorders,10002646.0,ANOREXIA,10003018.0,Appetite disorders,10003022.0,Anorexia,Y,10027433.0,Metabolism and nutrition disorders,10061428.0,,Decreased appetite
Y,MAXIS-08,BASELINE,MH_MEDICAL_HX,01-14,1,1,0,5,C008_408,GASTROINTESTINAL,20091026.0,,Appetite and general nutritional disorders,10002646.0,ANOREXIA,10003018.0,Appetite disorders,10003022.0,Anorexia,Y,10027433.0,Metabolism and nutrition disorders,10061428.0,,Decreased appetite
Y,MAXIS-08,BASELINE,MH_MEDICAL_HX,01-10,1,1,0,15,C008_408,PSYCHOLOGICAL,20090721.0,,Anxiety disorders and symptoms,10002855.0,ANXIETY,10002861.0,Anxiety symptoms,10002869.0,Anxiety,Y,10037175.0,Psychiatric disorders,10002855.0,,Anxiety
Y,MAXIS-08,BASELINE,MH_MEDICAL_HX,01-11,1,1,0,6,C008_408,GENITOURINARY,20090722.0,,Gastrointestinal therapeutic procedures,10003008.0,APPENDECTOMY,10017998.0,Large intestine therapeutic procedures,10023803.0,Appendectomy,,10042613.0,Surgical and medical procedures,10003010.0,,Appendicectomy
Y,MAXIS-08,BASELINE,MH_MEDICAL_HX,01-09,2,1,0,1,C008_408,OTHER,,ALLERGY,Allergic conditions,10013661.0,"ASPIRIN,",10001708.0,"Allergies to foods, food additives, drugs and other chemicals",10001737.0,Drug allergy,Y,10021428.0,Immune system disorders,10013700.0,Drug allergy,Drug hypersensitivity
Y,MAXIS-08,BASELINE,MH_MEDICAL_HX,01-15,1,1,0,3,C008_408,RESPIRATORY,20100323.0,,Bronchial disorders (excl neoplasms),10003553.0,ASTHMA-LIKE HEAVY BREATHING,10006436.0,Bronchospasm and obstruction,10006484.0,Asthma,Y,10038738.0,"Respiratory, thoracic and mediastinal disorders",10003553.0,Asthma,Asthma
Y,MAXIS-08,BASELINE,MH_MEDICAL_HX,01-04,1,1,0,6,C008_408,MUSCULOSKELETAL,20090127.0,,Musculoskeletal and connective tissue disorders NEC,10003988.0,BACK PAIN,10028393.0,Musculoskeletal and connective tissue pain and discomfort,10068757.0,Back pain,Y,10028395.0,Musculoskeletal and connective tissue disorders,10003988.0,,Back pain
Y,MAXIS-08,BASELINE,MH_MEDICAL_HX,01-07,1,1,0,1,C008_408,"EYES, EARS, NOSE, THROAT",20090625.0,,Gastrointestinal conditions NEC,10004134.0,BARRETT'S ESOPHAGUS,10017943.0,Gastrointestinal mucosal dystrophies and secretion disorders,10052778.0,Barrett's esophagus,,10017947.0,Gastrointestinal disorders,10004137.0,,Barrett's oesophagus
Y,MAXIS-08,BASELINE,MH_MEDICAL_HX,01-16,1,1,0,9,C008_408,NEUROLOGICAL,20100615.0,,Cranial nerve disorders (excl neoplasms),10004223.0,BELL'S PALSY,10011305.0,Facial cranial nerve disorders,10016054.0,Bell's palsy,,10029205.0,Nervous system disorders,10050040.0,,VIIth nerve paralysis
Y,MAXIS-08,BASELINE,MH_MEDICAL_HX,01-07,1,1,0,7,C008_408,GENITOURINARY,20090625.0,,Prostatic disorders (excl infections and inflammations),10004446.0,BENIGN PROSTATIC HYPERPLASIA,10036958.0,Prostatic neoplasms and hypertrophy,10036966.0,Benign prostatic hyperplasia,Y,10038604.0,Reproductive system and breast disorders,10004446.0,,Benign prostatic hyperplasia
Y,MAXIS-08,BASELINE,MH_MEDICAL_HX,01-13,1,1,0,1,C008_408,"EYES, EARS, NOSE, THROAT",20090921.0,,Vision disorders,10005165.0,BLINDNESS OF LEFT EYE/RIGHT EYE,10047518.0,Blindness (excl colour blindness),10005170.0,Blind left eye,Y,10015919.0,Eye disorders,10005186.0,Blind left eye,Blindness unilateral
Y,MAXIS-08,BASELINE,MH_MEDICAL_HX,01-13,1,1,0,1,C008_408,"EYES, EARS, NOSE, THROAT",20090921.0,,Vision disorders,10005167.0,BLINDNESS OF LEFT EYE/RIGHT EYE,10047518.0,Blindness (excl colour blindness),10005170.0,Blind right eye,Y,10015919.0,Eye disorders,10005186.0,Blind right eye,Blindness unilateral
Y,MAXIS-08,BASELINE,MH_MEDICAL_HX,01-16,1,1,0,1,C008_408,"EYES, EARS, NOSE, THROAT",20100615.0,,Vision disorders,10005889.0,BLURRY VISION,10047518.0,Visual disorders NEC,10047541.0,Blurry vision,,10015919.0,Eye disorders,10047513.0,,Vision blurred
Y,MAXIS-08,BASELINE,MH_MEDICAL_HX,01-07,1,1,0,6,C008_408,GASTROINTESTINAL,20090625.0,,Gastrointestinal signs and symptoms,10042079.0,BURNING IN STOMACH,10018012.0,Dyspeptic signs and symptoms,10013949.0,Stomach burning sensation of,Y,10017947.0,Gastrointestinal disorders,10013946.0,Stomach burning sensation of,Dyspepsia
Y,MAXIS-08,BASELINE,MH_MEDICAL_HX,01-04,1,1,0,9,C008_408,HEMATOPOIETIC/LYMPHATIC,20090127.0,,Age related factors,10027308.0,CHEMOTHERAPY INDUCED MENOPAUSE,10001474.0,Age related issues,10001475.0,Menopause,Y,10041244.0,Social circumstances,10027308.0,Menopause,Menopause
Y,MAXIS-08,BASELINE,MH_MEDICAL_HX,01-16,1,1,0,14,C008_408,DERMATOLOGICAL,20100615.0,,Skin and subcutaneous tissue infections and infestations,10008505.0,CHICKEN POX,10040792.0,Skin and subcutaneous tissue viral infections,10040797.0,Chickenpox,,10040785.0,Skin and subcutaneous tissue disorders,10046980.0,Chickenpox,Varicella
Y,MAXIS-08,BASELINE,MH_MEDICAL_HX,01-09,2,1,0,3,C008_408,OTHER,,ALLERGY,Allergic conditions,10001738.0,CHOCOLATE,10001708.0,Allergic conditions NEC,10027654.0,Allergy,Y,10021428.0,Immune system disorders,10020751.0,Allergy,Hypersensitivity
Y,MAXIS-08,BASELINE,MH_MEDICAL_HX,01-08,1,1,0,3,C008_408,CARDIOVASCULAR,20090709.0,,Cardiac arrhythmias,10003119.0,CHRONIC ARRYTHMIA X 5-6 YRS,10007521.0,Rate and rhythm disorders NEC,10037908.0,Arrhythmia,Y,10007541.0,Cardiac disorders,10003119.0,Arrhythmia,Arrhythmia
Y,MAXIS-08,BASELINE,MH_MEDICAL_HX,01-07,1,1,0,4,C008_408,CARDIOVASCULAR,20090625.0,,Coronary artery disorders,10066554.0,CHRONIC CHEST PAIN/ANGINA,10011082.0,Ischaemic coronary artery disorders,10011085.0,Chronic chest pain,Y,10007541.0,Cardiac disorders,10008479.0,Chronic chest pain,Chest pain
Y,MAXIS-08,BASELINE,MH_MEDICAL_HX,01-05,1,1,0,6,C008_408,GASTROINTESTINAL,20090528.0,,Gastrointestinal infections,10051790.0,CHRONIC H. PYLORIC GASTRIC,10017966.0,Gastric and gastroenteric infections,10017887.0,Helicobacter pylori gastritis,Y,10017947.0,Gastrointestinal disorders,10054272.0,Helicobacter pylori gastritis,Helicobacter gastritis
Y,MAXIS-08,BASELINE,MH_MEDICAL_HX,01-16,1,1,0,3,C008_408,RESPIRATORY,20100615.0,,Lower respiratory tract disorders (excl obstruction and infection),10025102.0,CHRONIC LEFT LUNG APEX INFILTRATES WITH ASSOCIATED BRONCH LECTASIS,10024967.0,Parenchymal lung disorders NEC,10033979.0,Lung infiltration,Y,10038738.0,"Respiratory, thoracic and mediastinal disorders",10025102.0,Lung infiltration,Lung infiltration
Y,MAXIS-08,BASELINE,MH_MEDICAL_HX,01-07,1,1,0,2,C008_408,RESPIRATORY,20090625.0,,Bronchial disorders (excl neoplasms),10009033.0,CHRONIC OBSTRUCTIVE PULMONARY DISEASE,10006436.0,Bronchospasm and obstruction,10006484.0,Chronic obstructive pulmonary disease,Y,10038738.0,"Respiratory, thoracic and mediastinal disorders",10009033.0,,Chronic obstructive pulmonary disease
Y,MAXIS-08,BASELINE,MH_MEDICAL_HX,01-05,1,1,0,4,C008_408,GASTROINTESTINAL,20090528.0,,Hepatic and hepatobiliary disorders,10024667.0,CIRRHOSIS,10019654.0,Hepatic fibrosis and cirrhosis,10019669.0,Liver cirrhosis,Y,10019805.0,Hepatobiliary disorders,10019641.0,Liver cirrhosis,Hepatic cirrhosis
Y,MAXIS-08,BASELINE,MH_MEDICAL_HX,01-13,1,1,0,3,C008_408,CARDIOVASCULAR,20090921.0,,Heart failures,10010684.0,CONGESTIVE HEART FAILURE,10019280.0,Heart failures NEC,10019281.0,Congestive heart failure,N,10007541.0,Cardiac disorders,10007559.0,,Cardiac failure congestive
Y,MAXIS-08,BASELINE,MH_MEDICAL_HX,01-07,1,1,0,5,C008_408,CARDIOVASCULAR,20090625.0,,"Arteriosclerosis, stenosis, vascular insufficiency and necrosis",10011078.0,CORONARY ARTERY DISEASE,10003216.0,Coronary necrosis and vascular insufficiency,10065875.0,Coronary artery disease,Y,10047065.0,Vascular disorders,10011078.0,,Coronary artery disease
Y,MAXIS-08,BASELINE,MH_MEDICAL_HX,01-15,1,1,0,1,C008_408,"EYES, EARS, NOSE, THROAT",20100323.0,,Vision disorders,10000186.0,CROSS VISION,10047518.0,Visual disorders NEC,10047541.0,Abnormal vision,Y,10015919.0,Eye disorders,10047571.0,Abnormal vision,Visual impairment
Y,MAXIS-08,BASELINE,MH_MEDICAL_HX,01-11,1,1,0,7,C008_408,MUSCULOSKELETAL,20090722.0,,Embolism and thrombosis,10051055.0,DEEP VEIN THROMBOSIS,10014523.0,Peripheral embolism and thrombosis,10034572.0,Deep vein thrombosis,Y,10047065.0,Vascular disorders,10051055.0,,Deep vein thrombosis
Y,MAXIS-08,BASELINE,MH_MEDICAL_HX,01-10,1,1,0,14,C008_408,PSYCHOLOGICAL,20090721.0,,Depressed mood disorders and disturbances,10012378.0,DEPRESSION,10012375.0,Depressive disorders,10012401.0,Depression,Y,10037175.0,Psychiatric disorders,10012378.0,,Depression
Y,MAXIS-08,BASELINE,MH_MEDICAL_HX,01-11,1,1,0,16,C008_408,PSYCHOLOGICAL,20090722.0,,Depressed mood disorders and disturbances,10012378.0,DEPRESSION,10012375.0,Depressive disorders,10012401.0,Depression,,10037175.0,Psychiatric disorders,10012378.0,,Depression
Y,MAXIS-08,BASELINE,MH_MEDICAL_HX,01-13,1,1,0,10,C008_408,HEMATOPOIETIC/LYMPHATIC,20090921.0,,Glucose metabolism disorders (incl diabetes mellitus),10045242.0,DIABETES MELLITUS TYPE II,10018424.0,Diabetes mellitus (incl subtypes),10012602.0,Type II diabetes mellitus,Y,10014698.0,Endocrine disorders,10067585.0,Type II diabetes mellitus,Type 2 diabetes mellitus
Y,MAXIS-08,BASELINE,MH_MEDICAL_HX,01-06,1,1,0,4,C008_408,GASTROINTESTINAL,20090605.0,,Gastrointestinal motility and defaecation conditions,10012727.0,DIARRHEA (INTERMITTENT),10017977.0,Diarrhoea (excl infective),10012736.0,Diarrhea,Y,10017947.0,Gastrointestinal disorders,10012735.0,Diarrhea,Diarrhoea
Y,MAXIS-08,BASELINE,MH_MEDICAL_HX,01-01,2,1,0,1,C008_408,OTHER,,CHOLINERGIC EFFECTS,Salivary gland conditions,10021677.0,EXCESSIVE SALIVATION,10039404.0,Oral dryness and saliva altered,10030975.0,Increased salivation,Y,10017947.0,Gastrointestinal disorders,10039424.0,Increased salivation,Salivary hypersecretion
Y,MAXIS-08,BASELINE,MH_MEDICAL_HX,01-01,1,1,0,6,C008_408,GASTROINTESTINAL,20080826.0,,Gastrointestinal motility and defaecation conditions,10066874.0,GASTROESOPHAGEAL REFLUX DISEASE,10017977.0,Gastrointestinal atonic and hypomotility disorders NEC,10017933.0,Gastroesophageal reflux disease,Y,10017947.0,Gastrointestinal disorders,10017885.0,,Gastrooesophageal reflux disease
Y,MAXIS-08,BASELINE,MH_MEDICAL_HX,01-02,1,1,0,4,C008_408,GASTROINTESTINAL,20081219.0,,Gastrointestinal motility and defaecation conditions,10066874.0,GASTROESOPHAGEAL REFLUX DISEASE,10017977.0,Gastrointestinal atonic and hypomotility disorders NEC,10017933.0,Gastroesophageal reflux disease,Y,10017947.0,Gastrointestinal disorders,10017885.0,,Gastrooesophageal reflux disease
Y,MAXIS-08,BASELINE,MH_MEDICAL_HX,01-11,1,1,0,4,C008_408,GASTROINTESTINAL,20090722.0,,Gastrointestinal motility and defaecation conditions,10066874.0,GASTROESOPHAGEAL REFLUX DISEASE,10017977.0,Gastrointestinal atonic and hypomotility disorders NEC,10017933.0,Gastroesophageal reflux disease,Y,10017947.0,Gastrointestinal disorders,10017885.0,,Gastrooesophageal reflux disease
Y,MAXIS-08,BASELINE,MH_MEDICAL_HX,01-16,1,1,0,12,C008_408,ENDOCRINE/METABOLIC,20100615.0,,Thyroid gland disorders,10018491.0,GOITER,10043739.0,Thyroid disorders NEC,10043712.0,Goiter,Y,10014698.0,Endocrine disorders,10018498.0,,Goitre
Y,MAXIS-08,BASELINE,MH_MEDICAL_HX,01-07,2,1,0,3,C008_408,OTHER,,BREAST,Breast disorders,10018801.0,GYNECOMASTIA,10006232.0,Breast disorders NEC,10040675.0,Gynecomastia,,10038604.0,Reproductive system and breast disorders,10018800.0,,Gynaecomastia
Y,MAXIS-08,BASELINE,MH_MEDICAL_HX,01-14,1,1,0,8,C008_408,NEUROLOGICAL,20091026.0,,Neurological disorders NEC,10049681.0,HAND/FINGER NUMBNESS,10029305.0,Sensory abnormalities NEC,10040021.0,Numbness in hand,N,10029205.0,Nervous system disorders,10020937.0,Numbness in hand,Hypoaesthesia
Y,MAXIS-08,BASELINE,MH_MEDICAL_HX,01-16,2,1,0,1,C008_408,OTHER,,ALLERGY,Allergic conditions,10019170.0,HAY FEVER,10001708.0,Atopic disorders,10052737.0,Hay fever,Y,10021428.0,Immune system disorders,10048908.0,,Seasonal allergy
Y,MAXIS-08,BASELINE,MH_MEDICAL_HX,01-08,1,1,0,7,C008_408,GENITOURINARY,20090709.0,,Gastrointestinal therapeutic procedures,10059624.0,HEMORRHOID SURGERY X 6-7 YRS AGO,10017998.0,Anorectal therapeutic procedures,10002580.0,Haemorrhoid operation,,10042613.0,Surgical and medical procedures,10059624.0,Haemorrhoid operation,Haemorrhoid operation
Y,MAXIS-08,BASELINE,MH_MEDICAL_HX,01-05,1,1,0,11,C008_408,HEMATOPOIETIC/LYMPHATIC,20090528.0,,Hepatic and hepatobiliary disorders,10068113.0,HEPATITIS B VIRUS INFECTION,10019654.0,Hepatic viral infections,10019715.0,HBV coinfection,Y,10019805.0,Hepatobiliary disorders,10019731.0,HBV coinfection,Hepatitis B
Y,MAXIS-08,BASELINE,MH_MEDICAL_HX,01-02,1,1,0,9,C008_408,HEMATOPOIETIC/LYMPHATIC,20081219.0,,Hepatic and hepatobiliary disorders,10068113.0,HEPATITIS B VIRUS INFECTION HEMOPTYSIS (WITH COUGH),10019654.0,Hepatic viral infections,10019715.0,HBV coinfection,Y,10019805.0,Hepatobiliary disorders,10019731.0,HBV coinfection,Hepatitis B
Y,MAXIS-08,BASELINE,MH_MEDICAL_HX,01-07,1,1,0,11,C008_408,HEMATOPOIETIC/LYMPHATIC,20090625.0,,Viral infectious disorders,10065949.0,HEPATITIS C VIRUS INFECTION,10047438.0,Hepatitis viral infections,10057212.0,HCV coinfection,Y,10021881.0,Infections and infestations,10019744.0,HCV coinfection,Hepatitis C
Y,MAXIS-08,BASELINE,MH_MEDICAL_HX,01-11,1,1,0,9,C008_408,MUSCULOSKELETAL,20090722.0,,Gastrointestinal therapeutic procedures,10062003.0,HERNIA REPAIR 2005,10017998.0,Hernia repairs,10019931.0,Hernia repair,,10042613.0,Surgical and medical procedures,10062003.0,Hernia repair,Hernia repair
Y,MAXIS-08,BASELINE,MH_MEDICAL_HX,01-12,1,1,0,5,C008_408,CARDIOVASCULAR,20090902.0,,Vascular hypertensive disorders,10005747.0,HIGH BLOOD PRESSURE,10057166.0,Vascular hypertensive disorders NEC,10020774.0,Blood pressure high,,10047065.0,Vascular disorders,10020772.0,Blood pressure high,Hypertension
Y,MAXIS-08,BASELINE,MH_MEDICAL_HX,01-12,1,1,0,4,C008_408,CARDIOVASCULAR,20090902.0,,Lipid analyses,10020049.0,HIGH CHOLESTEROL,10024580.0,Cholesterol analyses,10008651.0,High cholesterol,,10022891.0,Investigations,10005425.0,,Blood cholesterol increased
Y,MAXIS-08,BASELINE,MH_MEDICAL_HX,01-16,1,1,0,13,C008_408,HEMATOPOIETIC/LYMPHATIC,20100615.0,,"Bone, calcium, magnesium and phosphorus metabolism disorders",10020587.0,HYPERCALCEMIA,10013296.0,Calcium metabolism disorders,10006975.0,Hypercalcemia,Y,10027433.0,Metabolism and nutrition disorders,10020583.0,,Hypercalcaemia
Y,MAXIS-08,BASELINE,MH_MEDICAL_HX,01-09,1,1,0,3,C008_408,CARDIOVASCULAR,20090715.0,,Vascular hypertensive disorders,10020772.0,HYPERTENSION,10057166.0,Vascular hypertensive disorders NEC,10020774.0,Hypertension,Y,10047065.0,Vascular disorders,10020772.0,,Hypertension
Y,MAXIS-08,BASELINE,MH_MEDICAL_HX,01-11,1,1,0,3,C008_408,CARDIOVASCULAR,20090722.0,,Vascular hypertensive disorders,10020772.0,HYPERTENSION,10057166.0,Vascular hypertensive disorders NEC,10020774.0,Hypertension,Y,10047065.0,Vascular disorders,10020772.0,,Hypertension
Y,MAXIS-08,BASELINE,MH_MEDICAL_HX,01-13,1,1,0,4,C008_408,CARDIOVASCULAR,20090921.0,,Vascular hypertensive disorders,10020772.0,HYPERTENSION,10057166.0,Vascular hypertensive disorders NEC,10020774.0,Hypertension,Y,10047065.0,Vascular disorders,10020772.0,,Hypertension
Y,MAXIS-08,BASELINE,MH_MEDICAL_HX,01-07,1,1,0,12,C008_408,HEMATOPOIETIC/LYMPHATIC,20090625.0,,Vascular hypertensive disorders,10020772.0,HYPERTENSION,10057166.0,Vascular hypertensive disorders NEC,10020774.0,Hypertension,Y,10047065.0,Vascular disorders,10020772.0,,Hypertension
Y,MAXIS-08,BASELINE,MH_MEDICAL_HX,01-10,1,1,0,10,C008_408,ENDOCRINE/METABOLIC,20090721.0,,Thyroid gland disorders,10021114.0,HYPOTHYROIDISM,10043739.0,Thyroid hypofunction disorders,10043741.0,Hypothyroidism,Y,10014698.0,Endocrine disorders,10021114.0,,Hypothyroidism
Y,MAXIS-08,BASELINE,MH_MEDICAL_HX,01-11,1,1,0,11,C008_408,ENDOCRINE/METABOLIC,20090722.0,,Thyroid gland disorders,10021114.0,HYPOTHYROIDISM,10043739.0,Thyroid hypofunction disorders,10043741.0,Hypothyroidism,Y,10014698.0,Endocrine disorders,10021114.0,,Hypothyroidism
Y,MAXIS-08,BASELINE,MH_MEDICAL_HX,01-08,1,1,0,6,C008_408,GENITOURINARY,20090709.0,,Obstetric and gynaecological therapeutic procedures,10021151.0,HYSTERECTOMY 10-11 YRS AGO,10029903.0,Uterine therapeutic procedures,10046808.0,Hysterectomy,,10042613.0,Surgical and medical procedures,10021151.0,Hysterectomy,Hysterectomy
Y,MAXIS-08,BASELINE,MH_MEDICAL_HX,01-12,1,1,0,7,C008_408,GENITOURINARY,20090902.0,,Obstetric and gynaecological therapeutic procedures,10021151.0,HYSTERECTOMY FOR UTERINE FIBROID,10029903.0,Uterine therapeutic procedures,10046808.0,Hysterectomy,,10042613.0,Surgical and medical procedures,10021151.0,Hysterectomy,Hysterectomy
Y,MAXIS-08,BASELINE,MH_MEDICAL_HX,01-16,1,1,0,11,C008_408,ENDOCRINE/METABOLIC,20100615.0,,White blood cell disorders,10027923.0,INFECTIONS MONONUCLEOSIS,10047954.0,Leukocytoses NEC,10024379.0,Mononucleosis infectious,,10005329.0,Blood and lymphatic system disorders,10021914.0,Mononucleosis infectious,Infectious mononucleosis
Y,MAXIS-08,BASELINE,MH_MEDICAL_HX,01-07,2,1,0,1,C008_408,OTHER,,ADDICTION,Lifestyle issues,10022830.0,"INTRAVENOUS DRUG ABUSE (COCAINE, HEROINE)",10024450.0,Drug and chemical abuse,10013662.0,Intravenous drug abuser,,10041244.0,Social circumstances,10061111.0,Intravenous drug abuser,Drug abuser
Y,MAXIS-08,BASELINE,MH_MEDICAL_HX,01-06,2,1,0,1,C008_408,OTHER,,ALLERGY,Allergic conditions,10052098.0,IODINE CONTRAST DYE,10001708.0,"Allergies to foods, food additives, drugs and other chemicals",10001737.0,Iodine allergy,Y,10021428.0,Immune system disorders,10052098.0,Iodine allergy,Iodine allergy
Y,MAXIS-08,BASELINE,MH_MEDICAL_HX,01-14,1,1,0,7,C008_408,MUSCULOSKELETAL,20091026.0,,Bone and joint therapeutic procedures,10049662.0,KNEE SURGERY TO MENISCUS TEAR,10005944.0,Joint therapeutic procedures,10023221.0,Knee surgery NOS,N,10042613.0,Surgical and medical procedures,10049548.0,Knee surgery NOS,Knee operation
Y,MAXIS-08,BASELINE,MH_MEDICAL_HX,01-15,1,1,0,2,C008_408,"EYES, EARS, NOSE, THROAT",20100323.0,,Upper respiratory tract disorders (excl infections),10024877.0,LOST SMELLING SENSORY,10046304.0,Nasal disorders NEC,10028731.0,Loss of smell,Y,10038738.0,"Respiratory, thoracic and mediastinal disorders",10002653.0,Loss of smell,Anosmia
Y,MAXIS-08,BASELINE,MH_MEDICAL_HX,01-12,1,1,0,9,C008_408,NEUROLOGICAL,20090902.0,,Neurological disorders NEC,10013395.0,MILD DISORIENTED,10029305.0,Neurological signs and symptoms NEC,10029306.0,Disorientation,Y,10029205.0,Nervous system disorders,10013395.0,Disorientation,Disorientation
Y,MAXIS-08,BASELINE,MH_MEDICAL_HX,01-12,1,1,0,10,C008_408,NEUROLOGICAL,20090902.0,,Mental impairment disorders,10017060.0,MILD FORGETFULNESS,10057167.0,Memory loss (excl dementia),10027177.0,Forgetfulness,Y,10029205.0,Nervous system disorders,10027175.0,Forgetfulness,Memory impairment
Y,MAXIS-08,BASELINE,MH_MEDICAL_HX,01-10,1,1,0,3,C008_408,CARDIOVASCULAR,20090721.0,,Cardiac valve disorders,10027730.0,MITRAL VALVE PROLAPSIS,10046973.0,Mitral valvular disorders,10027723.0,Mitral valve prolapse,,10007541.0,Cardiac disorders,10027730.0,Mitral valve prolapse,Mitral valve prolapse
Y,MAXIS-08,BASELINE,MH_MEDICAL_HX,01-12,1,1,0,3,C008_408,CARDIOVASCULAR,20090902.0,,Cardiac valve disorders,10027730.0,MITRAL VALVE PROLAPSIS,10046973.0,Mitral valvular disorders,10027723.0,Mitral valve prolapse,,10007541.0,Cardiac disorders,10027730.0,Mitral valve prolapse,Mitral valve prolapse
Y,MAXIS-08,BASELINE,MH_MEDICAL_HX,01-05,1,1,0,5,C008_408,GASTROINTESTINAL,20090528.0,,Gastrointestinal vascular conditions,10015746.0,MODERATE EXTERNAL HEMORRHOIDS,10018031.0,Haemorrhoids and gastrointestinal varices (excl oesophageal),10018029.0,External hemorrhoids,Y,10017947.0,Gastrointestinal disorders,10019022.0,External hemorrhoids,Haemorrhoids
Y,MAXIS-08,BASELINE,MH_MEDICAL_HX,01-16,1,1,0,10,C008_408,ENDOCRINE/METABOLIC,20100615.0,,Viral infectious disorders,10028257.0,MUMPS,10047438.0,Mumps viral infections,10028268.0,Mumps,,10021881.0,Infections and infestations,10028257.0,,Mumps
Y,MAXIS-08,BASELINE,MH_MEDICAL_HX,01-09,1,1,0,7,C008_408,NEUROLOGICAL,20090715.0,,Peripheral neuropathies,10029328.0,NEUROPATHY FROM PRIOR CHEMO,10034606.0,Peripheral neuropathies NEC,10034607.0,Neuropathy,Y,10029205.0,Nervous system disorders,10029331.0,Neuropathy,Neuropathy peripheral
Y,MAXIS-08,BASELINE,MH_MEDICAL_HX,01-11,1,1,0,12,C008_408,ENDOCRINE/METABOLIC,20090722.0,,Exocrine pancreas conditions,10033645.0,PANCREATITIS,10015674.0,Acute and chronic pancreatitis,10033646.0,Pancreatitis,Y,10017947.0,Gastrointestinal disorders,10033645.0,,Pancreatitis
Y,MAXIS-08,BASELINE,MH_MEDICAL_HX,01-09,2,1,0,2,C008_408,OTHER,,ALLERGY,Allergic conditions,10034292.0,PENINCILLIN,10001708.0,"Allergies to foods, food additives, drugs and other chemicals",10001737.0,Penicillin allergy,Y,10021428.0,Immune system disorders,10013700.0,Penicillin allergy,Drug hypersensitivity
Y,MAXIS-08,BASELINE,MH_MEDICAL_HX,01-04,2,1,0,1,C008_408,OTHER,,ALLERGY,Allergic conditions,10034292.0,PENINCILLIN (SKIN RASH AND VOMITING),10001708.0,"Allergies to foods, food additives, drugs and other chemicals",10001737.0,Penicillin allergy,Y,10021428.0,Immune system disorders,10013700.0,Penicillin allergy,Drug hypersensitivity
Y,MAXIS-08,BASELINE,MH_MEDICAL_HX,01-08,1,1,0,4,C008_408,GASTROINTESTINAL,20090709.0,,Hepatobiliary therapeutic procedures,10063425.0,PERCUTANEOUS BILIARY DRAINAGE,10019818.0,Biliary tract and gallbladder therapeutic procedures,10004675.0,Biliary drainage,Y,10042613.0,Surgical and medical procedures,10063425.0,Biliary drainage,Biliary drainage
Y,MAXIS-08,BASELINE,MH_MEDICAL_HX,01-10,1,1,0,9,C008_408,NEUROLOGICAL,20090721.0,,Peripheral neuropathies,10029331.0,PERIPHERAL NEUROPATHY,10034606.0,Peripheral neuropathies NEC,10034607.0,Neuropathy peripheral,Y,10029205.0,Nervous system disorders,10029331.0,Neuropathy peripheral,Neuropathy peripheral
Y,MAXIS-08,BASELINE,MH_MEDICAL_HX,01-12,1,1,0,11,C008_408,NEUROLOGICAL,20090902.0,,Neurological disorders NEC,10033987.0,PERIPHERAL PARESTHESIA,10029305.0,Paraesthesias and dysaesthesias,10033788.0,Paresthesia,,10029205.0,Nervous system disorders,10033775.0,Paresthesia,Paraesthesia
Y,MAXIS-08,BASELINE,MH_MEDICAL_HX,01-16,2,1,0,2,C008_408,OTHER,,ALLERGY,Allergic conditions,10035775.0,POISON IVY,10001708.0,"Allergies to foods, food additives, drugs and other chemicals",10001737.0,Poison ivy rash,Y,10021428.0,Immune system disorders,10012442.0,Poison ivy rash,Dermatitis contact
Y,MAXIS-08,BASELINE,MH_MEDICAL_HX,01-16,1,1,0,15,C008_408,DERMATOLOGICAL,20100615.0,,Epidermal and dermal conditions,10035775.0,POISON IVY CONTACT DERMATITIS,10014982.0,Dermatitis and eczema,10012435.0,Poison ivy rash,,10040785.0,Skin and subcutaneous tissue disorders,10012442.0,Poison ivy rash,Dermatitis contact
Y,MAXIS-08,BASELINE,MH_MEDICAL_HX,01-16,1,1,0,8,C008_408,NEUROLOGICAL,20100615.0,,Seizures (incl subtypes),10039906.0,POSSIBLE SEIZURE,10039911.0,Seizures and seizure disorders NEC,10039912.0,Seizure,Y,10029205.0,Nervous system disorders,10010904.0,Seizure,Convulsion
Y,MAXIS-08,BASELINE,MH_MEDICAL_HX,01-16,1,1,0,2,C008_408,"EYES, EARS, NOSE, THROAT",20100615.0,,Respiratory disorders NEC,10036402.0,POST-NASAL DRIP,10038716.0,Upper respiratory tract signs and symptoms,10046313.0,Postnasal drip,Y,10038738.0,"Respiratory, thoracic and mediastinal disorders",10070488.0,Postnasal drip,Upper-airway cough syndrome
Y,MAXIS-08,BASELINE,MH_MEDICAL_HX,01-10,1,1,0,4,C008_408,CARDIOVASCULAR,20090721.0,,Cardiac arrhythmias,10036614.0,PREMATURE VENTRICULAR SYSTOLES,10007521.0,Ventricular arrhythmias and cardiac arrest,10047283.0,Premature ventricular contractions,,10007541.0,Cardiac disorders,10047289.0,Premature ventricular contractions,Ventricular extrasystoles
Y,MAXIS-08,BASELINE,MH_MEDICAL_HX,01-11,1,1,0,5,C008_408,GASTROINTESTINAL,20090722.0,,Gastrointestinal conditions NEC,10018045.0,PTOTIC ABDOMINAL ORGANS,10017943.0,Gastrointestinal disorders NEC,10017948.0,Gastroptosis,Y,10017947.0,Gastrointestinal disorders,10018045.0,Gastroptosis,Gastroptosis
Y,MAXIS-08,BASELINE,MH_MEDICAL_HX,01-13,1,1,0,11,C008_408,HEMATOPOIETIC/LYMPHATIC,20090921.0,,Heart failures,10037375.0,PULMONARY EDEMA,10019280.0,Left ventricular failures,10024120.0,Pulmonary edema,N,10007541.0,Cardiac disorders,10037423.0,,Pulmonary oedema
Y,MAXIS-08,BASELINE,MH_MEDICAL_HX,01-10,1,1,0,5,C008_408,CARDIOVASCULAR,20090721.0,,Therapeutic procedures and supportive care NEC,10053314.0,"RADIOFREQUENCY ABLATION 11/03, 6/04",10043413.0,Therapeutic procedures NEC,10027700.0,Radiofrequency ablation,,10042613.0,Surgical and medical procedures,10064979.0,Radiofrequency ablation,High frequency ablation
Y,MAXIS-08,BASELINE,MH_MEDICAL_HX,01-14,1,1,0,4,C008_408,GASTROINTESTINAL,20091026.0,,Hepatobiliary therapeutic procedures,10065314.0,REMOVAL OF GALLBLADDER STONE,10019818.0,Biliary tract and gallbladder therapeutic procedures,10004675.0,Gallstones removal,N,10042613.0,Surgical and medical procedures,10052925.0,Gallstones removal,Cholelithotomy
Y,MAXIS-08,BASELINE,MH_MEDICAL_HX,01-15,1,1,0,6,C008_408,GENITOURINARY,20100323.0,,Gastrointestinal therapeutic procedures,10022020.0,REPAIR OF LEFT INGUINAL HERNIA,10017998.0,Hernia repairs,10019931.0,Inguinal hernia repair,,10042613.0,Surgical and medical procedures,10022020.0,Inguinal hernia repair,Inguinal hernia repair
Y,MAXIS-08,BASELINE,MH_MEDICAL_HX,01-09,1,1,0,10,C008_408,DERMATOLOGICAL,20090715.0,,Epidermal and dermal conditions,10040833.0,RETICULAR FORMATION IN SKIN,10014982.0,Dermal and epidermal conditions NEC,10012424.0,Skin disorder NOS,Y,10040785.0,Skin and subcutaneous tissue disorders,10040831.0,Skin disorder NOS,Skin disorder
Y,MAXIS-08,BASELINE,MH_MEDICAL_HX,01-05,1,1,0,12,C008_408,DERMATOLOGICAL,20090528.0,,Epidermal and dermal conditions,10040828.0,RIGHT LEG CHRONIC DISCOLORATION,10014982.0,Dermal and epidermal conditions NEC,10012424.0,Skin discoloration,Y,10040785.0,Skin and subcutaneous tissue disorders,10040829.0,Skin discoloration,Skin discolouration
Y,MAXIS-08,BASELINE,MH_MEDICAL_HX,01-01,1,1,0,4,C008_408,GASTROINTESTINAL,20080826.0,,Gastrointestinal signs and symptoms,10042112.0,SEVERE STOMACH PAIN,10018012.0,Gastrointestinal and abdominal pains (excl oral and throat),10017926.0,Stomach pain,Y,10017947.0,Gastrointestinal disorders,10000087.0,Stomach pain,Abdominal pain upper
Y,MAXIS-08,BASELINE,MH_MEDICAL_HX,01-07,1,1,0,3,C008_408,RESPIRATORY,20090625.0,,Respiratory disorders NEC,10040596.0,SHORT OF BREATH,10038716.0,Breathing abnormalities,10006334.0,Short of breath,Y,10038738.0,"Respiratory, thoracic and mediastinal disorders",10013968.0,,Dyspnoea
Y,MAXIS-08,BASELINE,MH_MEDICAL_HX,01-11,1,1,0,2,C008_408,RESPIRATORY,20090722.0,,Lifestyle issues,10064066.0,SMOKING,10024450.0,Tobacco use,10043905.0,Passive smoking,Y,10041244.0,Social circumstances,10064066.0,Passive smoking,Passive smoking
Y,MAXIS-08,BASELINE,MH_MEDICAL_HX,01-11,1,1,0,8,C008_408,MUSCULOSKELETAL,20090722.0,,Musculoskeletal and connective tissue deformities (incl intervertebral disc disorders),10041596.0,SPINAL STENOSIS,10028377.0,Spine and neck deformities,10012140.0,Spinal stenosis NOS,Y,10028395.0,Musculoskeletal and connective tissue disorders,10041540.0,Spinal stenosis NOS,Spinal column stenosis
Y,MAXIS-08,BASELINE,MH_MEDICAL_HX,01-10,1,1,0,11,C008_408,ENDOCRINE/METABOLIC,20090721.0,,Haematological and lymphoid tissue therapeutic procedures,10041642.0,SPLENECTOMY 1985,10025309.0,Lymphoid tissue therapeutic procedures,10025308.0,Splenectomy,,10042613.0,Surgical and medical procedures,10041642.0,Splenectomy,Splenectomy
Y,MAXIS-08,BASELINE,MH_MEDICAL_HX,01-10,2,1,0,1,C008_408,OTHER,,ALLERGY,Allergic conditions,10001738.0,SURGICAL TAPES,10001708.0,Allergic conditions NEC,10027654.0,Allergy,Y,10021428.0,Immune system disorders,10020751.0,Allergy,Hypersensitivity
Y,MAXIS-08,BASELINE,MH_MEDICAL_HX,01-01,1,1,0,7,C008_408,GENITOURINARY,20080826.0,,Urinary tract signs and symptoms,10046603.0,URINATION PAIN,10046590.0,Bladder and urethral symptoms,10004995.0,Urination pain,,10038359.0,Renal and urinary disorders,10013990.0,,Dysuria
Y,MAXIS-08,BASELINE,MH_MEDICAL_HX,01-12,2,1,0,2,C008_408,OTHER,,DIETARY,Lifestyle issues,10047179.0,VEGETARIAN,10024450.0,Dietary and nutritional issues,10012776.0,Vegetarian,Y,10041244.0,Social circumstances,10047179.0,,Vegetarian
Y,MAXIS-08,BASELINE,MH_MEDICAL_HX,01-08,2,1,0,1,C008_408,OTHER,,DIET,Lifestyle issues,10047179.0,VEGETARIAN (MOSTLY),10024450.0,Dietary and nutritional issues,10012776.0,Vegetarian,Y,10041244.0,Social circumstances,10047179.0,Vegetarian,Vegetarian
