﻿MHFDG,STUDY,QUALIFYV,CPEVENT,DCMNAME,PT,VISIT,SUBEVE,REPEATSN,INVSITE,MHSYS,MHDT,MHTEXT,MHONG,MHQSN
N,MAXIS-08,1,BASELINE,MH_MEDICAL_HX,01-01,1,0,1,C008_408,"EYES, EARS, NOSE, THROAT",20080826.0,,,
N,MAXIS-08,1,BASELINE,MH_MEDICAL_HX,01-01,1,0,2,C008_408,RESPIRATORY,20080826.0,,,
N,MAXIS-08,1,BASELINE,MH_MEDICAL_HX,01-01,1,0,3,C008_408,CARDIOVASCULAR,20080826.0,,,
Y,MAXIS-08,1,BASELINE,MH_MEDICAL_HX,01-01,1,0,4,C008_408,GASTROINTESTINAL,20080826.0,SEVERE STOMACH PAIN,Y,
Y,MAXIS-08,1,BASELINE,MH_MEDICAL_HX,01-01,1,0,5,C008_408,GASTROINTESTINAL,20080826.0,ANOREXIA,Y,
Y,MAXIS-08,1,BASELINE,MH_MEDICAL_HX,01-01,1,0,6,C008_408,GASTROINTESTINAL,20080826.0,GASTROESOPHAGEAL REFLUX DISEASE,Y,
Y,MAXIS-08,1,BASELINE,MH_MEDICAL_HX,01-01,1,0,7,C008_408,GENITOURINARY,20080826.0,URINATION PAIN,,
N,MAXIS-08,1,BASELINE,MH_MEDICAL_HX,01-01,1,0,8,C008_408,MUSCULOSKELETAL,20080826.0,,,
N,MAXIS-08,1,BASELINE,MH_MEDICAL_HX,01-01,1,0,9,C008_408,NEUROLOGICAL,20080826.0,,,
N,MAXIS-08,1,BASELINE,MH_MEDICAL_HX,01-01,1,0,10,C008_408,ENDOCRINE/METABOLIC,20080826.0,,,
N,MAXIS-08,1,BASELINE,MH_MEDICAL_HX,01-01,1,0,11,C008_408,HEMATOPOIETIC/LYMPHATIC,20080826.0,,,
N,MAXIS-08,1,BASELINE,MH_MEDICAL_HX,01-01,1,0,12,C008_408,DERMATOLOGICAL,20080826.0,,,
N,MAXIS-08,1,BASELINE,MH_MEDICAL_HX,01-01,1,0,13,C008_408,PSYCHOLOGICAL,20080826.0,,,
Y,MAXIS-08,2,BASELINE,MH_MEDICAL_HX,01-01,1,0,1,C008_408,OTHER,,EXCESSIVE SALIVATION,Y,CHOLINERGIC EFFECTS
N,MAXIS-08,1,BASELINE,MH_MEDICAL_HX,01-02,1,0,1,C008_408,"EYES, EARS, NOSE, THROAT",20081219.0,,,
N,MAXIS-08,1,BASELINE,MH_MEDICAL_HX,01-02,1,0,2,C008_408,RESPIRATORY,20081219.0,,,
N,MAXIS-08,1,BASELINE,MH_MEDICAL_HX,01-02,1,0,3,C008_408,CARDIOVASCULAR,20081219.0,,,
Y,MAXIS-08,1,BASELINE,MH_MEDICAL_HX,01-02,1,0,4,C008_408,GASTROINTESTINAL,20081219.0,GASTROESOPHAGEAL REFLUX DISEASE,Y,
N,MAXIS-08,1,BASELINE,MH_MEDICAL_HX,01-02,1,0,5,C008_408,GENITOURINARY,20081219.0,,,
N,MAXIS-08,1,BASELINE,MH_MEDICAL_HX,01-02,1,0,6,C008_408,MUSCULOSKELETAL,20081219.0,,,
N,MAXIS-08,1,BASELINE,MH_MEDICAL_HX,01-02,1,0,7,C008_408,NEUROLOGICAL,20081219.0,,,
N,MAXIS-08,1,BASELINE,MH_MEDICAL_HX,01-02,1,0,8,C008_408,ENDOCRINE/METABOLIC,20081219.0,,,
Y,MAXIS-08,1,BASELINE,MH_MEDICAL_HX,01-02,1,0,9,C008_408,HEMATOPOIETIC/LYMPHATIC,20081219.0,HEPATITIS B VIRUS INFECTION HEMOPTYSIS (WITH COUGH),Y,
N,MAXIS-08,1,BASELINE,MH_MEDICAL_HX,01-02,1,0,10,C008_408,DERMATOLOGICAL,20081219.0,,,
N,MAXIS-08,1,BASELINE,MH_MEDICAL_HX,01-02,1,0,11,C008_408,PSYCHOLOGICAL,20081219.0,,,
N,MAXIS-08,1,BASELINE,MH_MEDICAL_HX,01-03,1,0,1,C008_408,"EYES, EARS, NOSE, THROAT",20090122.0,,,
N,MAXIS-08,1,BASELINE,MH_MEDICAL_HX,01-03,1,0,2,C008_408,RESPIRATORY,20090122.0,,,
N,MAXIS-08,1,BASELINE,MH_MEDICAL_HX,01-03,1,0,3,C008_408,CARDIOVASCULAR,20090122.0,,,
N,MAXIS-08,1,BASELINE,MH_MEDICAL_HX,01-03,1,0,4,C008_408,GASTROINTESTINAL,20090122.0,,,
N,MAXIS-08,1,BASELINE,MH_MEDICAL_HX,01-03,1,0,5,C008_408,GENITOURINARY,20090122.0,,,
N,MAXIS-08,1,BASELINE,MH_MEDICAL_HX,01-03,1,0,6,C008_408,MUSCULOSKELETAL,20090122.0,,,
N,MAXIS-08,1,BASELINE,MH_MEDICAL_HX,01-03,1,0,7,C008_408,NEUROLOGICAL,20090122.0,,,
N,MAXIS-08,1,BASELINE,MH_MEDICAL_HX,01-03,1,0,8,C008_408,ENDOCRINE/METABOLIC,20090122.0,,,
N,MAXIS-08,1,BASELINE,MH_MEDICAL_HX,01-03,1,0,9,C008_408,HEMATOPOIETIC/LYMPHATIC,20090122.0,,,
N,MAXIS-08,1,BASELINE,MH_MEDICAL_HX,01-03,1,0,10,C008_408,DERMATOLOGICAL,20090122.0,,,
N,MAXIS-08,1,BASELINE,MH_MEDICAL_HX,01-03,1,0,11,C008_408,PSYCHOLOGICAL,20090122.0,,,
N,MAXIS-08,1,BASELINE,MH_MEDICAL_HX,01-04,1,0,1,C008_408,"EYES, EARS, NOSE, THROAT",20090127.0,,,
N,MAXIS-08,1,BASELINE,MH_MEDICAL_HX,01-04,1,0,2,C008_408,RESPIRATORY,20090127.0,,,
N,MAXIS-08,1,BASELINE,MH_MEDICAL_HX,01-04,1,0,3,C008_408,CARDIOVASCULAR,20090127.0,,,
N,MAXIS-08,1,BASELINE,MH_MEDICAL_HX,01-04,1,0,4,C008_408,GASTROINTESTINAL,20090127.0,,,
N,MAXIS-08,1,BASELINE,MH_MEDICAL_HX,01-04,1,0,5,C008_408,GENITOURINARY,20090127.0,,,
Y,MAXIS-08,1,BASELINE,MH_MEDICAL_HX,01-04,1,0,6,C008_408,MUSCULOSKELETAL,20090127.0,BACK PAIN,Y,
N,MAXIS-08,1,BASELINE,MH_MEDICAL_HX,01-04,1,0,7,C008_408,NEUROLOGICAL,20090127.0,,,
N,MAXIS-08,1,BASELINE,MH_MEDICAL_HX,01-04,1,0,8,C008_408,ENDOCRINE/METABOLIC,20090127.0,,,
Y,MAXIS-08,1,BASELINE,MH_MEDICAL_HX,01-04,1,0,9,C008_408,HEMATOPOIETIC/LYMPHATIC,20090127.0,CHEMOTHERAPY INDUCED MENOPAUSE,Y,
N,MAXIS-08,1,BASELINE,MH_MEDICAL_HX,01-04,1,0,10,C008_408,DERMATOLOGICAL,20090127.0,,,
N,MAXIS-08,1,BASELINE,MH_MEDICAL_HX,01-04,1,0,11,C008_408,PSYCHOLOGICAL,20090127.0,,,
Y,MAXIS-08,2,BASELINE,MH_MEDICAL_HX,01-04,1,0,1,C008_408,OTHER,,PENINCILLIN (SKIN RASH AND VOMITING),Y,ALLERGY
N,MAXIS-08,1,BASELINE,MH_MEDICAL_HX,01-05,1,0,1,C008_408,"EYES, EARS, NOSE, THROAT",20090528.0,,,
N,MAXIS-08,1,BASELINE,MH_MEDICAL_HX,01-05,1,0,2,C008_408,RESPIRATORY,20090528.0,,,
N,MAXIS-08,1,BASELINE,MH_MEDICAL_HX,01-05,1,0,3,C008_408,CARDIOVASCULAR,20090528.0,,,
Y,MAXIS-08,1,BASELINE,MH_MEDICAL_HX,01-05,1,0,4,C008_408,GASTROINTESTINAL,20090528.0,CIRRHOSIS,Y,
Y,MAXIS-08,1,BASELINE,MH_MEDICAL_HX,01-05,1,0,5,C008_408,GASTROINTESTINAL,20090528.0,MODERATE EXTERNAL HEMORRHOIDS,Y,
Y,MAXIS-08,1,BASELINE,MH_MEDICAL_HX,01-05,1,0,6,C008_408,GASTROINTESTINAL,20090528.0,CHRONIC H. PYLORIC GASTRIC,Y,
N,MAXIS-08,1,BASELINE,MH_MEDICAL_HX,01-05,1,0,7,C008_408,GENITOURINARY,20090528.0,,,
N,MAXIS-08,1,BASELINE,MH_MEDICAL_HX,01-05,1,0,8,C008_408,MUSCULOSKELETAL,20090528.0,,,
N,MAXIS-08,1,BASELINE,MH_MEDICAL_HX,01-05,1,0,9,C008_408,NEUROLOGICAL,20090528.0,,,
N,MAXIS-08,1,BASELINE,MH_MEDICAL_HX,01-05,1,0,10,C008_408,ENDOCRINE/METABOLIC,20090528.0,,,
Y,MAXIS-08,1,BASELINE,MH_MEDICAL_HX,01-05,1,0,11,C008_408,HEMATOPOIETIC/LYMPHATIC,20090528.0,HEPATITIS B VIRUS INFECTION,Y,
Y,MAXIS-08,1,BASELINE,MH_MEDICAL_HX,01-05,1,0,12,C008_408,DERMATOLOGICAL,20090528.0,RIGHT LEG CHRONIC DISCOLORATION,Y,
N,MAXIS-08,1,BASELINE,MH_MEDICAL_HX,01-05,1,0,13,C008_408,PSYCHOLOGICAL,20090528.0,,,
N,MAXIS-08,2,BASELINE,MH_MEDICAL_HX,01-05,1,0,1,C008_408,OTHER,,,,ALLERGIES
N,MAXIS-08,1,BASELINE,MH_MEDICAL_HX,01-06,1,0,1,C008_408,"EYES, EARS, NOSE, THROAT",20090605.0,,,
N,MAXIS-08,1,BASELINE,MH_MEDICAL_HX,01-06,1,0,2,C008_408,RESPIRATORY,20090605.0,,,
N,MAXIS-08,1,BASELINE,MH_MEDICAL_HX,01-06,1,0,3,C008_408,CARDIOVASCULAR,20090605.0,,,
Y,MAXIS-08,1,BASELINE,MH_MEDICAL_HX,01-06,1,0,4,C008_408,GASTROINTESTINAL,20090605.0,DIARRHEA (INTERMITTENT),Y,
N,MAXIS-08,1,BASELINE,MH_MEDICAL_HX,01-06,1,0,5,C008_408,GENITOURINARY,20090605.0,,,
N,MAXIS-08,1,BASELINE,MH_MEDICAL_HX,01-06,1,0,6,C008_408,MUSCULOSKELETAL,20090605.0,,,
N,MAXIS-08,1,BASELINE,MH_MEDICAL_HX,01-06,1,0,7,C008_408,NEUROLOGICAL,20090605.0,,,
N,MAXIS-08,1,BASELINE,MH_MEDICAL_HX,01-06,1,0,8,C008_408,ENDOCRINE/METABOLIC,20090605.0,,,
N,MAXIS-08,1,BASELINE,MH_MEDICAL_HX,01-06,1,0,9,C008_408,HEMATOPOIETIC/LYMPHATIC,20090605.0,,,
N,MAXIS-08,1,BASELINE,MH_MEDICAL_HX,01-06,1,0,10,C008_408,DERMATOLOGICAL,20090605.0,,,
N,MAXIS-08,1,BASELINE,MH_MEDICAL_HX,01-06,1,0,11,C008_408,PSYCHOLOGICAL,20090605.0,,,
Y,MAXIS-08,2,BASELINE,MH_MEDICAL_HX,01-06,1,0,1,C008_408,OTHER,,IODINE CONTRAST DYE,Y,ALLERGY
Y,MAXIS-08,1,BASELINE,MH_MEDICAL_HX,01-07,1,0,1,C008_408,"EYES, EARS, NOSE, THROAT",20090625.0,BARRETT'S ESOPHAGUS,,
Y,MAXIS-08,1,BASELINE,MH_MEDICAL_HX,01-07,1,0,2,C008_408,RESPIRATORY,20090625.0,CHRONIC OBSTRUCTIVE PULMONARY DISEASE,Y,
Y,MAXIS-08,1,BASELINE,MH_MEDICAL_HX,01-07,1,0,3,C008_408,RESPIRATORY,20090625.0,SHORT OF BREATH,Y,
Y,MAXIS-08,1,BASELINE,MH_MEDICAL_HX,01-07,1,0,4,C008_408,CARDIOVASCULAR,20090625.0,CHRONIC CHEST PAIN/ANGINA,Y,
Y,MAXIS-08,1,BASELINE,MH_MEDICAL_HX,01-07,1,0,5,C008_408,CARDIOVASCULAR,20090625.0,CORONARY ARTERY DISEASE,Y,
Y,MAXIS-08,1,BASELINE,MH_MEDICAL_HX,01-07,1,0,6,C008_408,GASTROINTESTINAL,20090625.0,BURNING IN STOMACH,Y,
Y,MAXIS-08,1,BASELINE,MH_MEDICAL_HX,01-07,1,0,7,C008_408,GENITOURINARY,20090625.0,BENIGN PROSTATIC HYPERPLASIA,Y,
N,MAXIS-08,1,BASELINE,MH_MEDICAL_HX,01-07,1,0,8,C008_408,MUSCULOSKELETAL,20090625.0,,,
N,MAXIS-08,1,BASELINE,MH_MEDICAL_HX,01-07,1,0,9,C008_408,NEUROLOGICAL,20090625.0,,,
N,MAXIS-08,1,BASELINE,MH_MEDICAL_HX,01-07,1,0,10,C008_408,ENDOCRINE/METABOLIC,20090625.0,,,
Y,MAXIS-08,1,BASELINE,MH_MEDICAL_HX,01-07,1,0,11,C008_408,HEMATOPOIETIC/LYMPHATIC,20090625.0,HEPATITIS C VIRUS INFECTION,Y,
Y,MAXIS-08,1,BASELINE,MH_MEDICAL_HX,01-07,1,0,12,C008_408,HEMATOPOIETIC/LYMPHATIC,20090625.0,HYPERTENSION,Y,
N,MAXIS-08,1,BASELINE,MH_MEDICAL_HX,01-07,1,0,13,C008_408,DERMATOLOGICAL,20090625.0,,,
N,MAXIS-08,1,BASELINE,MH_MEDICAL_HX,01-07,1,0,14,C008_408,PSYCHOLOGICAL,20090625.0,,,
Y,MAXIS-08,2,BASELINE,MH_MEDICAL_HX,01-07,1,0,1,C008_408,OTHER,,"INTRAVENOUS DRUG ABUSE (COCAINE, HEROINE)",,ADDICTION
N,MAXIS-08,2,BASELINE,MH_MEDICAL_HX,01-07,1,0,2,C008_408,OTHER,,,,ALLERGIES
Y,MAXIS-08,2,BASELINE,MH_MEDICAL_HX,01-07,1,0,3,C008_408,OTHER,,GYNECOMASTIA,,BREAST
N,MAXIS-08,1,BASELINE,MH_MEDICAL_HX,01-08,1,0,1,C008_408,"EYES, EARS, NOSE, THROAT",20090709.0,,,
N,MAXIS-08,1,BASELINE,MH_MEDICAL_HX,01-08,1,0,2,C008_408,RESPIRATORY,20090709.0,,,
Y,MAXIS-08,1,BASELINE,MH_MEDICAL_HX,01-08,1,0,3,C008_408,CARDIOVASCULAR,20090709.0,CHRONIC ARRYTHMIA X 5-6 YRS,Y,
Y,MAXIS-08,1,BASELINE,MH_MEDICAL_HX,01-08,1,0,4,C008_408,GASTROINTESTINAL,20090709.0,PERCUTANEOUS BILIARY DRAINAGE,Y,
Y,MAXIS-08,1,BASELINE,MH_MEDICAL_HX,01-08,1,0,5,C008_408,GENITOURINARY,20090709.0,ABDOMINAL HERNIAS,Y,
Y,MAXIS-08,1,BASELINE,MH_MEDICAL_HX,01-08,1,0,6,C008_408,GENITOURINARY,20090709.0,HYSTERECTOMY 10-11 YRS AGO,,
Y,MAXIS-08,1,BASELINE,MH_MEDICAL_HX,01-08,1,0,7,C008_408,GENITOURINARY,20090709.0,HEMORRHOID SURGERY X 6-7 YRS AGO,,
N,MAXIS-08,1,BASELINE,MH_MEDICAL_HX,01-08,1,0,8,C008_408,MUSCULOSKELETAL,20090709.0,,,
N,MAXIS-08,1,BASELINE,MH_MEDICAL_HX,01-08,1,0,9,C008_408,NEUROLOGICAL,20090709.0,,,
N,MAXIS-08,1,BASELINE,MH_MEDICAL_HX,01-08,1,0,10,C008_408,ENDOCRINE/METABOLIC,20090709.0,,,
N,MAXIS-08,1,BASELINE,MH_MEDICAL_HX,01-08,1,0,11,C008_408,HEMATOPOIETIC/LYMPHATIC,20090709.0,,,
N,MAXIS-08,1,BASELINE,MH_MEDICAL_HX,01-08,1,0,12,C008_408,DERMATOLOGICAL,20090709.0,,,
N,MAXIS-08,1,BASELINE,MH_MEDICAL_HX,01-08,1,0,13,C008_408,PSYCHOLOGICAL,20090709.0,,,
Y,MAXIS-08,2,BASELINE,MH_MEDICAL_HX,01-08,1,0,1,C008_408,OTHER,,VEGETARIAN (MOSTLY),Y,DIET
N,MAXIS-08,2,BASELINE,MH_MEDICAL_HX,01-08,1,0,2,C008_408,OTHER,,,,ALLERGIES
N,MAXIS-08,1,BASELINE,MH_MEDICAL_HX,01-09,1,0,1,C008_408,"EYES, EARS, NOSE, THROAT",20090715.0,,,
N,MAXIS-08,1,BASELINE,MH_MEDICAL_HX,01-09,1,0,2,C008_408,RESPIRATORY,20090715.0,,,
Y,MAXIS-08,1,BASELINE,MH_MEDICAL_HX,01-09,1,0,3,C008_408,CARDIOVASCULAR,20090715.0,HYPERTENSION,Y,
N,MAXIS-08,1,BASELINE,MH_MEDICAL_HX,01-09,1,0,4,C008_408,GASTROINTESTINAL,20090715.0,,,
N,MAXIS-08,1,BASELINE,MH_MEDICAL_HX,01-09,1,0,5,C008_408,GENITOURINARY,20090715.0,,,
N,MAXIS-08,1,BASELINE,MH_MEDICAL_HX,01-09,1,0,6,C008_408,MUSCULOSKELETAL,20090715.0,,,
Y,MAXIS-08,1,BASELINE,MH_MEDICAL_HX,01-09,1,0,7,C008_408,NEUROLOGICAL,20090715.0,NEUROPATHY FROM PRIOR CHEMO,Y,
N,MAXIS-08,1,BASELINE,MH_MEDICAL_HX,01-09,1,0,8,C008_408,ENDOCRINE/METABOLIC,20090715.0,,,
N,MAXIS-08,1,BASELINE,MH_MEDICAL_HX,01-09,1,0,9,C008_408,HEMATOPOIETIC/LYMPHATIC,20090715.0,,,
Y,MAXIS-08,1,BASELINE,MH_MEDICAL_HX,01-09,1,0,10,C008_408,DERMATOLOGICAL,20090715.0,RETICULAR FORMATION IN SKIN,Y,
N,MAXIS-08,1,BASELINE,MH_MEDICAL_HX,01-09,1,0,11,C008_408,PSYCHOLOGICAL,20090715.0,,,
Y,MAXIS-08,2,BASELINE,MH_MEDICAL_HX,01-09,1,0,1,C008_408,OTHER,,"ASPIRIN,",Y,ALLERGY
Y,MAXIS-08,2,BASELINE,MH_MEDICAL_HX,01-09,1,0,2,C008_408,OTHER,,PENINCILLIN,Y,ALLERGY
Y,MAXIS-08,2,BASELINE,MH_MEDICAL_HX,01-09,1,0,3,C008_408,OTHER,,CHOCOLATE,Y,ALLERGY
N,MAXIS-08,1,BASELINE,MH_MEDICAL_HX,01-10,1,0,1,C008_408,"EYES, EARS, NOSE, THROAT",20090721.0,,,
N,MAXIS-08,1,BASELINE,MH_MEDICAL_HX,01-10,1,0,2,C008_408,RESPIRATORY,20090721.0,,,
Y,MAXIS-08,1,BASELINE,MH_MEDICAL_HX,01-10,1,0,3,C008_408,CARDIOVASCULAR,20090721.0,MITRAL VALVE PROLAPSIS,,
Y,MAXIS-08,1,BASELINE,MH_MEDICAL_HX,01-10,1,0,4,C008_408,CARDIOVASCULAR,20090721.0,PREMATURE VENTRICULAR SYSTOLES,,
Y,MAXIS-08,1,BASELINE,MH_MEDICAL_HX,01-10,1,0,5,C008_408,CARDIOVASCULAR,20090721.0,"RADIOFREQUENCY ABLATION 11/03, 6/04",,
N,MAXIS-08,1,BASELINE,MH_MEDICAL_HX,01-10,1,0,6,C008_408,GASTROINTESTINAL,20090721.0,,,
N,MAXIS-08,1,BASELINE,MH_MEDICAL_HX,01-10,1,0,7,C008_408,GENITOURINARY,20090721.0,,,
N,MAXIS-08,1,BASELINE,MH_MEDICAL_HX,01-10,1,0,8,C008_408,MUSCULOSKELETAL,20090721.0,,,
Y,MAXIS-08,1,BASELINE,MH_MEDICAL_HX,01-10,1,0,9,C008_408,NEUROLOGICAL,20090721.0,PERIPHERAL NEUROPATHY,Y,
Y,MAXIS-08,1,BASELINE,MH_MEDICAL_HX,01-10,1,0,10,C008_408,ENDOCRINE/METABOLIC,20090721.0,HYPOTHYROIDISM,Y,
Y,MAXIS-08,1,BASELINE,MH_MEDICAL_HX,01-10,1,0,11,C008_408,ENDOCRINE/METABOLIC,20090721.0,SPLENECTOMY 1985,,
N,MAXIS-08,1,BASELINE,MH_MEDICAL_HX,01-10,1,0,12,C008_408,HEMATOPOIETIC/LYMPHATIC,20090721.0,,,
N,MAXIS-08,1,BASELINE,MH_MEDICAL_HX,01-10,1,0,13,C008_408,DERMATOLOGICAL,20090721.0,,,
Y,MAXIS-08,1,BASELINE,MH_MEDICAL_HX,01-10,1,0,14,C008_408,PSYCHOLOGICAL,20090721.0,DEPRESSION,Y,
Y,MAXIS-08,1,BASELINE,MH_MEDICAL_HX,01-10,1,0,15,C008_408,PSYCHOLOGICAL,20090721.0,ANXIETY,Y,
Y,MAXIS-08,2,BASELINE,MH_MEDICAL_HX,01-10,1,0,1,C008_408,OTHER,,SURGICAL TAPES,Y,ALLERGY
N,MAXIS-08,1,BASELINE,MH_MEDICAL_HX,01-11,1,0,1,C008_408,"EYES, EARS, NOSE, THROAT",20090722.0,,,
Y,MAXIS-08,1,BASELINE,MH_MEDICAL_HX,01-11,1,0,2,C008_408,RESPIRATORY,20090722.0,SMOKING,Y,
Y,MAXIS-08,1,BASELINE,MH_MEDICAL_HX,01-11,1,0,3,C008_408,CARDIOVASCULAR,20090722.0,HYPERTENSION,Y,
Y,MAXIS-08,1,BASELINE,MH_MEDICAL_HX,01-11,1,0,4,C008_408,GASTROINTESTINAL,20090722.0,GASTROESOPHAGEAL REFLUX DISEASE,Y,
Y,MAXIS-08,1,BASELINE,MH_MEDICAL_HX,01-11,1,0,5,C008_408,GASTROINTESTINAL,20090722.0,PTOTIC ABDOMINAL ORGANS,Y,
Y,MAXIS-08,1,BASELINE,MH_MEDICAL_HX,01-11,1,0,6,C008_408,GENITOURINARY,20090722.0,APPENDECTOMY,,
Y,MAXIS-08,1,BASELINE,MH_MEDICAL_HX,01-11,1,0,7,C008_408,MUSCULOSKELETAL,20090722.0,DEEP VEIN THROMBOSIS,Y,
Y,MAXIS-08,1,BASELINE,MH_MEDICAL_HX,01-11,1,0,8,C008_408,MUSCULOSKELETAL,20090722.0,SPINAL STENOSIS,Y,
Y,MAXIS-08,1,BASELINE,MH_MEDICAL_HX,01-11,1,0,9,C008_408,MUSCULOSKELETAL,20090722.0,HERNIA REPAIR 2005,,
N,MAXIS-08,1,BASELINE,MH_MEDICAL_HX,01-11,1,0,10,C008_408,NEUROLOGICAL,20090722.0,,,
Y,MAXIS-08,1,BASELINE,MH_MEDICAL_HX,01-11,1,0,11,C008_408,ENDOCRINE/METABOLIC,20090722.0,HYPOTHYROIDISM,Y,
Y,MAXIS-08,1,BASELINE,MH_MEDICAL_HX,01-11,1,0,12,C008_408,ENDOCRINE/METABOLIC,20090722.0,PANCREATITIS,Y,
Y,MAXIS-08,1,BASELINE,MH_MEDICAL_HX,01-11,1,0,13,C008_408,ENDOCRINE/METABOLIC,20090722.0,ANEMIA,Y,
N,MAXIS-08,1,BASELINE,MH_MEDICAL_HX,01-11,1,0,14,C008_408,HEMATOPOIETIC/LYMPHATIC,20090722.0,,,
N,MAXIS-08,1,BASELINE,MH_MEDICAL_HX,01-11,1,0,15,C008_408,DERMATOLOGICAL,20090722.0,,,
Y,MAXIS-08,1,BASELINE,MH_MEDICAL_HX,01-11,1,0,16,C008_408,PSYCHOLOGICAL,20090722.0,DEPRESSION,,
N,MAXIS-08,2,BASELINE,MH_MEDICAL_HX,01-11,1,0,1,C008_408,OTHER,,,,ALLERGIES
N,MAXIS-08,1,BASELINE,MH_MEDICAL_HX,01-12,1,0,1,C008_408,"EYES, EARS, NOSE, THROAT",20090902.0,,,
N,MAXIS-08,1,BASELINE,MH_MEDICAL_HX,01-12,1,0,2,C008_408,RESPIRATORY,20090902.0,,,
Y,MAXIS-08,1,BASELINE,MH_MEDICAL_HX,01-12,1,0,3,C008_408,CARDIOVASCULAR,20090902.0,MITRAL VALVE PROLAPSIS,,
Y,MAXIS-08,1,BASELINE,MH_MEDICAL_HX,01-12,1,0,4,C008_408,CARDIOVASCULAR,20090902.0,HIGH CHOLESTEROL,,
Y,MAXIS-08,1,BASELINE,MH_MEDICAL_HX,01-12,1,0,5,C008_408,CARDIOVASCULAR,20090902.0,HIGH BLOOD PRESSURE,,
N,MAXIS-08,1,BASELINE,MH_MEDICAL_HX,01-12,1,0,6,C008_408,GASTROINTESTINAL,20090902.0,,,
Y,MAXIS-08,1,BASELINE,MH_MEDICAL_HX,01-12,1,0,7,C008_408,GENITOURINARY,20090902.0,HYSTERECTOMY FOR UTERINE FIBROID,,
N,MAXIS-08,1,BASELINE,MH_MEDICAL_HX,01-12,1,0,8,C008_408,MUSCULOSKELETAL,20090902.0,,,
Y,MAXIS-08,1,BASELINE,MH_MEDICAL_HX,01-12,1,0,9,C008_408,NEUROLOGICAL,20090902.0,MILD DISORIENTED,Y,
Y,MAXIS-08,1,BASELINE,MH_MEDICAL_HX,01-12,1,0,10,C008_408,NEUROLOGICAL,20090902.0,MILD FORGETFULNESS,Y,
Y,MAXIS-08,1,BASELINE,MH_MEDICAL_HX,01-12,1,0,11,C008_408,NEUROLOGICAL,20090902.0,PERIPHERAL PARESTHESIA,,
N,MAXIS-08,1,BASELINE,MH_MEDICAL_HX,01-12,1,0,12,C008_408,ENDOCRINE/METABOLIC,20090902.0,,,
N,MAXIS-08,1,BASELINE,MH_MEDICAL_HX,01-12,1,0,13,C008_408,HEMATOPOIETIC/LYMPHATIC,20090902.0,,,
N,MAXIS-08,1,BASELINE,MH_MEDICAL_HX,01-12,1,0,14,C008_408,DERMATOLOGICAL,20090902.0,,,
N,MAXIS-08,1,BASELINE,MH_MEDICAL_HX,01-12,1,0,15,C008_408,PSYCHOLOGICAL,20090902.0,,,
N,MAXIS-08,2,BASELINE,MH_MEDICAL_HX,01-12,1,0,1,C008_408,OTHER,,,,ALLERGY
Y,MAXIS-08,2,BASELINE,MH_MEDICAL_HX,01-12,1,0,2,C008_408,OTHER,,VEGETARIAN,Y,DIETARY
Y,MAXIS-08,1,BASELINE,MH_MEDICAL_HX,01-13,1,0,1,C008_408,"EYES, EARS, NOSE, THROAT",20090921.0,BLINDNESS OF LEFT EYE/RIGHT EYE,Y,
N,MAXIS-08,1,BASELINE,MH_MEDICAL_HX,01-13,1,0,2,C008_408,RESPIRATORY,20090921.0,,,
Y,MAXIS-08,1,BASELINE,MH_MEDICAL_HX,01-13,1,0,3,C008_408,CARDIOVASCULAR,20090921.0,CONGESTIVE HEART FAILURE,N,
Y,MAXIS-08,1,BASELINE,MH_MEDICAL_HX,01-13,1,0,4,C008_408,CARDIOVASCULAR,20090921.0,HYPERTENSION,Y,
N,MAXIS-08,1,BASELINE,MH_MEDICAL_HX,01-13,1,0,5,C008_408,GASTROINTESTINAL,20090921.0,,,
N,MAXIS-08,1,BASELINE,MH_MEDICAL_HX,01-13,1,0,6,C008_408,GENITOURINARY,20090921.0,,,
N,MAXIS-08,1,BASELINE,MH_MEDICAL_HX,01-13,1,0,7,C008_408,MUSCULOSKELETAL,20090921.0,,,
N,MAXIS-08,1,BASELINE,MH_MEDICAL_HX,01-13,1,0,8,C008_408,NEUROLOGICAL,20090921.0,,,
N,MAXIS-08,1,BASELINE,MH_MEDICAL_HX,01-13,1,0,9,C008_408,ENDOCRINE/METABOLIC,20090921.0,,,
Y,MAXIS-08,1,BASELINE,MH_MEDICAL_HX,01-13,1,0,10,C008_408,HEMATOPOIETIC/LYMPHATIC,20090921.0,DIABETES MELLITUS TYPE II,Y,
Y,MAXIS-08,1,BASELINE,MH_MEDICAL_HX,01-13,1,0,11,C008_408,HEMATOPOIETIC/LYMPHATIC,20090921.0,PULMONARY EDEMA,N,
N,MAXIS-08,1,BASELINE,MH_MEDICAL_HX,01-13,1,0,12,C008_408,DERMATOLOGICAL,20090921.0,,,
N,MAXIS-08,1,BASELINE,MH_MEDICAL_HX,01-13,1,0,13,C008_408,PSYCHOLOGICAL,20090921.0,,,
N,MAXIS-08,2,BASELINE,MH_MEDICAL_HX,01-13,1,0,1,C008_408,OTHER,,,,ALLERGY
N,MAXIS-08,1,BASELINE,MH_MEDICAL_HX,01-14,1,0,1,C008_408,"EYES, EARS, NOSE, THROAT",20091026.0,,,
N,MAXIS-08,1,BASELINE,MH_MEDICAL_HX,01-14,1,0,2,C008_408,RESPIRATORY,20091026.0,,,
N,MAXIS-08,1,BASELINE,MH_MEDICAL_HX,01-14,1,0,3,C008_408,CARDIOVASCULAR,20091026.0,,,
Y,MAXIS-08,1,BASELINE,MH_MEDICAL_HX,01-14,1,0,4,C008_408,GASTROINTESTINAL,20091026.0,REMOVAL OF GALLBLADDER STONE,N,
Y,MAXIS-08,1,BASELINE,MH_MEDICAL_HX,01-14,1,0,5,C008_408,GASTROINTESTINAL,20091026.0,ANOREXIA,Y,
N,MAXIS-08,1,BASELINE,MH_MEDICAL_HX,01-14,1,0,6,C008_408,GENITOURINARY,20091026.0,,,
Y,MAXIS-08,1,BASELINE,MH_MEDICAL_HX,01-14,1,0,7,C008_408,MUSCULOSKELETAL,20091026.0,KNEE SURGERY TO MENISCUS TEAR,N,
Y,MAXIS-08,1,BASELINE,MH_MEDICAL_HX,01-14,1,0,8,C008_408,NEUROLOGICAL,20091026.0,HAND/FINGER NUMBNESS,N,
N,MAXIS-08,1,BASELINE,MH_MEDICAL_HX,01-14,1,0,9,C008_408,ENDOCRINE/METABOLIC,20091026.0,,,
N,MAXIS-08,1,BASELINE,MH_MEDICAL_HX,01-14,1,0,10,C008_408,HEMATOPOIETIC/LYMPHATIC,20091026.0,,,
N,MAXIS-08,1,BASELINE,MH_MEDICAL_HX,01-14,1,0,11,C008_408,DERMATOLOGICAL,20091026.0,,,
N,MAXIS-08,1,BASELINE,MH_MEDICAL_HX,01-14,1,0,12,C008_408,PSYCHOLOGICAL,20091026.0,,,
N,MAXIS-08,2,BASELINE,MH_MEDICAL_HX,01-14,1,0,1,C008_408,OTHER,,,,ALLERGIES
Y,MAXIS-08,1,BASELINE,MH_MEDICAL_HX,01-15,1,0,1,C008_408,"EYES, EARS, NOSE, THROAT",20100323.0,CROSS VISION,Y,
Y,MAXIS-08,1,BASELINE,MH_MEDICAL_HX,01-15,1,0,2,C008_408,"EYES, EARS, NOSE, THROAT",20100323.0,LOST SMELLING SENSORY,Y,
Y,MAXIS-08,1,BASELINE,MH_MEDICAL_HX,01-15,1,0,3,C008_408,RESPIRATORY,20100323.0,ASTHMA-LIKE HEAVY BREATHING,Y,
N,MAXIS-08,1,BASELINE,MH_MEDICAL_HX,01-15,1,0,4,C008_408,CARDIOVASCULAR,20100323.0,,,
N,MAXIS-08,1,BASELINE,MH_MEDICAL_HX,01-15,1,0,5,C008_408,GASTROINTESTINAL,20100323.0,,,
Y,MAXIS-08,1,BASELINE,MH_MEDICAL_HX,01-15,1,0,6,C008_408,GENITOURINARY,20100323.0,REPAIR OF LEFT INGUINAL HERNIA,,
N,MAXIS-08,1,BASELINE,MH_MEDICAL_HX,01-15,1,0,7,C008_408,MUSCULOSKELETAL,20100323.0,,,
N,MAXIS-08,1,BASELINE,MH_MEDICAL_HX,01-15,1,0,8,C008_408,NEUROLOGICAL,20100323.0,,,
N,MAXIS-08,1,BASELINE,MH_MEDICAL_HX,01-15,1,0,9,C008_408,ENDOCRINE/METABOLIC,20100323.0,,,
Y,MAXIS-08,1,BASELINE,MH_MEDICAL_HX,01-15,1,0,10,C008_408,HEMATOPOIETIC/LYMPHATIC,20100323.0,ANEMIA,Y,
N,MAXIS-08,1,BASELINE,MH_MEDICAL_HX,01-15,1,0,11,C008_408,DERMATOLOGICAL,20100323.0,,,
N,MAXIS-08,1,BASELINE,MH_MEDICAL_HX,01-15,1,0,12,C008_408,PSYCHOLOGICAL,20100323.0,,,
N,MAXIS-08,2,BASELINE,MH_MEDICAL_HX,01-15,1,0,1,C008_408,OTHER,,,,ALLERGY
Y,MAXIS-08,2,BASELINE,MH_MEDICAL_HX,01-15,1,0,2,C008_408,OTHER,,ALCOHOL,Y,SOCIAL
Y,MAXIS-08,1,BASELINE,MH_MEDICAL_HX,01-16,1,0,1,C008_408,"EYES, EARS, NOSE, THROAT",20100615.0,BLURRY VISION,,
Y,MAXIS-08,1,BASELINE,MH_MEDICAL_HX,01-16,1,0,2,C008_408,"EYES, EARS, NOSE, THROAT",20100615.0,POST-NASAL DRIP,Y,
Y,MAXIS-08,1,BASELINE,MH_MEDICAL_HX,01-16,1,0,3,C008_408,RESPIRATORY,20100615.0,CHRONIC LEFT LUNG APEX INFILTRATES WITH ASSOCIATED BRONCH LECTASIS,Y,
N,MAXIS-08,1,BASELINE,MH_MEDICAL_HX,01-16,1,0,4,C008_408,CARDIOVASCULAR,20100615.0,,,
N,MAXIS-08,1,BASELINE,MH_MEDICAL_HX,01-16,1,0,5,C008_408,GASTROINTESTINAL,20100615.0,,,
N,MAXIS-08,1,BASELINE,MH_MEDICAL_HX,01-16,1,0,6,C008_408,GENITOURINARY,20100615.0,,,
N,MAXIS-08,1,BASELINE,MH_MEDICAL_HX,01-16,1,0,7,C008_408,MUSCULOSKELETAL,20100615.0,,,
Y,MAXIS-08,1,BASELINE,MH_MEDICAL_HX,01-16,1,0,8,C008_408,NEUROLOGICAL,20100615.0,POSSIBLE SEIZURE,Y,
Y,MAXIS-08,1,BASELINE,MH_MEDICAL_HX,01-16,1,0,9,C008_408,NEUROLOGICAL,20100615.0,BELL'S PALSY,,
Y,MAXIS-08,1,BASELINE,MH_MEDICAL_HX,01-16,1,0,10,C008_408,ENDOCRINE/METABOLIC,20100615.0,MUMPS,,
Y,MAXIS-08,1,BASELINE,MH_MEDICAL_HX,01-16,1,0,11,C008_408,ENDOCRINE/METABOLIC,20100615.0,INFECTIONS MONONUCLEOSIS,,
Y,MAXIS-08,1,BASELINE,MH_MEDICAL_HX,01-16,1,0,12,C008_408,ENDOCRINE/METABOLIC,20100615.0,GOITER,Y,
Y,MAXIS-08,1,BASELINE,MH_MEDICAL_HX,01-16,1,0,13,C008_408,HEMATOPOIETIC/LYMPHATIC,20100615.0,HYPERCALCEMIA,Y,
Y,MAXIS-08,1,BASELINE,MH_MEDICAL_HX,01-16,1,0,14,C008_408,DERMATOLOGICAL,20100615.0,CHICKEN POX,,
Y,MAXIS-08,1,BASELINE,MH_MEDICAL_HX,01-16,1,0,15,C008_408,DERMATOLOGICAL,20100615.0,POISON IVY CONTACT DERMATITIS,,
N,MAXIS-08,1,BASELINE,MH_MEDICAL_HX,01-16,1,0,16,C008_408,PSYCHOLOGICAL,20100615.0,,,
Y,MAXIS-08,2,BASELINE,MH_MEDICAL_HX,01-16,1,0,1,C008_408,OTHER,,HAY FEVER,Y,ALLERGY
Y,MAXIS-08,2,BASELINE,MH_MEDICAL_HX,01-16,1,0,2,C008_408,OTHER,,POISON IVY,Y,ALLERGY
