﻿STUDY,SDT,DCMNAME,PT,CPEVENT,VISIT,SMQSN,REPEATSN,SUBEVE,INVSITE,STM,SANYL
MAXIS-08,20080826.0,SM_HAEMATOLOGY,01-01,BASELINE,1,RUTTENBERG CANCER CENTER,1,0,C008_408,1418.0,
MAXIS-08,20080903.0,SM_HAEMATOLOGY,01-01,CYCLE 1 WEEK 1,2,,1,0,C008_408,,NOT DONE
MAXIS-08,20080910.0,SM_HAEMATOLOGY,01-01,CYCLE 1 WEEK 2,4,RUTTENBERG CANCER CENTER,1,0,C008_408,840.0,
MAXIS-08,20080917.0,SM_HAEMATOLOGY,01-01,CYCLE 1 WEEK 3,5,RUTTENBERG CANCER CENTER,1,0,C008_408,855.0,
MAXIS-08,20080924.0,SM_HAEMATOLOGY,01-01,CYCLE 1 WEEK 4,6,RUTTENBERG CANCER CENTER,1,0,C008_408,901.0,
MAXIS-08,20081001.0,SM_HAEMATOLOGY,01-01,CYCLE 1 WEEK 5,7,MOUNT SINAI,1,0,C008_408,1002.0,
MAXIS-08,20081008.0,SM_HAEMATOLOGY,01-01,CYCLE 1 WEEK 6,8,MOUNT SINAI,1,0,C008_408,904.0,
MAXIS-08,,SM_HAEMATOLOGY,01-01,OFF-STUDY,998,,1,0,C008_408,,NOT DONE
MAXIS-08,20081219.0,SM_HAEMATOLOGY,01-02,BASELINE,1,MOUNT SINAI,1,0,C008_408,1004.0,
MAXIS-08,,SM_HAEMATOLOGY,01-02,CYCLE 1 WEEK 1,2,,1,0,C008_408,,NOT DONE
MAXIS-08,20081230.0,SM_HAEMATOLOGY,01-02,CYCLE 1 WEEK 2,4,RUTTENBERG CANCER CENTER,1,0,C008_408,955.0,
MAXIS-08,20090106.0,SM_HAEMATOLOGY,01-02,CYCLE 1 WEEK 3,5,RUTTENBERG CANCER CENTER,1,0,C008_408,1035.0,
MAXIS-08,20090113.0,SM_HAEMATOLOGY,01-02,CYCLE 1 WEEK 4,6,MOUNT SINAI,1,0,C008_408,1037.0,
MAXIS-08,20090120.0,SM_HAEMATOLOGY,01-02,CYCLE 1 WEEK 5,7,MOUNT SINAI,1,0,C008_408,1044.0,
MAXIS-08,20090127.0,SM_HAEMATOLOGY,01-02,CYCLE 1 WEEK 6,8,MOUNT SINAI,1,0,C008_408,850.0,
MAXIS-08,20090202.0,SM_HAEMATOLOGY,01-02,OFF-STUDY,998,RUTTENBERG CANCER CENTER,1,0,C008_408,1332.0,
MAXIS-08,20090126.0,SM_HAEMATOLOGY,01-03,BASELINE,1,MOUNT SINAI,1,0,C008_408,2023.0,
MAXIS-08,20090126.0,SM_HAEMATOLOGY,01-03,CYCLE 1 WEEK 1,2,MOUNT SINAI,1,0,C008_408,2023.0,
MAXIS-08,,SM_HAEMATOLOGY,01-03,CYCLE 1 WEEK 2,4,,1,0,C008_408,,NOT DONE
MAXIS-08,,SM_HAEMATOLOGY,01-03,CYCLE 1 WEEK 3,5,,1,0,C008_408,,NOT DONE
MAXIS-08,,SM_HAEMATOLOGY,01-03,CYCLE 1 WEEK 4,6,,1,0,C008_408,,NOT DONE
MAXIS-08,,SM_HAEMATOLOGY,01-03,CYCLE 1 WEEK 5,7,,1,0,C008_408,,NOT DONE
MAXIS-08,,SM_HAEMATOLOGY,01-03,CYCLE 1 WEEK 6,8,,1,0,C008_408,,NOT DONE
MAXIS-08,20090202.0,SM_HAEMATOLOGY,01-03,OFF-STUDY,998,RUTTENBERG CANCER CENTER,1,0,C008_408,1404.0,
MAXIS-08,20090206.0,SM_HAEMATOLOGY,01-04,BASELINE,1,RUTTENBERG CANCER CENTER,1,0,C008_408,1612.0,
MAXIS-08,,SM_HAEMATOLOGY,01-04,CYCLE 1 WEEK 1,2,,1,0,C008_408,,NOT DONE
MAXIS-08,20090217.0,SM_HAEMATOLOGY,01-04,CYCLE 1 WEEK 2,4,RUTTENBERG CANCER CENTER,1,0,C008_408,1010.0,
MAXIS-08,20090224.0,SM_HAEMATOLOGY,01-04,CYCLE 1 WEEK 3,5,RUTTENBERG CANCER CENTER,1,0,C008_408,832.0,
MAXIS-08,20090303.0,SM_HAEMATOLOGY,01-04,CYCLE 1 WEEK 4,6,RUTTENBERG CANCER CENTER,1,0,C008_408,851.0,
MAXIS-08,20090310.0,SM_HAEMATOLOGY,01-04,CYCLE 1 WEEK 5,7,RUTTENBERG CANCER CENTER,1,0,C008_408,1059.0,
MAXIS-08,20090317.0,SM_HAEMATOLOGY,01-04,CYCLE 1 WEEK 6,8,RUTTENBERG CANCER CENTER,1,0,C008_408,831.0,
MAXIS-08,20090324.0,SM_HAEMATOLOGY,01-04,CYCLE 2 WEEK 1,10,RUTTENBERG CANCER CENTER,1,0,C008_408,925.0,
MAXIS-08,20090331.0,SM_HAEMATOLOGY,01-04,CYCLE 2 WEEK 2,12,RUTTENBERG CANCER CENTER,1,0,C008_408,922.0,
MAXIS-08,20090407.0,SM_HAEMATOLOGY,01-04,CYCLE 2 WEEK 3,13,RUTTENBERG CANCER CENTER,1,0,C008_408,920.0,
MAXIS-08,20090414.0,SM_HAEMATOLOGY,01-04,CYCLE 2 WEEK 4,14,RUTTENBERG CANCER CENTER,1,0,C008_408,902.0,
MAXIS-08,20090421.0,SM_HAEMATOLOGY,01-04,CYCLE 2 WEEK 5,15,RUTTENBERG CANCER CENTER,1,0,C008_408,929.0,
MAXIS-08,20090428.0,SM_HAEMATOLOGY,01-04,CYCLE 2 WEEK 6,16,RUTTENBERG CANCER CENTER,1,0,C008_408,911.0,
MAXIS-08,20090512.0,SM_HAEMATOLOGY,01-04,CYCLE 3 WEEK 1,18,RUTTENBERG CANCER CENTER,1,0,C008_408,906.0,
MAXIS-08,,SM_HAEMATOLOGY,01-04,CYCLE 3 WEEK 2,20,,1,0,C008_408,,NOT DONE
MAXIS-08,20090526.0,SM_HAEMATOLOGY,01-04,CYCLE 3 WEEK 3,21,RUTTENBERG CANCER CENTER,1,0,C008_408,859.0,
MAXIS-08,20090602.0,SM_HAEMATOLOGY,01-04,CYCLE 3 WEEK 4,22,RUTTENBERG CANCER CENTER,1,0,C008_408,955.0,
MAXIS-08,20090609.0,SM_HAEMATOLOGY,01-04,CYCLE 3 WEEK 5,23,RUTTENBERG CANCER CENTER,1,0,C008_408,810.0,
MAXIS-08,20090616.0,SM_HAEMATOLOGY,01-04,CYCLE 3 WEEK 6,24,RUTTENBERG CANCER CENTER,1,0,C008_408,905.0,
MAXIS-08,20090623.0,SM_HAEMATOLOGY,01-04,CYCLE 4 WEEK 1,26,RUTTENBERG CANCER CENTER,1,0,C008_408,905.0,
MAXIS-08,20090630.0,SM_HAEMATOLOGY,01-04,CYCLE 4 WEEK 2,28,RUTTENBERG CANCER CENTER,1,0,C008_408,913.0,
MAXIS-08,20090707.0,SM_HAEMATOLOGY,01-04,CYCLE 4 WEEK 3,29,RUTTENBERG CANCER CENTER,1,0,C008_408,1029.0,
MAXIS-08,20090714.0,SM_HAEMATOLOGY,01-04,CYCLE 4 WEEK 4,30,RUTTENBERG CANCER CENTER,1,0,C008_408,908.0,
MAXIS-08,20090721.0,SM_HAEMATOLOGY,01-04,CYCLE 4 WEEK 5,31,ELMHURST HOSPITAL CENTER,1,0,C008_408,1724.0,
MAXIS-08,20090727.0,SM_HAEMATOLOGY,01-04,CYCLE 4 WEEK 6,32,ELMHURST HOSPITAL CENTER,1,0,C008_408,1223.0,
MAXIS-08,20090803.0,SM_HAEMATOLOGY,01-04,CYCLE 5 WEEK 1,34,ELMHURST HOSPITAL CENTER,1,0,C008_408,1049.0,
MAXIS-08,20090810.0,SM_HAEMATOLOGY,01-04,CYCLE 5 WEEK 2,36,ELMHURST HOSPITAL CENTER,1,0,C008_408,1203.0,
MAXIS-08,20090814.0,SM_HAEMATOLOGY,01-04,CYCLE 5 WEEK 3,37,ELMHURST HOSPITAL CENTER,1,0,C008_408,1036.0,
MAXIS-08,20090824.0,SM_HAEMATOLOGY,01-04,CYCLE 5 WEEK 4,38,ELMHURST HOSPITAL CENTER,1,0,C008_408,821.0,
MAXIS-08,20090828.0,SM_HAEMATOLOGY,01-04,CYCLE 5 WEEK 5,39,ELMHURST HOSPITAL CENTER,1,0,C008_408,1029.0,
MAXIS-08,20090908.0,SM_HAEMATOLOGY,01-04,CYCLE 5 WEEK 6,40,ELMHURST HOSPITAL CENTER,1,0,C008_408,824.0,
MAXIS-08,20090916.0,SM_HAEMATOLOGY,01-04,OFF-STUDY,998,RUTTENBERG CANCER CENTER,1,0,C008_408,1033.0,
MAXIS-08,20090528.0,SM_HAEMATOLOGY,01-05,BASELINE,1,MOUNT SINAI,1,0,C008_408,1248.0,
MAXIS-08,,SM_HAEMATOLOGY,01-05,CYCLE 1 WEEK 1,2,,1,0,C008_408,,NOT DONE
MAXIS-08,20090609.0,SM_HAEMATOLOGY,01-05,CYCLE 1 WEEK 2,4,RUTTENBERG CANCER CENTER,1,0,C008_408,1027.0,
MAXIS-08,20090616.0,SM_HAEMATOLOGY,01-05,CYCLE 1 WEEK 3,5,RUTTENBERG CANCER CENTER,1,0,C008_408,949.0,
MAXIS-08,20090623.0,SM_HAEMATOLOGY,01-05,CYCLE 1 WEEK 4,6,RUTTENBERG CANCER CENTER,1,0,C008_408,946.0,
MAXIS-08,20090630.0,SM_HAEMATOLOGY,01-05,CYCLE 1 WEEK 5,7,RUTTENBERG CANCER CENTER,1,0,C008_408,945.0,
MAXIS-08,20090707.0,SM_HAEMATOLOGY,01-05,CYCLE 1 WEEK 6,8,RUTTENBERG CANCER CENTER,1,0,C008_408,948.0,
MAXIS-08,20090713.0,SM_HAEMATOLOGY,01-05,OFF-STUDY,998,MOUNT SINAI,1,0,C008_408,1310.0,
MAXIS-08,20090605.0,SM_HAEMATOLOGY,01-06,BASELINE,1,MOUNT SINAI,1,0,C008_408,1248.0,
MAXIS-08,20090608.0,SM_HAEMATOLOGY,01-06,CYCLE 1 WEEK 1,2,MOUNT SINAI,1,0,C008_408,616.0,
MAXIS-08,20090615.0,SM_HAEMATOLOGY,01-06,CYCLE 1 WEEK 2,4,RUTTENBERG CANCER CENTER,1,0,C008_408,1237.0,
MAXIS-08,20090622.0,SM_HAEMATOLOGY,01-06,CYCLE 1 WEEK 3,5,RUTTENBERG CANCER CENTER,1,0,C008_408,1210.0,
MAXIS-08,20090630.0,SM_HAEMATOLOGY,01-06,CYCLE 1 WEEK 4,6,RUTTENBERG CANCER CENTER,1,0,C008_408,1210.0,
MAXIS-08,20090707.0,SM_HAEMATOLOGY,01-06,CYCLE 1 WEEK 5,7,RUTTENBERG CANCER CENTER,1,0,C008_408,1219.0,
MAXIS-08,20090714.0,SM_HAEMATOLOGY,01-06,CYCLE 1 WEEK 6,8,RUTTENBERG CANCER CENTER,1,0,C008_408,1034.0,
MAXIS-08,20090720.0,SM_HAEMATOLOGY,01-06,CYCLE 2 WEEK 1,10,RUTTENBERG CANCER CENTER,1,0,C008_408,1259.0,
MAXIS-08,20090728.0,SM_HAEMATOLOGY,01-06,CYCLE 2 WEEK 2,12,RUTTENBERG CANCER CENTER,1,0,C008_408,1011.0,
MAXIS-08,20090804.0,SM_HAEMATOLOGY,01-06,CYCLE 2 WEEK 3,13,RUTTENBERG CANCER CENTER,1,0,C008_408,1113.0,
MAXIS-08,20090811.0,SM_HAEMATOLOGY,01-06,CYCLE 2 WEEK 4,14,RUTTENBERG CANCER CENTER,1,0,C008_408,1029.0,
MAXIS-08,,SM_HAEMATOLOGY,01-06,CYCLE 2 WEEK 5,15,,1,0,C008_408,,NOT DONE
MAXIS-08,,SM_HAEMATOLOGY,01-06,CYCLE 2 WEEK 6,16,,1,0,C008_408,,NOT DONE
MAXIS-08,,SM_HAEMATOLOGY,01-06,OFF-STUDY,998,,1,0,C008_408,,NOT DONE
MAXIS-08,20090620.0,SM_HAEMATOLOGY,01-07,BASELINE,1,MOUNT SINAI,1,0,C008_408,1316.0,
MAXIS-08,,SM_HAEMATOLOGY,01-07,CYCLE 1 WEEK 1,2,,1,0,C008_408,,NOT DONE
MAXIS-08,20090701.0,SM_HAEMATOLOGY,01-07,CYCLE 1 WEEK 2,4,RUTTENBERG CANCER CENTER,1,0,C008_408,939.0,
MAXIS-08,20090708.0,SM_HAEMATOLOGY,01-07,CYCLE 1 WEEK 3,5,MOUNT SINAI,1,0,C008_408,1045.0,
MAXIS-08,20090716.0,SM_HAEMATOLOGY,01-07,CYCLE 1 WEEK 4,6,RUTTENBERG CANCER CENTER,1,0,C008_408,929.0,
MAXIS-08,20090722.0,SM_HAEMATOLOGY,01-07,CYCLE 1 WEEK 5,7,MOUNT SINAI,1,0,C008_408,328.0,
MAXIS-08,20090801.0,SM_HAEMATOLOGY,01-07,CYCLE 1 WEEK 6,8,MOUNT SINAI,1,0,C008_408,1015.0,
MAXIS-08,20090805.0,SM_HAEMATOLOGY,01-07,OFF-STUDY,998,MOUNT SINAI,1,0,C008_408,1458.0,
MAXIS-08,20090708.0,SM_HAEMATOLOGY,01-08,BASELINE,1,MOUNT SINAI,1,0,C008_408,1010.0,
MAXIS-08,20090708.0,SM_HAEMATOLOGY,01-08,CYCLE 1 WEEK 1,2,MOUNT SINAI,1,0,C008_408,1010.0,
MAXIS-08,20090716.0,SM_HAEMATOLOGY,01-08,CYCLE 1 WEEK 2,4,RUTTENBERG CANCER CENTER,1,0,C008_408,1227.0,
MAXIS-08,20090723.0,SM_HAEMATOLOGY,01-08,CYCLE 1 WEEK 3,5,RUTTENBERG CANCER CENTER,1,0,C008_408,1324.0,
MAXIS-08,20090730.0,SM_HAEMATOLOGY,01-08,CYCLE 1 WEEK 4,6,RUTTENBERG CANCER CENTER,1,0,C008_408,1027.0,
MAXIS-08,20090806.0,SM_HAEMATOLOGY,01-08,CYCLE 1 WEEK 5,7,RUTTENBERG CANCER CENTER,1,0,C008_408,1053.0,
MAXIS-08,20090813.0,SM_HAEMATOLOGY,01-08,CYCLE 1 WEEK 6,8,RUTTENBERG CANCER CENTER,1,0,C008_408,1009.0,
MAXIS-08,20090820.0,SM_HAEMATOLOGY,01-08,OFF-STUDY,998,RUTTENBERG CANCER CENTER,1,0,C008_408,1031.0,
MAXIS-08,20090715.0,SM_HAEMATOLOGY,01-09,BASELINE,1,MOUNT SINAI,1,0,C008_408,1200.0,
MAXIS-08,,SM_HAEMATOLOGY,01-09,CYCLE 1 WEEK 1,2,,1,0,C008_408,,NOT DONE
MAXIS-08,20090727.0,SM_HAEMATOLOGY,01-09,CYCLE 1 WEEK 2,4,RUTTENBERG CANCER CENTER,1,0,C008_408,1208.0,
MAXIS-08,20090803.0,SM_HAEMATOLOGY,01-09,CYCLE 1 WEEK 3,5,RUTTENBERG CANCER CENTER,1,0,C008_408,1107.0,
MAXIS-08,20090810.0,SM_HAEMATOLOGY,01-09,CYCLE 1 WEEK 4,6,RUTTENBERG CANCER CENTER,1,0,C008_408,1205.0,
MAXIS-08,20090818.0,SM_HAEMATOLOGY,01-09,CYCLE 1 WEEK 5,7,RUTTENBERG CANCER CENTER,1,0,C008_408,940.0,
MAXIS-08,,SM_HAEMATOLOGY,01-09,CYCLE 1 WEEK 6,8,,1,0,C008_408,,NOT DONE
MAXIS-08,20090824.0,SM_HAEMATOLOGY,01-09,OFF-STUDY,998,RUTTENBERG CANCER CENTER,1,0,C008_408,1106.0,
MAXIS-08,20090720.0,SM_HAEMATOLOGY,01-10,BASELINE,1,RUTTENBERG CANCER CENTER,1,0,C008_408,1442.0,
MAXIS-08,,SM_HAEMATOLOGY,01-10,CYCLE 1 WEEK 1,2,,1,0,C008_408,,NOT DONE
MAXIS-08,20090728.0,SM_HAEMATOLOGY,01-10,CYCLE 1 WEEK 2,4,RUTTENBERG CANCER CENTER,1,0,C008_408,1340.0,
MAXIS-08,20090803.0,SM_HAEMATOLOGY,01-10,CYCLE 1 WEEK 3,5,ARENA ONCOLOGY ASSOCIATES,1,0,C008_408,1346.0,
MAXIS-08,20090810.0,SM_HAEMATOLOGY,01-10,CYCLE 1 WEEK 4,6,ARENA ONCOLOGY ASSOCIATES,1,0,C008_408,1140.0,
MAXIS-08,20090817.0,SM_HAEMATOLOGY,01-10,CYCLE 1 WEEK 5,7,ARENA ONCOLOGY ASSOCIATES,1,0,C008_408,1113.0,
MAXIS-08,20090824.0,SM_HAEMATOLOGY,01-10,CYCLE 1 WEEK 6,8,ARENA ONCOLOGY ASSOCIATES,1,0,C008_408,1147.0,
MAXIS-08,20090908.0,SM_HAEMATOLOGY,01-10,CYCLE 2 WEEK 1,10,RUTTENBERG CANCER CENTER,1,0,C008_408,1104.0,
MAXIS-08,20090914.0,SM_HAEMATOLOGY,01-10,CYCLE 2 WEEK 2,12,ARENA ONCOLOGY ASSOCIATES,1,0,C008_408,1114.0,
MAXIS-08,20090921.0,SM_HAEMATOLOGY,01-10,CYCLE 2 WEEK 3,13,ARENA ONCOLOGY ASSOCIATES,1,0,C008_408,1136.0,
MAXIS-08,20090928.0,SM_HAEMATOLOGY,01-10,CYCLE 2 WEEK 4,14,ARENA ONCOLOGY ASSOCIATES,1,0,C008_408,1147.0,
MAXIS-08,20091005.0,SM_HAEMATOLOGY,01-10,CYCLE 2 WEEK 5,15,ARENA ONCOLOGY ASSOCIATES,1,0,C008_408,1231.0,
MAXIS-08,20091012.0,SM_HAEMATOLOGY,01-10,CYCLE 2 WEEK 6,16,QUEST DIAGNOSTICS,1,0,C008_408,1033.0,
MAXIS-08,20091027.0,SM_HAEMATOLOGY,01-10,CYCLE 3 WEEK 1,18,RUTTENBERG CANCER CENTER,1,0,C008_408,1047.0,
MAXIS-08,20091102.0,SM_HAEMATOLOGY,01-10,CYCLE 3 WEEK 2,20,ARENA ONCOLOGY ASSOCIATES,1,0,C008_408,1101.0,
MAXIS-08,20091109.0,SM_HAEMATOLOGY,01-10,CYCLE 3 WEEK 3,21,ARENA ONCOLOGY ASSOCIATES,1,0,C008_408,1053.0,
MAXIS-08,20091116.0,SM_HAEMATOLOGY,01-10,CYCLE 3 WEEK 4,22,ARENA ONCOLOGY ASSOCIATES,1,0,C008_408,952.0,
MAXIS-08,20091123.0,SM_HAEMATOLOGY,01-10,CYCLE 3 WEEK 5,23,ARENA ONCOLOGY ASSOCIATES,1,0,C008_408,1128.0,
MAXIS-08,20091130.0,SM_HAEMATOLOGY,01-10,CYCLE 3 WEEK 6,24,ARENA ONCOLOGY ASSOCIATES,1,0,C008_408,1053.0,
MAXIS-08,20091215.0,SM_HAEMATOLOGY,01-10,CYCLE 4 WEEK 1,26,MOUNT SINAI,1,0,C008_408,1135.0,
MAXIS-08,20091221.0,SM_HAEMATOLOGY,01-10,CYCLE 4 WEEK 2,28,ARENA ONCOLOGY ASSOCIATES,1,0,C008_408,1216.0,
MAXIS-08,20100104.0,SM_HAEMATOLOGY,01-10,CYCLE 4 WEEK 3,29,ARENA ONCOLOGY ASSOCIATES,1,0,C008_408,1242.0,
MAXIS-08,20100111.0,SM_HAEMATOLOGY,01-10,CYCLE 4 WEEK 4,30,ARENA ONCOLOGY ASSOCIATES,1,0,C008_408,1121.0,
MAXIS-08,20100118.0,SM_HAEMATOLOGY,01-10,CYCLE 4 WEEK 5,31,ARENA ONCOLOGY ASSOCIATES,1,0,C008_408,1133.0,
MAXIS-08,20100125.0,SM_HAEMATOLOGY,01-10,CYCLE 4 WEEK 6,32,ARENA ONCOLOGY ASSOCIATES,1,0,C008_408,946.0,
MAXIS-08,20100208.0,SM_HAEMATOLOGY,01-10,OFF-STUDY,998,MOUNT SINAI,1,0,C008_408,1215.0,
MAXIS-08,20090722.0,SM_HAEMATOLOGY,01-11,BASELINE,1,RUTTENBERG CANCER CENTER,1,0,C008_408,1605.0,
MAXIS-08,,SM_HAEMATOLOGY,01-11,CYCLE 1 WEEK 1,2,,1,0,C008_408,,NOT DONE
MAXIS-08,20090730.0,SM_HAEMATOLOGY,01-11,CYCLE 1 WEEK 2,4,RUTTENBERG CANCER CENTER,1,0,C008_408,1042.0,
MAXIS-08,20090805.0,SM_HAEMATOLOGY,01-11,CYCLE 1 WEEK 3,5,MOUNT SINAI,1,0,C008_408,645.0,
MAXIS-08,20090813.0,SM_HAEMATOLOGY,01-11,CYCLE 1 WEEK 4,6,RUTTENBERG CANCER CENTER,1,0,C008_408,1102.0,
MAXIS-08,20090820.0,SM_HAEMATOLOGY,01-11,CYCLE 1 WEEK 5,7,RUTTENBERG CANCER CENTER,1,0,C008_408,1050.0,
MAXIS-08,20090827.0,SM_HAEMATOLOGY,01-11,CYCLE 1 WEEK 6,8,MOUNT SINAI,1,0,C008_408,1035.0,
MAXIS-08,20090902.0,SM_HAEMATOLOGY,01-11,CYCLE 2 WEEK 1,10,RUTTENBERG CANCER CENTER,1,0,C008_408,1017.0,
MAXIS-08,20090910.0,SM_HAEMATOLOGY,01-11,CYCLE 2 WEEK 2,12,RUTTENBERG CANCER CENTER,1,0,C008_408,844.0,
MAXIS-08,20090917.0,SM_HAEMATOLOGY,01-11,CYCLE 2 WEEK 3,13,RUTTENBERG CANCER CENTER,1,0,C008_408,1207.0,
MAXIS-08,20090924.0,SM_HAEMATOLOGY,01-11,CYCLE 2 WEEK 4,14,RUTTENBERG CANCER CENTER,1,0,C008_408,,
MAXIS-08,20091001.0,SM_HAEMATOLOGY,01-11,CYCLE 2 WEEK 5,15,RUTTENBERG CANCER CENTER,1,0,C008_408,1019.0,
MAXIS-08,20091008.0,SM_HAEMATOLOGY,01-11,CYCLE 2 WEEK 6,16,RUTTENBERG CANCER CENTER,1,0,C008_408,1022.0,
MAXIS-08,20091022.0,SM_HAEMATOLOGY,01-11,CYCLE 3 WEEK 1,18,RUTTENBERG CANCER CENTER,1,0,C008_408,1052.0,
MAXIS-08,20091029.0,SM_HAEMATOLOGY,01-11,CYCLE 3 WEEK 2,20,RUTTENBERG CANCER CENTER,1,0,C008_408,1112.0,
MAXIS-08,20091105.0,SM_HAEMATOLOGY,01-11,CYCLE 3 WEEK 3,21,RUTTENBERG CANCER CENTER,1,0,C008_408,1103.0,
MAXIS-08,20091112.0,SM_HAEMATOLOGY,01-11,CYCLE 3 WEEK 4,22,RUTTENBERG CANCER CENTER,1,0,C008_408,1012.0,
MAXIS-08,20091119.0,SM_HAEMATOLOGY,01-11,CYCLE 3 WEEK 5,23,RUTTENBERG CANCER CENTER,1,0,C008_408,1048.0,
MAXIS-08,20091124.0,SM_HAEMATOLOGY,01-11,CYCLE 3 WEEK 6,24,RUTTENBERG CANCER CENTER,1,0,C008_408,1126.0,
MAXIS-08,20091201.0,SM_HAEMATOLOGY,01-11,CYCLE 4 WEEK 1,26,MOUNT SINAI,1,0,C008_408,1630.0,
MAXIS-08,20091208.0,SM_HAEMATOLOGY,01-11,CYCLE 4 WEEK 2,28,MOUNT SINAI,1,0,C008_408,950.0,
MAXIS-08,20091215.0,SM_HAEMATOLOGY,01-11,CYCLE 4 WEEK 3,29,MOUNT SINAI,1,0,C008_408,1000.0,
MAXIS-08,20091222.0,SM_HAEMATOLOGY,01-11,CYCLE 4 WEEK 4,30,MOUNT SINAI,1,0,C008_408,1010.0,
MAXIS-08,20091229.0,SM_HAEMATOLOGY,01-11,CYCLE 4 WEEK 5,31,MOUNT SINAI,1,0,C008_408,940.0,
MAXIS-08,20100105.0,SM_HAEMATOLOGY,01-11,CYCLE 4 WEEK 6,32,MOUNT SINAI,1,0,C008_408,955.0,
MAXIS-08,20100208.0,SM_HAEMATOLOGY,01-11,OFF-STUDY,998,RUTTENBERG CANCER CENTER,1,0,C008_408,1255.0,
MAXIS-08,20090831.0,SM_HAEMATOLOGY,01-12,BASELINE,1,RUTTENBERG CANCER CENTER,1,0,C008_408,854.0,
MAXIS-08,,SM_HAEMATOLOGY,01-12,CYCLE 1 WEEK 1,2,,1,0,C008_408,,NOT DONE
MAXIS-08,,SM_HAEMATOLOGY,01-12,CYCLE 1 WEEK 2,4,,1,0,C008_408,,NOT DONE
MAXIS-08,,SM_HAEMATOLOGY,01-12,CYCLE 1 WEEK 3,5,,1,0,C008_408,,NOT DONE
MAXIS-08,,SM_HAEMATOLOGY,01-12,CYCLE 1 WEEK 4,6,,1,0,C008_408,,NOT DONE
MAXIS-08,,SM_HAEMATOLOGY,01-12,CYCLE 1 WEEK 5,7,,1,0,C008_408,,NOT DONE
MAXIS-08,,SM_HAEMATOLOGY,01-12,CYCLE 1 WEEK 6,8,,1,0,C008_408,,NOT DONE
MAXIS-08,,SM_HAEMATOLOGY,01-12,OFF-STUDY,998,,1,0,C008_408,,NOT DONE
MAXIS-08,20090913.0,SM_HAEMATOLOGY,01-12,OFF-STUDY,998,MOUNT SINAI,1,1,C008_408,238.0,
MAXIS-08,20090914.0,SM_HAEMATOLOGY,01-12,OFF-STUDY,998,MOUNT SINAI,1,2,C008_408,659.0,
MAXIS-08,20090921.0,SM_HAEMATOLOGY,01-13,BASELINE,1,MOUNT SINAI,1,0,C008_408,1400.0,
MAXIS-08,,SM_HAEMATOLOGY,01-13,CYCLE 1 WEEK 1,2,,1,0,C008_408,,NOT DONE
MAXIS-08,20091001.0,SM_HAEMATOLOGY,01-13,CYCLE 1 WEEK 2,4,RUTTENBERG CANCER CENTER,1,0,C008_408,1018.0,
MAXIS-08,20091008.0,SM_HAEMATOLOGY,01-13,CYCLE 1 WEEK 3,5,MOUNT SINAI,1,0,C008_408,1100.0,
MAXIS-08,20091015.0,SM_HAEMATOLOGY,01-13,CYCLE 1 WEEK 4,6,MOUNT SINAI,1,0,C008_408,536.0,
MAXIS-08,20091021.0,SM_HAEMATOLOGY,01-13,CYCLE 1 WEEK 5,7,RUTTENBERG CANCER CENTER,1,0,C008_408,1215.0,
MAXIS-08,,SM_HAEMATOLOGY,01-13,CYCLE 1 WEEK 6,8,,1,0,C008_408,,NOT DONE
MAXIS-08,20091024.0,SM_HAEMATOLOGY,01-13,OFF-STUDY,998,MOUNT SINAI,1,0,C008_408,30.0,
MAXIS-08,20091023.0,SM_HAEMATOLOGY,01-14,BASELINE,1,MOUNT SINAI,1,0,C008_408,1302.0,
MAXIS-08,,SM_HAEMATOLOGY,01-14,CYCLE 1 WEEK 1,2,,1,0,C008_408,,NOT DONE
MAXIS-08,20091103.0,SM_HAEMATOLOGY,01-14,CYCLE 1 WEEK 2,4,RUTTENBERG CANCER CENTER,1,0,C008_408,1252.0,
MAXIS-08,20091110.0,SM_HAEMATOLOGY,01-14,CYCLE 1 WEEK 3,5,RUTTENBERG CANCER CENTER,1,0,C008_408,1125.0,
MAXIS-08,20091117.0,SM_HAEMATOLOGY,01-14,CYCLE 1 WEEK 4,6,RUTTENBERG CANCER CENTER,1,0,C008_408,1255.0,
MAXIS-08,20091124.0,SM_HAEMATOLOGY,01-14,CYCLE 1 WEEK 5,7,MOUNT SINAI,1,0,C008_408,1150.0,
MAXIS-08,20091201.0,SM_HAEMATOLOGY,01-14,CYCLE 1 WEEK 6,8,MOUNT SINAI,1,0,C008_408,1035.0,
MAXIS-08,20091207.0,SM_HAEMATOLOGY,01-14,CYCLE 2 WEEK 1,10,MOUNT SINAI,1,0,C008_408,1355.0,
MAXIS-08,20091215.0,SM_HAEMATOLOGY,01-14,CYCLE 2 WEEK 2,12,MOUNT SINAI,1,0,C008_408,1050.0,
MAXIS-08,20091222.0,SM_HAEMATOLOGY,01-14,CYCLE 2 WEEK 3,13,MOUNT SINAI,1,0,C008_408,1215.0,
MAXIS-08,20091229.0,SM_HAEMATOLOGY,01-14,CYCLE 2 WEEK 4,14,MOUNT SINAI,1,0,C008_408,1115.0,
MAXIS-08,20100105.0,SM_HAEMATOLOGY,01-14,CYCLE 2 WEEK 5,15,MOUNT SINAI,1,0,C008_408,1200.0,
MAXIS-08,20100112.0,SM_HAEMATOLOGY,01-14,CYCLE 2 WEEK 6,16,MOUNT SINAI,1,0,C008_408,1145.0,
MAXIS-08,20100125.0,SM_HAEMATOLOGY,01-14,OFF-STUDY,998,MOUNT SINAI,1,0,C008_408,1901.0,
MAXIS-08,20100323.0,SM_HAEMATOLOGY,01-15,BASELINE,1,MOUNT SINAI,1,0,C008_408,1440.0,
MAXIS-08,,SM_HAEMATOLOGY,01-15,CYCLE 1 WEEK 1,2,,1,0,C008_408,,NOT DONE
MAXIS-08,20100405.0,SM_HAEMATOLOGY,01-15,CYCLE 1 WEEK 2,4,RUTTENBERG CANCER CENTER,1,0,C008_408,942.0,
MAXIS-08,20100413.0,SM_HAEMATOLOGY,01-15,CYCLE 1 WEEK 3,5,RUTTENBERG CANCER CENTER,1,0,C008_408,1129.0,
MAXIS-08,20100420.0,SM_HAEMATOLOGY,01-15,CYCLE 1 WEEK 4,6,RUTTENBERG CANCER CENTER,1,0,C008_408,1104.0,
MAXIS-08,20100427.0,SM_HAEMATOLOGY,01-15,CYCLE 1 WEEK 5,7,MOUNT SINAI,1,0,C008_408,1034.0,
MAXIS-08,20100504.0,SM_HAEMATOLOGY,01-15,CYCLE 1 WEEK 6,8,MOUNT SINAI,1,0,C008_408,944.0,
MAXIS-08,,SM_HAEMATOLOGY,01-15,OFF-STUDY,998,,1,0,C008_408,,NOT DONE
MAXIS-08,20100609.0,SM_HAEMATOLOGY,01-16,BASELINE,1,QUEST DIAGNOSTICS,1,0,C008_408,1246.0,
MAXIS-08,20100615.0,SM_HAEMATOLOGY,01-16,CYCLE 1 WEEK 1,2,MOUNT SINAI,1,0,C008_408,1230.0,
MAXIS-08,20100621.0,SM_HAEMATOLOGY,01-16,CYCLE 1 WEEK 2,4,QUEENS LONG ISLAND MEDICAL GROUP,1,0,C008_408,1125.0,
MAXIS-08,20100628.0,SM_HAEMATOLOGY,01-16,CYCLE 1 WEEK 3,5,QUEST DIAGNOSTICS,1,0,C008_408,1241.0,
MAXIS-08,20100708.0,SM_HAEMATOLOGY,01-16,CYCLE 1 WEEK 4,6,MOUNT SINAI,1,0,C008_408,1110.0,
MAXIS-08,20100713.0,SM_HAEMATOLOGY,01-16,CYCLE 1 WEEK 5,7,MOUNT SINAI,1,0,C008_408,1124.0,
MAXIS-08,20100719.0,SM_HAEMATOLOGY,01-16,CYCLE 1 WEEK 6,8,QUEST DIAGNOSTICS,1,0,C008_408,1216.0,
MAXIS-08,20100726.0,SM_HAEMATOLOGY,01-16,CYCLE 1 WEEK 6,8,QUEENS LONG ISLAND MEDICAL GROUP,1,1,C008_408,1445.0,
MAXIS-08,20100810.0,SM_HAEMATOLOGY,01-16,OFF-STUDY,998,MOUNT SINAI,1,0,C008_408,1449.0,
