﻿STUDY,GNQS2,CPEVENT,DCMNAME,PT,GNQSN1,VISIT,GNDT,REPEATSN,INVSITE,SUBEVE
MAXIS-08,TAKAO OHNUMA,NON-VISIT,GN_INV,01-01,Y,999,20090212,1,C008_408,0
MAXIS-08,TAKAO OHNUMA,NON-VISIT,GN_INV,01-02,Y,999,20090416,1,C008_408,0
MAXIS-08,TAKAO OHNUMA,NON-VISIT,GN_INV,01-03,Y,999,20090416,1,C008_408,0
MAXIS-08,TAKAO OHNUMA,NON-VISIT,GN_INV,01-04,Y,999,20100318,1,C008_408,0
MAXIS-08,TAKAO OHNUMA,NON-VISIT,GN_INV,01-05,Y,999,20090922,1,C008_408,0
MAXIS-08,TAKAO OHNUMA,NON-VISIT,GN_INV,01-06,Y,999,20100325,1,C008_408,0
MAXIS-08,TAKAO OHNUMA,NON-VISIT,GN_INV,01-07,Y,999,20100325,1,C008_408,0
MAXIS-08,TAKAD OHNUMA,NON-VISIT,GN_INV,01-08,Y,999,20091116,1,C008_408,0
MAXIS-08,TAKAO OHNUMA,NON-VISIT,GN_INV,01-09,Y,999,20100325,1,C008_408,0
MAXIS-08,TAKAO OHNUMA,NON-VISIT,GN_INV,01-10,Y,999,20100714,1,C008_408,0
MAXIS-08,TAKAO OHNUMA,NON-VISIT,GN_INV,01-11,Y,999,20100714,1,C008_408,0
MAXIS-08,TAKAO OHNUMA,NON-VISIT,GN_INV,01-12,Y,999,20100325,1,C008_408,0
MAXIS-08,TAKAO OHNUMA,NON-VISIT,GN_INV,01-13,Y,999,20100714,1,C008_408,0
MAXIS-08,TAKAO OHNUMA,NON-VISIT,GN_INV,01-14,Y,999,20100714,1,C008_408,0
MAXIS-08,TAKAO OHNUMA,NON-VISIT,GN_INV,01-15,Y,999,20100714,1,C008_408,0
MAXIS-08,TAKAO OHNUMA,NON-VISIT,GN_INV,01-16,Y,999,20100907,1,C008_408,0
