﻿DCMNAME,PT,TMMTD,REPEATSN,TMDT,TMQSN,STUDY,TMLOCL,CPEVENT,VISIT,SUBEVE,INVSITE,TMNO,TMDESC,TMRSPN,TMLOCC,TMMTDC
TM_ASSESS_NONTAR,01-01,3.0,1,20080828.0,N,MAXIS-08,LUNG,BASELINE,1,0,C008_408,1,MEDIASTINAL LYMPH NODE,,,
TM_ASSESS_NONTAR,01-01,3.0,2,20080828.0,N,MAXIS-08,LUNG,BASELINE,1,0,C008_408,2,RIGHT UPPER PARATRACHEAL LYMPH NODE,,,
TM_ASSESS_NONTAR,01-01,3.0,3,20080828.0,N,MAXIS-08,LUNG,BASELINE,1,0,C008_408,3,RIGHT LOWER PARATRACHEAL LYMPH NODE,,,
TM_ASSESS_NONTAR,01-01,3.0,4,20080828.0,N,MAXIS-08,LUNG,BASELINE,1,0,C008_408,4,PRECARINAL LYMPH NODE,,,
TM_ASSESS_NONTAR,01-01,3.0,5,20080828.0,N,MAXIS-08,LUNG,BASELINE,1,0,C008_408,5,SUBCARINAL LYMPH NODE,,,
TM_ASSESS_NONTAR,01-01,3.0,6,20080828.0,N,MAXIS-08,LUNG,BASELINE,1,0,C008_408,6,RIGHT HILAR LYMPH NODE,,,
TM_ASSESS_NONTAR,01-01,3.0,1,20081009.0,N,MAXIS-08,LUNG,OFF-STUDY,998,0,C008_408,1,MEDIASTINAL LYMPH NODE,PROGRESSION,,
TM_ASSESS_NONTAR,01-01,3.0,2,20081009.0,N,MAXIS-08,LUNG,OFF-STUDY,998,0,C008_408,2,RIGHT UPPER PARATRACHEAL LYMPH NODE,PROGRESSION,,
TM_ASSESS_NONTAR,01-01,3.0,3,20081009.0,N,MAXIS-08,LUNG,OFF-STUDY,998,0,C008_408,3,RIGHT LOWER PARATRACHEAL LYMPH NODE,PROGRESSION,,
TM_ASSESS_NONTAR,01-01,3.0,4,20081009.0,N,MAXIS-08,LUNG,OFF-STUDY,998,0,C008_408,4,PRECARINAL LYMPH NODE,PROGRESSION,,
TM_ASSESS_NONTAR,01-01,3.0,5,20081009.0,N,MAXIS-08,LUNG,OFF-STUDY,998,0,C008_408,5,SUBCARINAL LYMPH NODE,NON-CR/NON-PD,,
TM_ASSESS_NONTAR,01-01,3.0,6,20081009.0,N,MAXIS-08,LUNG,OFF-STUDY,998,0,C008_408,6,RIGHT HILAR LYMPH NODE,PROGRESSION,,
TM_ASSESS_NONTAR,01-01,3.0,7,20081009.0,N,MAXIS-08,LUNG,OFF-STUDY,998,0,C008_408,7,LEFT HILAR LYMPH NODE,NEW,,
TM_ASSESS_NONTAR,01-01,3.0,8,20081009.0,N,MAXIS-08,BONE,OFF-STUDY,998,0,C008_408,8,5TH THORACIC VERTEBRAL BODY,NEW,,
TM_ASSESS_NONTAR,01-02,3.0,1,20090202.0,N,MAXIS-08,KIDNEY,OFF-STUDY,998,0,C008_408,1,RIGHT ADRENAL GLAND NODULES,NEW,,
TM_ASSESS_NONTAR,01-02,3.0,2,20090202.0,N,MAXIS-08,OTHER,OFF-STUDY,998,0,C008_408,2,LYTIC LESION,NEW,RIGHT GLENOID OF SCAPULA,
TM_ASSESS_NONTAR,01-03,3.0,1,20090126.0,N,MAXIS-08,LUNG,BASELINE,1,0,C008_408,1,SUBCARINAL LYMPH NODE,,,
TM_ASSESS_NONTAR,01-03,3.0,2,20090126.0,N,MAXIS-08,LUNG,BASELINE,1,0,C008_408,2,LEFT HILAR LYMPH NODE,,,
TM_ASSESS_NONTAR,01-03,3.0,3,20090126.0,N,MAXIS-08,LUNG,BASELINE,1,0,C008_408,3,RIGHT LUNG APEX,,,
TM_ASSESS_NONTAR,01-04,4.0,1,20090911.0,N,MAXIS-08,LUNG,OFF-STUDY,998,0,C008_408,1,LLL LESION 1,NEW,,
TM_ASSESS_NONTAR,01-04,4.0,2,20090911.0,N,MAXIS-08,LUNG,OFF-STUDY,998,0,C008_408,2,LLL LESION 2,NEW,,
TM_ASSESS_NONTAR,01-04,4.0,3,20090911.0,N,MAXIS-08,LIVER,OFF-STUDY,998,0,C008_408,3,LIVER LESION,NEW,,
TM_ASSESS_NONTAR,01-05,3.0,1,20090710.0,N,MAXIS-08,LUNG,OFF-STUDY,998,0,C008_408,1,RIGHT LOWER LOBE,NEW,,
TM_ASSESS_NONTAR,01-06,4.0,1,20090606.0,N,MAXIS-08,OTHER,BASELINE,1,0,C008_408,1,SOFT TISSUE MASS SURROUNDING Peripheral Access Catheter: ANTERiOr POSTERIOR DIMENSION,,SUBCUTANEOUS,
TM_ASSESS_NONTAR,01-06,4.0,2,20090606.0,N,MAXIS-08,OTHER,BASELINE,1,0,C008_408,2,SOFT TISSUE MASS TRANSVERSE,,SUBCUTANEOUS,
TM_ASSESS_NONTAR,01-06,4.0,3,20090606.0,N,MAXIS-08,OTHER,BASELINE,1,0,C008_408,3,SOFT TISSUE MASS RIGHT ANTERIOR MEDIASTINUM,,SUBCUTANEOUS,
TM_ASSESS_NONTAR,01-06,4.0,4,20090606.0,N,MAXIS-08,OTHER,BASELINE,1,0,C008_408,4,SOFT TISSUE MASS LEFT HEART,,SUBCUTANEOUS,
TM_ASSESS_NONTAR,01-06,4.0,5,20090606.0,N,MAXIS-08,LIVER,BASELINE,1,0,C008_408,5,POSTERIOR RIGHT LOBE,,,
TM_ASSESS_NONTAR,01-06,4.0,1,20090720.0,N,MAXIS-08,OTHER,END OF CYCLE 1,9,0,C008_408,1,SOFT TISSUE MASS ANTERior POSTERIOR DIMENSION,ABSENT,SUBCUTANEOUS,
TM_ASSESS_NONTAR,01-06,4.0,2,20090720.0,N,MAXIS-08,OTHER,END OF CYCLE 1,9,0,C008_408,2,SOFT TISSUE MASS TRANSVERSE,ABSENT,SUBCUTANEOUS,
TM_ASSESS_NONTAR,01-06,4.0,3,20090720.0,N,MAXIS-08,OTHER,END OF CYCLE 1,9,0,C008_408,3,SOFT TISSUE MASS RIGHT ANTERIOR MEDIASTINUM,NON-CR/NON-PD,SUBCUTANEOUS,
TM_ASSESS_NONTAR,01-06,4.0,4,20090720.0,N,MAXIS-08,OTHER,END OF CYCLE 1,9,0,C008_408,4,SOFT TISSUE MASS LEFT HEART,ABSENT,SUBCUTANEOUS,
TM_ASSESS_NONTAR,01-06,4.0,5,20090720.0,N,MAXIS-08,LIVER,END OF CYCLE 1,9,0,C008_408,5,POSTERIOR RIGHT LOBE,NON-CR/NON-PD,,
TM_ASSESS_NONTAR,01-06,4.0,1,20090812.0,N,MAXIS-08,OTHER,OFF-STUDY,998,0,C008_408,1,SOFT TISSUE MASS ANTERior POSTERIOR DIMENSION,ABSENT,SUBCUTANEOUS,
TM_ASSESS_NONTAR,01-06,4.0,2,20090812.0,N,MAXIS-08,OTHER,OFF-STUDY,998,0,C008_408,2,SOFT TISSUE MASS TRANSVERSE,ABSENT,SUBCUTANEOUS,
TM_ASSESS_NONTAR,01-06,4.0,3,20090812.0,N,MAXIS-08,OTHER,OFF-STUDY,998,0,C008_408,3,SOFT TISSUE MASS RIGHT ANTERIOR MEDIASTINUM,ABSENT,SUBCUTANEOUS,
TM_ASSESS_NONTAR,01-06,4.0,4,20090812.0,N,MAXIS-08,OTHER,OFF-STUDY,998,0,C008_408,4,SOFT TISSUE MASS LEFT HEART,ABSENT,SUBCUTANEOUS,
TM_ASSESS_NONTAR,01-06,4.0,5,20090812.0,N,MAXIS-08,LIVER,OFF-STUDY,998,0,C008_408,5,POSTERIOR RIGHT LOBE,NON-CR/NON-PD,,
TM_ASSESS_NONTAR,01-06,4.0,6,20090812.0,N,MAXIS-08,OTHER,OFF-STUDY,998,0,C008_408,6,EXTRA-AXIAL MASS RIGHT FRONTAL REGION,NEW,SKULL,
TM_ASSESS_NONTAR,01-07,4.0,1,20090803.0,N,MAXIS-08,LUNG,OFF-STUDY,998,0,C008_408,1,RIGHT LOWER LOBE MASS,NEW,,
TM_ASSESS_NONTAR,01-07,4.0,2,20090803.0,N,MAXIS-08,LUNG,OFF-STUDY,998,0,C008_408,2,SERIES 3 IMAGE 41 NODES,NEW,,
TM_ASSESS_NONTAR,01-08,4.0,1,20090708.0,N,MAXIS-08,LUNG,BASELINE,1,0,C008_408,1,LEFT LOWER LOBE,,,
TM_ASSESS_NONTAR,01-08,4.0,2,20090708.0,N,MAXIS-08,LIVER,BASELINE,1,0,C008_408,2,INFERIOR RIGHT HEPATIC LOBE,,,
TM_ASSESS_NONTAR,01-08,4.0,1,20090818.0,N,MAXIS-08,LUNG,OFF-STUDY,998,0,C008_408,1,LEFT LOWER LOBE,NON-CR/NON-PD,,
TM_ASSESS_NONTAR,01-08,4.0,2,20090818.0,N,MAXIS-08,LIVER,OFF-STUDY,998,0,C008_408,2,INFERIOR RIGHT HEPATIC LOBE,NON-CR/NON-PD,,
TM_ASSESS_NONTAR,01-08,4.0,3,20090818.0,N,MAXIS-08,LUNG,OFF-STUDY,998,0,C008_408,3,RIGHT UPPER LOBE,NEW,,
TM_ASSESS_NONTAR,01-09,88.0,1,20090717.0,N,MAXIS-08,LUNG,BASELINE,1,0,C008_408,1,RIGHT LOWER LOBE,,,PET/CT
TM_ASSESS_NONTAR,01-09,88.0,2,20090717.0,N,MAXIS-08,LIVER,BASELINE,1,0,C008_408,2,"HYPODENSE NODULES, HEPATIC LOBE",,,PET/CT
TM_ASSESS_NONTAR,01-09,88.0,3,20090717.0,N,MAXIS-08,LUNG,BASELINE,1,0,C008_408,3,"PULMONARY NODULES, RIGHT LOWER LOBE",,,PET/CT
TM_ASSESS_NONTAR,01-09,88.0,1,20090824.0,N,MAXIS-08,LUNG,END OF CYCLE 1,9,0,C008_408,1,RIGHT LOWER LOBE,PROGRESSION,,PET/CT
TM_ASSESS_NONTAR,01-09,88.0,2,20090824.0,N,MAXIS-08,LIVER,END OF CYCLE 1,9,0,C008_408,2,"HYPODENSE NODULES, HEPATIC LOBE",PROGRESSION,,PET/CT
TM_ASSESS_NONTAR,01-09,88.0,3,20090824.0,N,MAXIS-08,LUNG,END OF CYCLE 1,9,0,C008_408,3,"PULMONARY NODULES, RIGHT LOWER LOBE",PROGRESSION,,PET/CT
TM_ASSESS_NONTAR,01-09,88.0,4,20090824.0,N,MAXIS-08,ASCITES,END OF CYCLE 1,9,0,C008_408,4,ASCITES,NEW,,PET/CT
TM_ASSESS_NONTAR,01-09,88.0,5,20090824.0,N,MAXIS-08,LYMPH,END OF CYCLE 1,9,0,C008_408,5,RETROPERITONEAL LN,NEW,,PET/CT
TM_ASSESS_NONTAR,01-09,88.0,6,20090824.0,N,MAXIS-08,LUNG,END OF CYCLE 1,9,0,C008_408,6,BILATERAL PLEURAL EFFUSIONS,NEW,,PET/CT
TM_ASSESS_NONTAR,01-10,4.0,1,20090720.0,N,MAXIS-08,LYMPH,BASELINE,1,0,C008_408,1,RIGHT NECK,,,
TM_ASSESS_NONTAR,01-10,4.0,2,20090720.0,N,MAXIS-08,LUNG,BASELINE,1,0,C008_408,2,RIGHT LOBE HYPOVASCULAR,,,
TM_ASSESS_NONTAR,01-10,4.0,1,20090831.0,N,MAXIS-08,LYMPH,END OF CYCLE 1,9,0,C008_408,1,RIGHT NECK,NON-CR/NON-PD,,
TM_ASSESS_NONTAR,01-10,4.0,2,20090831.0,N,MAXIS-08,LUNG,END OF CYCLE 1,9,0,C008_408,2,RIGHT LOBE HYPOVASCULAR,NON-CR/NON-PD,,
TM_ASSESS_NONTAR,01-10,4.0,1,20091016.0,N,MAXIS-08,LYMPH,END OF CYCLE 2,17,0,C008_408,1,RIGHT NECK,NON-CR/NON-PD,,
TM_ASSESS_NONTAR,01-10,4.0,2,20091016.0,N,MAXIS-08,LUNG,END OF CYCLE 2,17,0,C008_408,2,RIGHT LOBE HYPOVASCULAR,NON-CR/NON-PD,,
TM_ASSESS_NONTAR,01-10,4.0,1,20091210.0,N,MAXIS-08,LYMPH,END OF CYCLE 3,25,0,C008_408,1,RIGHT NECK,NON-CR/NON-PD,,
TM_ASSESS_NONTAR,01-10,4.0,2,20091210.0,N,MAXIS-08,LUNG,END OF CYCLE 3,25,0,C008_408,2,RIGHT LOBE HYPOVASCULAR,NON-CR/NON-PD,,
TM_ASSESS_NONTAR,01-10,4.0,1,20100208.0,N,MAXIS-08,LYMPH,OFF-STUDY,998,0,C008_408,1,RIGHT NECK,NON-CR/NON-PD,,
TM_ASSESS_NONTAR,01-10,4.0,2,20100208.0,N,MAXIS-08,LUNG,OFF-STUDY,998,0,C008_408,2,RIGHT LOBE HYPOVASCULAR,NON-CR/NON-PD,,
TM_ASSESS_NONTAR,01-10,4.0,3,20100208.0,N,MAXIS-08,LIVER,OFF-STUDY,998,0,C008_408,3,RIGHT HEPATIC LOBE MASS,NEW,,
TM_ASSESS_NONTAR,01-12,88.0,1,20090831.0,Y,MAXIS-08,OTHER,BASELINE,1,0,C008_408,1,SKULL VERTEX,,BONE,PET/CT
TM_ASSESS_NONTAR,01-12,88.0,2,20090831.0,Y,MAXIS-08,OTHER,BASELINE,1,0,C008_408,2,T9 VERTEBRAE,,BONE,PET/CT
TM_ASSESS_NONTAR,01-12,88.0,3,20090831.0,Y,MAXIS-08,OTHER,BASELINE,1,0,C008_408,3,T10 VERTEBRAE,,BONE,PET/CT
TM_ASSESS_NONTAR,01-12,88.0,4,20090831.0,N,MAXIS-08,OTHER,BASELINE,1,0,C008_408,4,ENTIRE LUMBAR VERTEBRAE,,BONE,PET/CT
TM_ASSESS_NONTAR,01-12,88.0,5,20090831.0,N,MAXIS-08,OTHER,BASELINE,1,0,C008_408,5,BILATERAL ILIAC,,BONE,PET/CT
TM_ASSESS_NONTAR,01-12,88.0,6,20090831.0,N,MAXIS-08,OTHER,BASELINE,1,0,C008_408,6,ENTIRE CERVICAL SPINE,,BONE,PET/CT
TM_ASSESS_NONTAR,01-12,88.0,7,20090831.0,Y,MAXIS-08,OTHER,BASELINE,1,0,C008_408,7,ENTIRE THORACIC SPINE,,BONE,PET/CT
TM_ASSESS_NONTAR,01-12,88.0,8,20090831.0,N,MAXIS-08,OTHER,BASELINE,1,0,C008_408,8,PELVIC BONE,,BONE,PET/CT
TM_ASSESS_NONTAR,01-12,88.0,9,20090831.0,N,MAXIS-08,OTHER,BASELINE,1,0,C008_408,9,BILATERAL HUMERIC STERNUM,,BONE,PET/CT
TM_ASSESS_NONTAR,01-12,88.0,10,20090831.0,N,MAXIS-08,OTHER,BASELINE,1,0,C008_408,10,BILATERAL RIBS,,BONE,PET/CT
TM_ASSESS_NONTAR,01-12,88.0,11,20090831.0,N,MAXIS-08,OTHER,BASELINE,1,0,C008_408,11,LEFT FRONTAL SKULL,,BONE,PET/CT
TM_ASSESS_NONTAR,01-13,4.0,1,20090924.0,N,MAXIS-08,LUNG,BASELINE,1,0,C008_408,1,RIGHT AND LEFT LUNG FIELDS,,,
TM_ASSESS_NONTAR,01-13,,1,,,MAXIS-08,,OFF-STUDY,998,0,C008_408,1,RIGHT AND LEFT LUNG FIELDS,,,
TM_ASSESS_NONTAR,01-13,5.0,2,20091023.0,N,MAXIS-08,OTHER,OFF-STUDY,998,0,C008_408,2,DURAL ENHANCEMENT,NEW,BRAIN,
TM_ASSESS_NONTAR,01-14,4.0,1,20100115.0,N,MAXIS-08,LUNG,OFF-STUDY,998,0,C008_408,1,PULMONARY NODULES,NEW,,
TM_ASSESS_NONTAR,01-15,4.0,1,20100323.0,N,MAXIS-08,LUNG,BASELINE,1,0,C008_408,1,RIGHT MIDDLE LOBE AND LEFT LUNG BASE,,,
TM_ASSESS_NONTAR,01-15,5.0,2,20100323.0,Y,MAXIS-08,OTHER,BASELINE,1,0,C008_408,2,RIGHT FRONTAL REGION OVER ORBIT,,SINUS,
TM_ASSESS_NONTAR,01-15,5.0,3,20100323.0,Y,MAXIS-08,OTHER,BASELINE,1,0,C008_408,3,SPHENOID SINUS LESION,,SINUS,
TM_ASSESS_NONTAR,01-15,4.0,1,20100510.0,N,MAXIS-08,LUNG,END OF CYCLE 1,9,0,C008_408,1,RIGHT MIDDLE LOBE AND LEFT LUNG BASE,NON-CR/NON-PD,,
TM_ASSESS_NONTAR,01-15,5.0,2,20100510.0,Y,MAXIS-08,OTHER,END OF CYCLE 1,9,0,C008_408,2,RIGHT FRONTAL REGION OVER ORBIT,NON-CR/NON-PD,SINUS,
TM_ASSESS_NONTAR,01-15,5.0,3,20100510.0,Y,MAXIS-08,OTHER,END OF CYCLE 1,9,0,C008_408,3,SPHENOID SINUS LESION,NON-CR/NON-PD,SINUS,
TM_ASSESS_NONTAR,01-16,5.0,1,20100610.0,Y,MAXIS-08,OTHER,BASELINE,1,0,C008_408,1,RIGHT FRONTAL TEMPORAL,,BRAIN,
TM_ASSESS_NONTAR,01-16,5.0,2,20100610.0,Y,MAXIS-08,OTHER,BASELINE,1,0,C008_408,2,LEFT POSTEROPARIETAL,,BRAIN,
TM_ASSESS_NONTAR,01-16,4.0,3,20100608.0,N,MAXIS-08,LUNG,BASELINE,1,0,C008_408,3,RIGHT NODULES,,,
TM_ASSESS_NONTAR,01-16,4.0,4,20100608.0,N,MAXIS-08,LIVER,BASELINE,1,0,C008_408,4,LEFT LOBE LESIONS,,,
TM_ASSESS_NONTAR,01-16,5.0,1,20100729.0,Y,MAXIS-08,OTHER,OFF-STUDY,998,0,C008_408,1,RIGHT FRONTAL TEMPORAL,NON-CR/NON-PD,BRAIN,
TM_ASSESS_NONTAR,01-16,5.0,2,20100729.0,Y,MAXIS-08,OTHER,OFF-STUDY,998,0,C008_408,2,LEFT POSTEROPARIETAL,NON-CR/NON-PD,BRAIN,
TM_ASSESS_NONTAR,01-16,4.0,3,20100803.0,N,MAXIS-08,LUNG,OFF-STUDY,998,0,C008_408,3,RIGHT NODULES,NON-CR/NON-PD,,
TM_ASSESS_NONTAR,01-16,4.0,4,20100803.0,N,MAXIS-08,LIVER,OFF-STUDY,998,0,C008_408,4,LEFT LOBE LESIONS,NON-CR/NON-PD,,
