﻿MHQSN4,MHQSN3,PT,MHQSN5,HISTODES,HISTLDES,FLAG,HISTBDES,MHDT,STUDY,SITEDESC,HISTOLOG,SITEREC
STOMACH,INFILTRATING POORLY DIFFERENTIATED GASTRIC ADENOCARCINOMA,01-01,GASTRIC,"ADENOCARCINOMA, NOS","ADENOCARCINOMA, NOS",!,"Adenocarcinoma, NOS",20080418,MAXIS-08,STOMACH,814,"C160-C166,C168-C169"
LIVER,MODERATELY TO POORLY DIFFERENTIATED HEPATOCELLULAR CARCINOMA,01-02,LIVER,"HEPATOCELLULAR CARCINOMA, NOS","HEPATOCELLULAR CARCINOMA, NOS",,"Hepatocellular carcinoma, NOS",20070524,MAXIS-08,LIVER,817,C220
RIGHT BREAST,"INVASIVE DUCTAL CARCINOMA, HIGH GRADE, WITH LYMPHATIC INVASION",01-03,BREAST,DUCT CARCINOMA,DUCT CARCINOMA,,"Infiltrating duct carcinoma, NOS",20061227,MAXIS-08,BREAST,850,"C500-C506,C508-C509"
LEFT BREAST,INFILTRATING DUCTAL CARCINOMA,01-04,BREAST,DUCT CARCINOMA,DUCT CARCINOMA,,"Infiltrating duct carcinoma, NOS",20041208,MAXIS-08,BREAST,850,"C500-C506,C508-C509"
"RIGHT LUNG MASS, OMENTAL MASS",POORLY-DIFFERENTIATED HEPATOCELLULAR CARCINOMA,01-05,LIVER,"HEPATOCELLULAR CARCINOMA, NOS","HEPATOCELLULAR CARCINOMA, NOS",,"Hepatocellular carcinoma, NOS",20070604,MAXIS-08,LIVER,817,C220
"ANTERIOR WALL OF THE RECTUM, LUNG, LIVER, SKELETON, BONE",DESMOPLASTIC SMALL ROUND CELL TUMOR,01-06,ABDOMEN,"SARCOMA, NOS","SARCOMA, NOS",,Desmoplastic small round cell tumor,20030814,MAXIS-08,RETROPERITONEUM & PERITONEUM,880,"C480-C482,C488"
LEFT HILAR LUNG MASS,POORLY DIFFERENTIATED CARCINOMA,01-07,HEPATOCELLULAR,"HEPATOCELLULAR CARCINOMA, NOS","HEPATOCELLULAR CARCINOMA, NOS",,"Hepatocellular carcinoma, NOS",20080904,MAXIS-08,LIVER,817,C220
"LIVER, PULMONARY",WELL DIFFERENTIATED ADENOCARCINOMA,01-08,GALLBLADDER,"ADENOCARCINOMA, NOS","ADENOCARCINOMA, NOS",!,"Adenocarcinoma, NOS",20061130,MAXIS-08,GALLBLADDER & EXTRAHEPATIC BILE DUCTS,814,"C239-C241,C248-C249"
LIVER,METASTATIC ADENOCARCINOMA COMPATIBLE WITH PANCREATIC ORIGIN,01-09,PANCREAS,"ADENOCARCINOMA, NOS","ADENOCARCINOMA, NOS",!,"Adenocarcinoma, NOS",20080515,MAXIS-08,PANCREAS,814,"C250-C254,C257-C259"
LEFT PELVIC WALL,POORLY DIFFERENTIATED ADENOCARCINOMA WITH NEUROENDOCRINE FEATURES,01-10,COLON,"ADENOCARCINOMA, NOS","ADENOCARCINOMA, NOS",!,"Adenocarcinoma, NOS",200008,MAXIS-08,"LARGE INTESTINE, (EXCL. APPENDIX)",814,"C180, C182-C189, C199"
"RIGHT SIDED, PANCREAS, LIVER",CLEAR CELL CARCINOMA,01-11,RENAL CELL,"CLEAR CELL ADENOCARCINOMA, NOS","CLEAR CELL ADENOCARCINOMA, NOS",!,"Clear cell adenocarcinoma, NOS",1998,MAXIS-08,KIDNEY,831,C649
RIGHT,"DUCTAL CARCINOMA, ER(+), HER2/NEU(+)",01-12,BREAST,DUCT CARCINOMA,DUCT CARCINOMA,,"Infiltrating duct carcinoma, NOS",19991129,MAXIS-08,BREAST,850,"C500-C506,C508-C509"
"RIGHT BREAST, LUNG, LIVER, BONE","INVASIVE DUCTAL CARCINOMA, POORLY DIFFERENTIATED WITH FOCAL LYMPHATIC INVASION",01-13,BREAST,DUCT CARCINOMA,DUCT CARCINOMA,,"Infiltrating duct carcinoma, NOS",19960312,MAXIS-08,BREAST,850,"C500-C506,C508-C509"
"RIGHT COLON, LYMPH NODES, ABD SOFT TISSUE MASS","ADENOCARCINOMA, MODERATELY DIFFERENTIATED",01-14,COLON/APPENDIX,"ADENOCARCINOMA, NOS","ADENOCARCINOMA, NOS",!,"Adenocarcinoma, NOS",20050811,MAXIS-08,"LARGE INTESTINE, (EXCL. APPENDIX)",814,"C180, C182-C189, C199"
NASAL CAVITY,ADENOID CYSTIC CARCINOMA AND MONOMORPHIC ADENOMA,01-15,LEFT MAXILLARY SINUS,ADENOID CYSTIC & CRIBRIFORM CA.,ADENOID CYSTIC & CRIBRIFORM CA.,,Adenoid cystic carcinoma,19961009,MAXIS-08,"ACCESSORY, SINUSES, MIDDLE & INNER EAR",820,"C301, C310-C313,C318-C319"
LEFT BREAST,POORLY DIFFERENTIATED INFILTRATING DUCTAL CARCINOMA WITH APOCRINE FEATURES,01-16,BREAST,DUCT CARCINOMA,DUCT CARCINOMA,,"Infiltrating duct carcinoma, NOS",19971216,MAXIS-08,BREAST,850,"C500-C506,C508-C509"
