﻿STUDY,PT,CPEVENT,DCMNAME,VISIT,SUBEVE,REPEATSN,INVSITE
MAXIS-08,01-01,NON-VISIT,PK,999,0,1,C008_408
MAXIS-08,01-02,NON-VISIT,PK,999,0,1,C008_408
MAXIS-08,01-03,NON-VISIT,PK,999,0,1,C008_408
MAXIS-08,01-04,NON-VISIT,PK,999,0,1,C008_408
MAXIS-08,01-05,NON-VISIT,PK,999,0,1,C008_408
MAXIS-08,01-06,NON-VISIT,PK,999,0,1,C008_408
MAXIS-08,01-07,NON-VISIT,PK,999,0,1,C008_408
MAXIS-08,01-08,NON-VISIT,PK,999,0,1,C008_408
MAXIS-08,01-09,NON-VISIT,PK,999,0,1,C008_408
MAXIS-08,01-10,NON-VISIT,PK,999,0,1,C008_408
MAXIS-08,01-11,NON-VISIT,PK,999,0,1,C008_408
MAXIS-08,01-12,NON-VISIT,PK,999,0,1,C008_408
MAXIS-08,01-13,NON-VISIT,PK,999,0,1,C008_408
MAXIS-08,01-14,NON-VISIT,PK,999,0,1,C008_408
MAXIS-08,01-15,NON-VISIT,PK,999,0,1,C008_408
MAXIS-08,01-16,NON-VISIT,PK,999,0,1,C008_408
