﻿STUDY,DCMNAME,PT,CPEVENT,VISIT,QSQSN,REPEATSN,SUBEVE,INVSITE,QSSCC
MAXIS-08,QS_EORTC,01-15,QUESTIONNAIRE,996,31,1,0,C008_408,2.0
MAXIS-08,QS_EORTC,01-15,QUESTIONNAIRE,996,32,2,0,C008_408,2.0
MAXIS-08,QS_EORTC,01-15,QUESTIONNAIRE,996,33,3,0,C008_408,1.0
MAXIS-08,QS_EORTC,01-15,QUESTIONNAIRE,996,34,4,0,C008_408,2.0
MAXIS-08,QS_EORTC,01-15,QUESTIONNAIRE,996,35,5,0,C008_408,1.0
MAXIS-08,QS_EORTC,01-15,QUESTIONNAIRE,996,36,6,0,C008_408,1.0
MAXIS-08,QS_EORTC,01-15,QUESTIONNAIRE,996,37,7,0,C008_408,1.0
MAXIS-08,QS_EORTC,01-15,QUESTIONNAIRE,996,38,8,0,C008_408,1.0
MAXIS-08,QS_EORTC,01-15,QUESTIONNAIRE,996,39,9,0,C008_408,1.0
MAXIS-08,QS_EORTC,01-15,QUESTIONNAIRE,996,40,10,0,C008_408,1.0
MAXIS-08,QS_EORTC,01-15,QUESTIONNAIRE,996,41,11,0,C008_408,1.0
MAXIS-08,QS_EORTC,01-15,QUESTIONNAIRE,996,42,12,0,C008_408,1.0
MAXIS-08,QS_EORTC,01-15,QUESTIONNAIRE,996,43,13,0,C008_408,1.0
MAXIS-08,QS_EORTC,01-15,QUESTIONNAIRE,996,44,14,0,C008_408,1.0
MAXIS-08,QS_EORTC,01-15,QUESTIONNAIRE,996,45,15,0,C008_408,1.0
MAXIS-08,QS_EORTC,01-15,QUESTIONNAIRE,996,46,16,0,C008_408,2.0
MAXIS-08,QS_EORTC,01-15,QUESTIONNAIRE,996,47,17,0,C008_408,2.0
MAXIS-08,QS_EORTC,01-15,QUESTIONNAIRE,996,48,18,0,C008_408,2.0
MAXIS-08,QS_EORTC,01-15,QUESTIONNAIRE,996,49,19,0,C008_408,1.0
MAXIS-08,QS_EORTC,01-15,QUESTIONNAIRE,996,50,20,0,C008_408,1.0
MAXIS-08,QS_EORTC,01-15,QUESTIONNAIRE,996,31,1,1,C008_408,2.0
MAXIS-08,QS_EORTC,01-15,QUESTIONNAIRE,996,32,2,1,C008_408,2.0
MAXIS-08,QS_EORTC,01-15,QUESTIONNAIRE,996,33,3,1,C008_408,2.0
MAXIS-08,QS_EORTC,01-15,QUESTIONNAIRE,996,34,4,1,C008_408,2.0
MAXIS-08,QS_EORTC,01-15,QUESTIONNAIRE,996,35,5,1,C008_408,1.0
MAXIS-08,QS_EORTC,01-15,QUESTIONNAIRE,996,36,6,1,C008_408,1.0
MAXIS-08,QS_EORTC,01-15,QUESTIONNAIRE,996,37,7,1,C008_408,1.0
MAXIS-08,QS_EORTC,01-15,QUESTIONNAIRE,996,38,8,1,C008_408,2.0
MAXIS-08,QS_EORTC,01-15,QUESTIONNAIRE,996,39,9,1,C008_408,1.0
MAXIS-08,QS_EORTC,01-15,QUESTIONNAIRE,996,40,10,1,C008_408,1.0
MAXIS-08,QS_EORTC,01-15,QUESTIONNAIRE,996,41,11,1,C008_408,1.0
MAXIS-08,QS_EORTC,01-15,QUESTIONNAIRE,996,42,12,1,C008_408,1.0
MAXIS-08,QS_EORTC,01-15,QUESTIONNAIRE,996,43,13,1,C008_408,1.0
MAXIS-08,QS_EORTC,01-15,QUESTIONNAIRE,996,44,14,1,C008_408,1.0
MAXIS-08,QS_EORTC,01-15,QUESTIONNAIRE,996,45,15,1,C008_408,
MAXIS-08,QS_EORTC,01-15,QUESTIONNAIRE,996,46,16,1,C008_408,
MAXIS-08,QS_EORTC,01-15,QUESTIONNAIRE,996,47,17,1,C008_408,
MAXIS-08,QS_EORTC,01-15,QUESTIONNAIRE,996,48,18,1,C008_408,
MAXIS-08,QS_EORTC,01-15,QUESTIONNAIRE,996,49,19,1,C008_408,
MAXIS-08,QS_EORTC,01-15,QUESTIONNAIRE,996,50,20,1,C008_408,
MAXIS-08,QS_EORTC,01-15,QUESTIONNAIRE,996,31,1,2,C008_408,2.0
MAXIS-08,QS_EORTC,01-15,QUESTIONNAIRE,996,32,2,2,C008_408,2.0
MAXIS-08,QS_EORTC,01-15,QUESTIONNAIRE,996,33,3,2,C008_408,2.0
MAXIS-08,QS_EORTC,01-15,QUESTIONNAIRE,996,34,4,2,C008_408,2.0
MAXIS-08,QS_EORTC,01-15,QUESTIONNAIRE,996,35,5,2,C008_408,1.0
MAXIS-08,QS_EORTC,01-15,QUESTIONNAIRE,996,36,6,2,C008_408,1.0
MAXIS-08,QS_EORTC,01-15,QUESTIONNAIRE,996,37,7,2,C008_408,2.0
MAXIS-08,QS_EORTC,01-15,QUESTIONNAIRE,996,38,8,2,C008_408,1.0
MAXIS-08,QS_EORTC,01-15,QUESTIONNAIRE,996,39,9,2,C008_408,1.0
MAXIS-08,QS_EORTC,01-15,QUESTIONNAIRE,996,40,10,2,C008_408,1.0
MAXIS-08,QS_EORTC,01-15,QUESTIONNAIRE,996,41,11,2,C008_408,1.0
MAXIS-08,QS_EORTC,01-15,QUESTIONNAIRE,996,42,12,2,C008_408,1.0
MAXIS-08,QS_EORTC,01-15,QUESTIONNAIRE,996,43,13,2,C008_408,1.0
MAXIS-08,QS_EORTC,01-15,QUESTIONNAIRE,996,44,14,2,C008_408,1.0
MAXIS-08,QS_EORTC,01-15,QUESTIONNAIRE,996,45,15,2,C008_408,1.0
MAXIS-08,QS_EORTC,01-15,QUESTIONNAIRE,996,46,16,2,C008_408,1.0
MAXIS-08,QS_EORTC,01-15,QUESTIONNAIRE,996,47,17,2,C008_408,1.0
MAXIS-08,QS_EORTC,01-15,QUESTIONNAIRE,996,48,18,2,C008_408,1.0
MAXIS-08,QS_EORTC,01-15,QUESTIONNAIRE,996,49,19,2,C008_408,1.0
MAXIS-08,QS_EORTC,01-15,QUESTIONNAIRE,996,50,20,2,C008_408,1.0
MAXIS-08,QS_EORTC,01-16,QUESTIONNAIRE,996,31,1,0,C008_408,1.0
MAXIS-08,QS_EORTC,01-16,QUESTIONNAIRE,996,32,2,0,C008_408,1.0
MAXIS-08,QS_EORTC,01-16,QUESTIONNAIRE,996,33,3,0,C008_408,1.0
MAXIS-08,QS_EORTC,01-16,QUESTIONNAIRE,996,34,4,0,C008_408,1.0
MAXIS-08,QS_EORTC,01-16,QUESTIONNAIRE,996,35,5,0,C008_408,1.0
MAXIS-08,QS_EORTC,01-16,QUESTIONNAIRE,996,36,6,0,C008_408,1.0
MAXIS-08,QS_EORTC,01-16,QUESTIONNAIRE,996,37,7,0,C008_408,1.0
MAXIS-08,QS_EORTC,01-16,QUESTIONNAIRE,996,38,8,0,C008_408,1.0
MAXIS-08,QS_EORTC,01-16,QUESTIONNAIRE,996,39,9,0,C008_408,1.0
MAXIS-08,QS_EORTC,01-16,QUESTIONNAIRE,996,40,10,0,C008_408,1.0
MAXIS-08,QS_EORTC,01-16,QUESTIONNAIRE,996,41,11,0,C008_408,1.0
MAXIS-08,QS_EORTC,01-16,QUESTIONNAIRE,996,42,12,0,C008_408,1.0
MAXIS-08,QS_EORTC,01-16,QUESTIONNAIRE,996,43,13,0,C008_408,1.0
MAXIS-08,QS_EORTC,01-16,QUESTIONNAIRE,996,44,14,0,C008_408,1.0
MAXIS-08,QS_EORTC,01-16,QUESTIONNAIRE,996,45,15,0,C008_408,1.0
MAXIS-08,QS_EORTC,01-16,QUESTIONNAIRE,996,46,16,0,C008_408,1.0
MAXIS-08,QS_EORTC,01-16,QUESTIONNAIRE,996,47,17,0,C008_408,1.0
MAXIS-08,QS_EORTC,01-16,QUESTIONNAIRE,996,48,18,0,C008_408,1.0
MAXIS-08,QS_EORTC,01-16,QUESTIONNAIRE,996,49,19,0,C008_408,1.0
MAXIS-08,QS_EORTC,01-16,QUESTIONNAIRE,996,50,20,0,C008_408,
MAXIS-08,QS_EORTC,01-16,QUESTIONNAIRE,996,31,1,1,C008_408,1.0
MAXIS-08,QS_EORTC,01-16,QUESTIONNAIRE,996,32,2,1,C008_408,1.0
MAXIS-08,QS_EORTC,01-16,QUESTIONNAIRE,996,33,3,1,C008_408,1.0
MAXIS-08,QS_EORTC,01-16,QUESTIONNAIRE,996,34,4,1,C008_408,1.0
MAXIS-08,QS_EORTC,01-16,QUESTIONNAIRE,996,35,5,1,C008_408,1.0
MAXIS-08,QS_EORTC,01-16,QUESTIONNAIRE,996,36,6,1,C008_408,1.0
MAXIS-08,QS_EORTC,01-16,QUESTIONNAIRE,996,37,7,1,C008_408,1.0
MAXIS-08,QS_EORTC,01-16,QUESTIONNAIRE,996,38,8,1,C008_408,1.0
MAXIS-08,QS_EORTC,01-16,QUESTIONNAIRE,996,39,9,1,C008_408,1.0
MAXIS-08,QS_EORTC,01-16,QUESTIONNAIRE,996,40,10,1,C008_408,1.0
MAXIS-08,QS_EORTC,01-16,QUESTIONNAIRE,996,41,11,1,C008_408,1.0
MAXIS-08,QS_EORTC,01-16,QUESTIONNAIRE,996,42,12,1,C008_408,1.0
MAXIS-08,QS_EORTC,01-16,QUESTIONNAIRE,996,43,13,1,C008_408,1.0
MAXIS-08,QS_EORTC,01-16,QUESTIONNAIRE,996,44,14,1,C008_408,1.0
MAXIS-08,QS_EORTC,01-16,QUESTIONNAIRE,996,45,15,1,C008_408,1.0
MAXIS-08,QS_EORTC,01-16,QUESTIONNAIRE,996,46,16,1,C008_408,1.0
MAXIS-08,QS_EORTC,01-16,QUESTIONNAIRE,996,47,17,1,C008_408,1.0
MAXIS-08,QS_EORTC,01-16,QUESTIONNAIRE,996,48,18,1,C008_408,1.0
MAXIS-08,QS_EORTC,01-16,QUESTIONNAIRE,996,49,19,1,C008_408,1.0
MAXIS-08,QS_EORTC,01-16,QUESTIONNAIRE,996,50,20,1,C008_408,
