﻿STUDY,CPEVENT,DCMNAME,PT,VISIT,MDANYL,SUBEVE,REPEATSN,INVSITE,MDSTDT,MDEDDT,MDUNIT,MDQSN2,MDIND,MDQSN1,MDQSN3,MDQSNL3,DSN
MAXIS-08,BASELINE,MD_RADIATION_MED,01-01,1,NO PRIOR RADIATION THERAPY,0,1,C008_408,,,,,,,,,
MAXIS-08,BASELINE,MD_RADIATION_MED,01-02,1,NO PRIOR RADIATION THERAPY,0,1,C008_408,,,,,,,,,
MAXIS-08,BASELINE,MD_RADIATION_MED,01-03,1,,0,1,C008_408,20080515.0,20080605.0,CGY/RAD,15.0,P,RIGHT CHEST WALL,PA,PALLIATIVE,3000.0
MAXIS-08,BASELINE,MD_RADIATION_MED,01-03,1,,0,2,C008_408,20080422.0,20080515.0,CGY/RAD,15.0,P,RIGHT BREAST,PA,PALLIATIVE,3000.0
MAXIS-08,BASELINE,MD_RADIATION_MED,01-04,1,NO PRIOR RADIATION THERAPY,0,1,C008_408,,,,,,,,,
MAXIS-08,BASELINE,MD_RADIATION_MED,01-05,1,NO PRIOR RADIATION THERAPY,0,1,C008_408,,,,,,,,,
MAXIS-08,BASELINE,MD_RADIATION_MED,01-06,1,,0,1,C008_408,200905.0,20090602.0,,15.0,C,SACRO/RECTAL,PD,PROGRESSIVE DISEASE,
MAXIS-08,BASELINE,MD_RADIATION_MED,01-06,1,,0,2,C008_408,200905.0,20090602.0,,17.0,C,CERVICAL AREA,PD,PROGRESSIVE DISEASE,
MAXIS-08,BASELINE,MD_RADIATION_MED,01-07,1,,0,1,C008_408,20081009.0,20081023.0,CGY/RAD,10.0,P,LEFT LUNG,SD,STABLE DISEASE,3000.0
MAXIS-08,BASELINE,MD_RADIATION_MED,01-08,1,NO PRIOR RADIATION THERAPY,0,1,C008_408,,,,,,,,,
MAXIS-08,BASELINE,MD_RADIATION_MED,01-09,1,NO PRIOR RADIATION THERAPY,0,1,C008_408,,,,,,,,,
MAXIS-08,BASELINE,MD_RADIATION_MED,01-10,1,,0,1,C008_408,200109.0,200110.0,CGY/RAD,,C,LEFT LATERAL PELVIS,PD,PROGRESSIVE DISEASE,4490.0
MAXIS-08,BASELINE,MD_RADIATION_MED,01-10,1,,0,2,C008_408,200609.0,200609.0,,,,TUMOR BED IN ABDOMEN,,,
MAXIS-08,BASELINE,MD_RADIATION_MED,01-10,1,,0,3,C008_408,200701.0,2007.0,,10.0,,LIVER,,,
MAXIS-08,BASELINE,MD_RADIATION_MED,01-11,1,NO PRIOR RADIATION THERAPY,0,1,C008_408,,,,,,,,,
MAXIS-08,BASELINE,MD_RADIATION_MED,01-12,1,,0,1,C008_408,20090114.0,20090121.0,CGY/RAD,10.0,P,SPINE-T9-T12,PD,PROGRESSIVE DISEASE,3000.0
MAXIS-08,BASELINE,MD_RADIATION_MED,01-12,1,,0,2,C008_408,200810.0,20081021.0,CGY/RAD,,P,RIGHT ACETABULUM,PD,PROGRESSIVE DISEASE,3250.0
MAXIS-08,BASELINE,MD_RADIATION_MED,01-13,1,,0,1,C008_408,19960411.0,199605.0,CGY/RAD,,A,RIGHT BREAST,,NOT APPLICABLE(IF NEOADJUVANT OR ADJUVANT REGIMEN),4680.0
MAXIS-08,BASELINE,MD_RADIATION_MED,01-14,1,NO PRIOR RADIATION THERAPY,0,1,C008_408,,,,,,,,,
MAXIS-08,BASELINE,MD_RADIATION_MED,01-15,1,,0,1,C008_408,19971016.0,19971223.0,,,,HYPERBARIC CHAMBER,,,
MAXIS-08,BASELINE,MD_RADIATION_MED,01-16,1,,0,1,C008_408,20011009.0,20011114.0,CGY/RAD,25.0,A,LEFT BREAST/CHEST WALL,,NOT APPLICABLE(IF NEOADJUVANT OR ADJUVANT REGIMEN),4500.0
MAXIS-08,BASELINE,MD_RADIATION_MED,01-16,1,,0,2,C008_408,20011015.0,20011120.0,CGY/RAD,25.0,A,LEFT SUPRACLAVICULAR FOSSA,,NOT APPLICABLE(IF NEOADJUVANT OR ADJUVANT REGIMEN),4500.0
MAXIS-08,BASELINE,MD_RADIATION_MED,01-16,1,,0,3,C008_408,20011119.0,20011207.0,CGY/RAD,9.0,C,LEFT RECONSTRUCTED BREAST,PD,PROGRESSIVE DISEASE,6120.0
MAXIS-08,BASELINE,MD_RADIATION_MED,01-16,1,,0,4,C008_408,20030507.0,20030617.0,CGY/RAD,,C,STERNAL BONE,PD,PROGRESSIVE DISEASE,5040.0
MAXIS-08,BASELINE,MD_RADIATION_MED,01-16,1,,0,5,C008_408,20080612.0,20080703.0,GY,14.0,C,BRAIN,PD,PROGRESSIVE DISEASE,35.0
