﻿STUDY,TMRSPN,TMRSPO,DCMNAME,PT,CPEVENT,VISIT,TMDT1,REPEATSN,SUBEVE,INVSITE,TMRSPT,TMDT2
MAXIS-08,PD,PD,TM_ASSESS_RESP,01-01,END OF CYCLE 1,9,20081009.0,1,0,C008_408,,
MAXIS-08,,PD,TM_ASSESS_RESP,01-02,END OF CYCLE 1,9,20090202.0,1,0,C008_408,PD,
MAXIS-08,,SYMPTOMATIC DETERIORATION,TM_ASSESS_RESP,01-03,END OF CYCLE 1,9,,1,0,C008_408,,20090202.0
MAXIS-08,,SD,TM_ASSESS_RESP,01-04,END OF CYCLE 1,9,20090320.0,1,0,C008_408,SD,
MAXIS-08,,PR,TM_ASSESS_RESP,01-04,END OF CYCLE 2,17,20090501.0,1,0,C008_408,PR,
MAXIS-08,,PR,TM_ASSESS_RESP,01-04,END OF CYCLE 3,25,20090619.0,1,0,C008_408,PR,
MAXIS-08,,PR,TM_ASSESS_RESP,01-04,END OF CYCLE 4,33,20090731.0,1,0,C008_408,PR,
MAXIS-08,PD,PD,TM_ASSESS_RESP,01-04,END OF CYCLE 5,41,20090911.0,1,0,C008_408,PR,
MAXIS-08,PD,PD,TM_ASSESS_RESP,01-05,END OF CYCLE 1,9,20090710.0,1,0,C008_408,PD,
MAXIS-08,SD,SD,TM_ASSESS_RESP,01-06,END OF CYCLE 1,9,20090720.0,1,0,C008_408,SD,
MAXIS-08,PD,PD,TM_ASSESS_RESP,01-06,END OF CYCLE 2,17,20090812.0,1,0,C008_408,SD,
MAXIS-08,PD,PD,TM_ASSESS_RESP,01-07,END OF CYCLE 1,9,20090803.0,1,0,C008_408,SD,
MAXIS-08,PD,PD,TM_ASSESS_RESP,01-08,END OF CYCLE 1,9,20090818.0,1,0,C008_408,,
MAXIS-08,PD,PD,TM_ASSESS_RESP,01-09,END OF CYCLE 1,9,20090824.0,1,0,C008_408,,
MAXIS-08,SD,SD,TM_ASSESS_RESP,01-10,END OF CYCLE 1,9,20090831.0,1,0,C008_408,SD,
MAXIS-08,SD,SD,TM_ASSESS_RESP,01-10,END OF CYCLE 2,17,20091016.0,1,0,C008_408,SD,
MAXIS-08,SD,SD,TM_ASSESS_RESP,01-10,END OF CYCLE 3,25,20091210.0,1,0,C008_408,SD,
MAXIS-08,PD,PD,TM_ASSESS_RESP,01-10,END OF CYCLE 4,33,20100208.0,1,0,C008_408,SD,
MAXIS-08,,SD,TM_ASSESS_RESP,01-11,END OF CYCLE 1,9,20090902.0,1,0,C008_408,SD,
MAXIS-08,,SD,TM_ASSESS_RESP,01-11,END OF CYCLE 2,17,20091013.0,1,0,C008_408,SD,
MAXIS-08,,SD,TM_ASSESS_RESP,01-11,END OF CYCLE 3,25,20091201.0,1,0,C008_408,SD,
MAXIS-08,,SD,TM_ASSESS_RESP,01-11,END OF CYCLE 4,33,20100112.0,1,0,C008_408,SD,
MAXIS-08,,SYMPTOMATIC DETERIORATION,TM_ASSESS_RESP,01-12,END OF CYCLE 1,9,,1,0,C008_408,,20090914.0
MAXIS-08,PD,PD,TM_ASSESS_RESP,01-13,END OF CYCLE 1,9,20091023.0,1,0,C008_408,,
MAXIS-08,,SD,TM_ASSESS_RESP,01-14,END OF CYCLE 1,9,20091204.0,1,0,C008_408,SD,
MAXIS-08,PD,PD,TM_ASSESS_RESP,01-14,END OF CYCLE 2,17,20100108.0,1,0,C008_408,SD,
MAXIS-08,SD,SD,TM_ASSESS_RESP,01-15,END OF CYCLE 1,9,20100510.0,1,0,C008_408,SD,
MAXIS-08,SD,PD,TM_ASSESS_RESP,01-16,END OF CYCLE 1,9,20100803.0,1,0,C008_408,PD,
