﻿STUDY,SDT,DCMNAME,PT,CPEVENT,VISIT,SMQSN,REPEATSN,SUBEVE,INVSITE
MAXIS-08,20080826,SM_STOOL,01-01,BASELINE,1,NEGATIVE,1,0,C008_408
MAXIS-08,20081223,SM_STOOL,01-02,BASELINE,1,NEGATIVE,1,0,C008_408
MAXIS-08,20090122,SM_STOOL,01-03,BASELINE,1,NEGATIVE,1,0,C008_408
MAXIS-08,20090206,SM_STOOL,01-04,BASELINE,1,NEGATIVE,1,0,C008_408
MAXIS-08,20090528,SM_STOOL,01-05,BASELINE,1,NEGATIVE,1,0,C008_408
MAXIS-08,20090605,SM_STOOL,01-06,BASELINE,1,NEGATIVE,1,0,C008_408
MAXIS-08,20090625,SM_STOOL,01-07,BASELINE,1,NEGATIVE,1,0,C008_408
MAXIS-08,20090708,SM_STOOL,01-08,BASELINE,1,NEGATIVE,1,0,C008_408
MAXIS-08,20090715,SM_STOOL,01-09,BASELINE,1,NEGATIVE,1,0,C008_408
MAXIS-08,20090713,SM_STOOL,01-10,BASELINE,1,NEGATIVE,1,0,C008_408
MAXIS-08,20090629,SM_STOOL,01-11,BASELINE,1,NEGATIVE,1,0,C008_408
MAXIS-08,20090903,SM_STOOL,01-12,BASELINE,1,NEGATIVE,1,0,C008_408
MAXIS-08,20090921,SM_STOOL,01-13,BASELINE,1,NEGATIVE,1,0,C008_408
MAXIS-08,20091027,SM_STOOL,01-14,BASELINE,1,POSITIVE,1,0,C008_408
MAXIS-08,20100323,SM_STOOL,01-15,BASELINE,1,NEGATIVE,1,0,C008_408
MAXIS-08,20100615,SM_STOOL,01-16,BASELINE,1,NEGATIVE,1,0,C008_408
