﻿HLGTTERM,DCMNAME,PT,LLTCODE,REPEATSN,HLGTCODE,HLTTERM,HLTCODE,MHQSN,MHDT,MHFDG,STUDY,LLTTERM,PTCODE,CPEVENT,VISIT,SOCCODE,SOCTERM,MODTERM,PTTERM,SUBEVE,INVSITE
Therapeutic procedures and supportive care NEC,MH_SURGICAL_HX,01-06,10038018.0,4,10043413.0,Therapeutic procedures NEC,10027700.0,5 CM ABSCESS TAKEN OUT FROM RECTUM,200602.0,UNKNOWN,MAXIS-08,Rectal abscess drainage,10000279.0,BASELINE,1,10042613.0,Surgical and medical procedures,Rectal abscess drainage,Abscess drainage,0,C008_408
Gastrointestinal therapeutic procedures,MH_SURGICAL_HX,01-05,10061611.0,4,10017998.0,Abdominal therapeutic procedures NEC,10027653.0,ABDOMINAL WALL RESECTION,20081118.0,METASTATIC HCC EXTENDING TO DEEP RESECTION MARGINS,MAXIS-08,Abdominal wall operation,10061611.0,BASELINE,1,10042613.0,Surgical and medical procedures,Abdominal wall operation,Abdominal wall operation,0,C008_408
Musculoskeletal and soft tissue investigations (excl enzyme tests),MH_SURGICAL_HX,01-14,10004721.0,5,10028387.0,Musculoskeletal and soft tissue histopathology procedures,10028385.0,"BIOPSY ABDOMINAL WALL NODULE, OMENTUM",20070419.0,METASTATIC MODERATELY DIFFERENTIATED ADENOCARCINOMA,MAXIS-08,Biopsy abdominal wall,10004721.0,BASELINE,1,10022891.0,Investigations,Biopsy abdominal wall,Biopsy abdominal wall,0,C008_408
Gastrointestinal investigations,MH_SURGICAL_HX,01-14,10004848.0,5,10017971.0,Gastrointestinal histopathology procedures,10017962.0,"BIOPSY ABDOMINAL WALL NODULE, OMENTUM",20070419.0,METASTATIC MODERATELY DIFFERENTIATED ADENOCARCINOMA,MAXIS-08,Biopsy peritoneum,10004848.0,BASELINE,1,10022891.0,Investigations,Biopsy peritoneum,Biopsy peritoneum,0,C008_408
Gastrointestinal investigations,MH_SURGICAL_HX,01-07,10015361.0,3,10017971.0,Gastrointestinal histopathology procedures,10017962.0,BIOPSY ESOPHAGUS,20070801.0,SQUAMOUS ESOPHAGEAL AND CARDIAC MUCOSA WITH METASTATIC GOBLET CELLS,MAXIS-08,Esophageal biopsy,10004808.0,BASELINE,1,10022891.0,Investigations,Esophageal biopsy,Biopsy oesophagus,0,C008_408
"Investigations, imaging and histopathology procedures NEC",MH_SURGICAL_HX,01-15,10004720.0,3,10022893.0,Histopathology procedures NEC,10020126.0,BIOPSY LEFT LATERAL NASAL WALL,20021002.0,"RESPIRATORY MYCOSA WITH A CUTE AND CHRONIC INFLAMATION, NEGATIVE FOR TUMOR",MAXIS-08,Biopsy,10004720.0,BASELINE,1,10022891.0,Investigations,Biopsy,Biopsy,0,C008_408
Respiratory and pulmonary investigations (excl blood gases),MH_SURGICAL_HX,01-02,10006413.0,4,10038668.0,Respiratory tract and thoracic histopathology procedures,10006472.0,BIOPSY OF LEFT BRONCHIOALVEOLAR LAVAGE,20081003.0,NEGATIVE FOR MALIGNANT CELLS.,MAXIS-08,Bronchial biopsy,10004747.0,BASELINE,1,10022891.0,Investigations,Bronchial biopsy,Biopsy bronchus,0,C008_408
"Investigations, imaging and histopathology procedures NEC",MH_SURGICAL_HX,01-15,10055056.0,4,10022893.0,Histopathology procedures NEC,10020126.0,BIOPSY RIGHT EYELID LESION,20041229.0,ECCRINE POROMA,MAXIS-08,Biopsy eyelid,10055056.0,BASELINE,1,10022891.0,Investigations,Biopsy eyelid,Biopsy eyelid,0,C008_408
"Investigations, imaging and histopathology procedures NEC",MH_SURGICAL_HX,01-07,10004720.0,4,10022893.0,Histopathology procedures NEC,10020126.0,BIOPSY SIGMOID POLYP,20070619.0,TUBULAR ADENOMA,MAXIS-08,Biopsy,10004720.0,BASELINE,1,10022891.0,Investigations,Biopsy,Biopsy,0,C008_408
Gastrointestinal investigations,MH_SURGICAL_HX,01-14,10053281.0,6,10017971.0,Gastrointestinal histopathology procedures,10017962.0,"BIOPSY: PERITONEAL TUMOR, JEJUNUM, RIGHT KIDNEY, LOW ANTERIOR RESECTION",20090608.0,METASTATIC MODERATELY DIFFERENTIATED ADENOCARCINOMA,MAXIS-08,Biopsy small intestine,10053281.0,BASELINE,1,10022891.0,Investigations,Biopsy small intestine,Biopsy small intestine,0,C008_408
Renal and urinary tract investigations and urinalyses,MH_SURGICAL_HX,01-14,10023398.0,6,10038362.0,Urinary tract histopathology procedures,10046569.0,"BIOPSY: PERITONEAL TUMOR, JEJUNUM, RIGHT KIDNEY, LOW ANTERIOR RESECTION",20090608.0,METASTATIC MODERATELY DIFFERENTIATED ADENOCARCINOMA,MAXIS-08,Kidney biopsy,10004782.0,BASELINE,1,10022891.0,Investigations,Kidney biopsy,Biopsy kidney,0,C008_408
Gastrointestinal investigations,MH_SURGICAL_HX,01-14,10034656.0,6,10017971.0,Gastrointestinal histopathology procedures,10017962.0,"BIOPSY: PERITONEAL TUMOR, JEJUNUM, RIGHT KIDNEY, LOW ANTERIOR RESECTION",20090608.0,METASTATIC MODERATELY DIFFERENTIATED ADENOCARCINOMA,MAXIS-08,Peritoneal biopsy,10004848.0,BASELINE,1,10022891.0,Investigations,Peritoneal biopsy,Biopsy peritoneum,0,C008_408
Gastrointestinal therapeutic procedures,MH_SURGICAL_HX,01-14,10038616.0,6,10017998.0,Anorectal therapeutic procedures,10002580.0,"BIOPSY: PERITONEAL TUMOR, JEJUNUM, RIGHT KIDNEY, LOW ANTERIOR RESECTION",20090608.0,METASTATIC MODERATELY DIFFERENTIATED ADENOCARCINOMA,MAXIS-08,Resection of rectum,10038616.0,BASELINE,1,10042613.0,Surgical and medical procedures,Resection of rectum,Resection of rectum,0,C008_408
Respiratory and pulmonary investigations (excl blood gases),MH_SURGICAL_HX,01-07,10006416.0,1,10038668.0,Respiratory tract and thoracic histopathology procedures,10006472.0,BRONCHIAL BRUSH (LEFT LOWER LOBE),20080904.0,POSITIVE FOR MALIGNANT CELLS POORLY DIFFERENTIATED CARCINOMA,MAXIS-08,Bronchial brush biopsy,10004747.0,BASELINE,1,10022891.0,Investigations,Bronchial brush biopsy,Biopsy bronchus,0,C008_408
Respiratory and pulmonary investigations (excl blood gases),MH_SURGICAL_HX,01-07,10006444.0,2,10038668.0,Respiratory tract and thoracic histopathology procedures,10006472.0,BRONCHIAL WASHING (LEFT UPPER LOBE),20080904.0,NEGATIVE FOR MALIGNANT CELLS,MAXIS-08,Bronchial wash,10049413.0,BASELINE,1,10022891.0,Investigations,Bronchial wash,Bronchoalveolar lavage,0,C008_408
Hepatobiliary therapeutic procedures,MH_SURGICAL_HX,01-08,10008611.0,1,10019818.0,Biliary tract and gallbladder therapeutic procedures,10004675.0,CHOLECYSTECTOMY,20061130.0,WELL DIFFERENTIATED ADENOCARCINOMA,MAXIS-08,Cholecystectomy,10008611.0,BASELINE,1,10042613.0,Surgical and medical procedures,,Cholecystectomy,0,C008_408
Reproductive organ and breast investigations (excl hormone analyses),MH_SURGICAL_HX,01-10,10004830.0,1,10038592.0,Reproductive organ and breast histopathology procedures,10038601.0,"COLECTOMY, RT OVARY BIOPSY",200008.0,"CONSISTENT WITH METASTATIC DISEASE, POORLY DIFFERENTIATED ADENOCARCINOMA WITH NEUROENDOCRINE FEATURES",MAXIS-08,Biopsy ovary,10004830.0,BASELINE,1,10022891.0,Investigations,Biopsy ovary,Biopsy ovary,0,C008_408
Gastrointestinal therapeutic procedures,MH_SURGICAL_HX,01-10,10061778.0,1,10017998.0,Large intestine therapeutic procedures,10023803.0,"COLECTOMY, RT OVARY BIOPSY",200008.0,"CONSISTENT WITH METASTATIC DISEASE, POORLY DIFFERENTIATED ADENOCARCINOMA WITH NEUROENDOCRINE FEATURES",MAXIS-08,Colectomy,10061778.0,BASELINE,1,10042613.0,Surgical and medical procedures,Colectomy,Colectomy,0,C008_408
Gastrointestinal therapeutic procedures,MH_SURGICAL_HX,01-10,10023800.0,4,10017998.0,Large intestine therapeutic procedures,10023803.0,COLORECTAL ANASTAMOSIS,20030825.0,FRAGMENTS OF INTESTINAL MUCOSA SHOWING DIFFUSE ACTIVE INFLAMMATION.,MAXIS-08,Large intestine anastomosis,10023800.0,BASELINE,1,10042613.0,Surgical and medical procedures,Large intestine anastomosis,Large intestine anastomosis,0,C008_408
Reproductive organ and breast investigations (excl hormone analyses),MH_SURGICAL_HX,01-04,10004744.0,1,10038592.0,Reproductive organ and breast histopathology procedures,10038601.0,CORE BREAST BIOPSY,20041208.0,INFILTRATING DUCTAL CARCINOMA,MAXIS-08,Biopsy breast,10004744.0,BASELINE,1,10022891.0,Investigations,Biopsy breast,Biopsy breast,0,C008_408
"Nervous system, skull and spine therapeutic procedures",MH_SURGICAL_HX,01-15,10011322.0,2,10009720.0,Skull and brain therapeutic procedures,10040957.0,CRANIOTOMY,19961024.0,SINONASAL TISSUE INFILTRATED WITH ADENOID CYSTIC CARCINOMA CRANIOFACID RESECTION EXTENSIVELY INVOLVED WITH AN ADENOID CYSTIC CARCINOMA WHICH INVOLVES THE MAXILLARY & ETHMOID SINUSES & NASAL TISSUE,MAXIS-08,Craniotomy,10011322.0,BASELINE,1,10042613.0,Surgical and medical procedures,,Craniotomy,0,C008_408
Gastrointestinal investigations,MH_SURGICAL_HX,01-08,10023693.0,3,10017971.0,Gastrointestinal and abdominal imaging procedures,10017963.0,DIAGNOSTIC LAPAROSCOPY,20070227.0,MULTIPLE METASTATIC TUMORS,MAXIS-08,Laparoscopy,10023693.0,BASELINE,1,10022891.0,Investigations,Laparoscopy,Laparoscopy,0,C008_408
Respiratory tract therapeutic procedures,MH_SURGICAL_HX,01-06,10061817.0,6,10038737.0,Diaphragmatic therapeutic procedures,10012724.0,DIAPHRAGM RESECTED,20060705.0,POSITIVE FOR TUMOR,MAXIS-08,Diaphragmatic operation,10061817.0,BASELINE,1,10042613.0,Surgical and medical procedures,Diaphragmatic operation,Diaphragmatic operation,0,C008_408
Head and neck therapeutic procedures,MH_SURGICAL_HX,01-15,10062210.0,5,10019190.0,Nasal therapeutic procedures,10028752.0,EXCISION LEFT NASAL VESTIBULE LESION,20070620.0,"NECROSIS, ACUTE INFLAMMATION",MAXIS-08,Nasal operation,10062210.0,BASELINE,1,10042613.0,Surgical and medical procedures,Nasal operation,Nasal operation,0,C008_408
Gastrointestinal therapeutic procedures,MH_SURGICAL_HX,01-05,10053361.0,2,10017998.0,Abdominal therapeutic procedures NEC,10027653.0,EXPLORATORY LAPAROTOMY,20080107.0,METASTATIC TUMOR CONSISTENT WITH HEPATOCELLAR CARCINOMA,MAXIS-08,Explorative laparotomy,10053361.0,BASELINE,1,10042613.0,Surgical and medical procedures,Explorative laparotomy,Explorative laparotomy,0,C008_408
Gastrointestinal therapeutic procedures,MH_SURGICAL_HX,01-06,10053361.0,1,10017998.0,Abdominal therapeutic procedures NEC,10027653.0,EXPLORATORY LAPAROTOMY,20030814.0,DIAGNOSIS OF DESMOPLASTIC SMALL ROUND CELL TUMOR WAS MADE,MAXIS-08,Explorative laparotomy,10053361.0,BASELINE,1,10042613.0,Surgical and medical procedures,Explorative laparotomy,Explorative laparotomy,0,C008_408
Gastrointestinal therapeutic procedures,MH_SURGICAL_HX,01-06,10053361.0,5,10017998.0,Abdominal therapeutic procedures NEC,10027653.0,EXPLORATORY LAPAROTOMY,20060705.0,POSITIVE FOR TUMOR,MAXIS-08,Explorative laparotomy,10053361.0,BASELINE,1,10042613.0,Surgical and medical procedures,Explorative laparotomy,Explorative laparotomy,0,C008_408
Gastrointestinal therapeutic procedures,MH_SURGICAL_HX,01-10,10053361.0,2,10017998.0,Abdominal therapeutic procedures NEC,10027653.0,EXPLORATORY LAPAROTOMY,20010216.0,POSITIVE AT THE LEFT PELVIC WALL NODULE WHICH CONTAIN METASTATIC ADENOCARCINOMA,MAXIS-08,Explorative laparotomy,10053361.0,BASELINE,1,10042613.0,Surgical and medical procedures,Explorative laparotomy,Explorative laparotomy,0,C008_408
Gastrointestinal therapeutic procedures,MH_SURGICAL_HX,01-14,10053361.0,1,10017998.0,Abdominal therapeutic procedures NEC,10027653.0,EXPLORATORY LAPAROTOMY,20050811.0,"ADENOCARCINOMA, MODERATELY DIFFERENTIATED",MAXIS-08,Explorative laparotomy,10053361.0,BASELINE,1,10042613.0,Surgical and medical procedures,Explorative laparotomy,Explorative laparotomy,0,C008_408
Therapeutic procedures and supportive care NEC,MH_SURGICAL_HX,01-14,10067616.0,2,10043413.0,Therapeutic procedures NEC,10027700.0,EXTENSIVE PERITONEAL DEBULKING,20080918.0,METASTATIC ADENOCARCINOMA IN RIGHT PERI-URETER TUMOR,MAXIS-08,Tumor debulking,10057647.0,BASELINE,1,10042613.0,Surgical and medical procedures,Tumor debulking,Cytoreductive surgery,0,C008_408
Gastrointestinal investigations,MH_SURGICAL_HX,01-05,10017754.0,5,10017971.0,Gastrointestinal histopathology procedures,10017962.0,GASTRIC FUNDUS BIOPSY,20090318.0,POSITIVE FOR ACTIVE H. PYLORI GASTRITIS,MAXIS-08,Gastric biopsy,10004879.0,BASELINE,1,10022891.0,Investigations,Gastric biopsy,Biopsy stomach,0,C008_408
Gastrointestinal investigations,MH_SURGICAL_HX,01-01,10023693.0,2,10017971.0,Gastrointestinal and abdominal imaging procedures,10017963.0,LAPAROSCOPY,,PERITONEAL IMPLANTS,MAXIS-08,Laparoscopy,10023693.0,BASELINE,1,10022891.0,Investigations,,Laparoscopy,0,C008_408
Gastrointestinal therapeutic procedures,MH_SURGICAL_HX,01-06,10023696.0,3,10017998.0,Abdominal therapeutic procedures NEC,10027653.0,LAPAROTOMY,20050406.0,"POSITIVE FOR TUMOR, POORLY DIFFERENTIATED MALIGNANCY",MAXIS-08,Laparotomy,10023696.0,BASELINE,1,10042613.0,Surgical and medical procedures,,Laparotomy,0,C008_408
Reproductive organ and breast investigations (excl hormone analyses),MH_SURGICAL_HX,01-12,10004744.0,3,10038592.0,Reproductive organ and breast histopathology procedures,10038601.0,LEFT BREAST BIOPSY,200112.0,POORLY INFILTRATING INVASIVE DUCTAL CARCINOMA,MAXIS-08,Biopsy breast,10004744.0,BASELINE,1,10022891.0,Investigations,Biopsy breast,Biopsy breast,0,C008_408
Reproductive organ and breast investigations (excl hormone analyses),MH_SURGICAL_HX,01-12,10053864.0,6,10038592.0,Reproductive organ and breast histopathology procedures,10038601.0,LEFT BREAST FINE NEEDLE ASPIRATION,20060606.0,NEGATIVE FOR MALIGNANT CELLS,MAXIS-08,Aspiration breast,10053864.0,BASELINE,1,10022891.0,Investigations,Aspiration breast,Aspiration breast,0,C008_408
Breast disorders,MH_SURGICAL_HX,01-16,10006272.0,2,10006232.0,Breast disorders NEC,10040675.0,LEFT BREAST MASS,20010316.0,"INFILTRATING, HIGH GRADE, DUCTAL CARCINOMA, RECURRENT INFILTRATING TISSUE FROM CHEST WALL (LEFT)",MAXIS-08,Breast mass,10006272.0,BASELINE,1,10038604.0,Reproductive system and breast disorders,Breast mass,Breast mass,0,C008_408
Breast therapeutic procedures,MH_SURGICAL_HX,01-12,10061733.0,4,10006295.0,Breast neoplasm removal,10006269.0,LEFT BREAST MASS EXISION,20061228.0,BENIGN,MAXIS-08,Breast lump removal,10061733.0,BASELINE,1,10042613.0,Surgical and medical procedures,Breast lump removal,Breast lump removal,0,C008_408
Haematological and lymphoid tissue therapeutic procedures,MH_SURGICAL_HX,01-06,10057890.0,7,10025309.0,Lymphoid tissue therapeutic procedures,10025308.0,LEFT ILLIAC AND OBTURATOR NODES DISSECTED,20060705.0,POSITIVE FOR TUMOR,MAXIS-08,Lymph node dissection,10048956.0,BASELINE,1,10042613.0,Surgical and medical procedures,Lymph node dissection,Lymphadenectomy,0,C008_408
Breast therapeutic procedures,MH_SURGICAL_HX,01-16,10026878.0,1,10006295.0,Mastectomies,10026879.0,LEFT MASTECTOMY,19971216.0,POORLY DIFFERENTIATED INFILTRATING DUCTAL CARCINOMA,MAXIS-08,Mastectomy,10026878.0,BASELINE,1,10042613.0,Surgical and medical procedures,Mastectomy,Mastectomy,0,C008_408
Head and neck therapeutic procedures,MH_SURGICAL_HX,01-15,10056688.0,1,10019190.0,Facial therapeutic procedures,10016058.0,LEFT MAXILLECTOMY,19961009.0,ADENOID CYSTIC CARCINOMA AND MONOMORPHIC ADENOMA,MAXIS-08,Maxillectomy,10054806.0,BASELINE,1,10042613.0,Surgical and medical procedures,Maxillectomy,Maxillofacial operation,0,C008_408
Musculoskeletal and soft tissue investigations (excl enzyme tests),MH_SURGICAL_HX,01-12,10005945.0,8,10028387.0,Musculoskeletal and soft tissue histopathology procedures,10028385.0,LEFT POSTERIOR ILIAC CREST BIOPY,20090730.0,METASTATIC MAMMARY CARCINOMA,MAXIS-08,Bone biopsy,10004735.0,BASELINE,1,10022891.0,Investigations,Bone biopsy,Biopsy bone,0,C008_408
Musculoskeletal and soft tissue investigations (excl enzyme tests),MH_SURGICAL_HX,01-12,10005945.0,5,10028387.0,Musculoskeletal and soft tissue histopathology procedures,10028385.0,LEFT POSTERIOR ILIAC CREST BONE BIOPSY,20080730.0,POSITIVE FOR METASTASES,MAXIS-08,Bone biopsy,10004735.0,BASELINE,1,10022891.0,Investigations,Bone biopsy,Biopsy bone,0,C008_408
,MH_SURGICAL_HX,01-10,,6,,,,"LEFT RETROPERITONEAL MASS, RIGHT LOBE SEGMENT OF LIVER",20060705.0,MODERATELY DIFFERENTIATED ADENOCARCINOMA,MAXIS-08,,,BASELINE,1,,,,,0,C008_408
Gastrointestinal signs and symptoms,MH_SURGICAL_HX,01-10,10000077.0,6,10018012.0,Abdominal findings abnormal,10000063.0,"LEFT RETROPERITONEAL MASS, RIGHT LOBE SEGMENT OF LIVER",20060705.0,MODERATELY DIFFERENTIATED ADENOCARCINOMA,MAXIS-08,Abdominal mass,10000077.0,BASELINE,1,10017947.0,Gastrointestinal disorders,Abdominal mass,Abdominal mass,0,C008_408
Hepatobiliary investigations,MH_SURGICAL_HX,01-08,10024655.0,2,10019809.0,Hepatobiliary histopathology procedures,10019807.0,LIVER BIOPSY,20061130.0,METASTATIC ADENOCARCINOMA CONSISTENT WITH GALLBLADDER ORIGIN,MAXIS-08,Liver biopsy,10004791.0,BASELINE,1,10022891.0,Investigations,,Biopsy liver,0,C008_408
Hepatobiliary investigations,MH_SURGICAL_HX,01-08,10024655.0,4,10019809.0,Hepatobiliary histopathology procedures,10019807.0,LIVER BIOPSY,20070222.0,METASTATIC WELL-TO MODERATELY DIFFERENTIATED CARCINOMA,MAXIS-08,Liver biopsy,10004791.0,BASELINE,1,10022891.0,Investigations,,Biopsy liver,0,C008_408
Hepatobiliary investigations,MH_SURGICAL_HX,01-10,10024655.0,5,10019809.0,Hepatobiliary histopathology procedures,10019807.0,LIVER BIOPSY,20040923.0,LIVER SEGMENT 7 AND SEGMENT 8 RESECTIONS SHOW METASTATIC MODERATELY TO POORLY DIFFERENTIATED ADENOCARCINOMA CONSISTENT WITH COLONIC PRIMARY.,MAXIS-08,Liver biopsy,10004791.0,BASELINE,1,10022891.0,Investigations,,Biopsy liver,0,C008_408
Respiratory tract therapeutic procedures,MH_SURGICAL_HX,01-06,10024741.0,8,10038737.0,Bronchial and pulmonary therapeutic procedures,10006412.0,LOBECTOMY (SUPERIOR LEFT LOBE),200608.0,NOT KNOWN,MAXIS-08,Lung lobectomy,10024741.0,BASELINE,1,10042613.0,Surgical and medical procedures,Lung lobectomy,Lung lobectomy,0,C008_408
"Investigations, imaging and histopathology procedures NEC",MH_SURGICAL_HX,01-09,10049569.0,1,10022893.0,Histopathology procedures NEC,10020126.0,NEEDLE BIOPSY (LIVER/PANCREAS),20080514.0,METASTATIC ADENOCARCINOMA COMPATIBLE WITH PANCREATIC ORIGIN,MAXIS-08,Needle biopsy NOS,10056605.0,BASELINE,1,10022891.0,Investigations,Needle biopsy NOS,Aspiration biopsy,0,C008_408
Haematological and lymphoid tissue therapeutic procedures,MH_SURGICAL_HX,01-11,10048956.0,2,10025309.0,Lymphoid tissue therapeutic procedures,10025308.0,PARTIAL LEFT ADRENOLECTOMY AND ADJACENT LYMPHADENECTOMY,200503.0,METASTASES,MAXIS-08,Lymphadenectomy,10048956.0,BASELINE,1,10042613.0,Surgical and medical procedures,Lymphadenectomy,Lymphadenectomy,0,C008_408
Endocrine gland therapeutic procedures,MH_SURGICAL_HX,01-11,10034054.0,2,10014705.0,Adrenal gland therapeutic procedures,10001357.0,PARTIAL LEFT ADRENOLECTOMY AND ADJACENT LYMPHADENECTOMY,200503.0,METASTASES,MAXIS-08,Partial adrenalectomy,10061622.0,BASELINE,1,10042613.0,Surgical and medical procedures,Partial adrenalectomy,Adrenalectomy,0,C008_408
Gastrointestinal therapeutic procedures,MH_SURGICAL_HX,01-08,10061611.0,5,10017998.0,Abdominal therapeutic procedures NEC,10027653.0,"PARTIAL LIVER RESECTION, REGIONAL ABDOMINAL LYMPHADENECTOMY OF PORTAL AND COMMON BILE DUCT LYMPH NODES, OMENTAL FLAP, ABDOMINAL WALL PORT SITE EXCISION",20070227.0,ONE OF FOUR POSITIVE COMMON BILE LYMPH NODES AS WELL AS MULTIPLE METASTATIC TUMORS,MAXIS-08,Abdominal wall operation,10061611.0,BASELINE,1,10042613.0,Surgical and medical procedures,Abdominal wall operation,Abdominal wall operation,0,C008_408
Haematological and lymphoid tissue therapeutic procedures,MH_SURGICAL_HX,01-08,10048956.0,5,10025309.0,Lymphoid tissue therapeutic procedures,10025308.0,"PARTIAL LIVER RESECTION, REGIONAL ABDOMINAL LYMPHADENECTOMY OF PORTAL AND COMMON BILE DUCT LYMPH NODES, OMENTAL FLAP, ABDOMINAL WALL PORT SITE EXCISION",20070227.0,ONE OF FOUR POSITIVE COMMON BILE LYMPH NODES AS WELL AS MULTIPLE METASTATIC TUMORS,MAXIS-08,Lymphadenectomy,10048956.0,BASELINE,1,10042613.0,Surgical and medical procedures,Lymphadenectomy,Lymphadenectomy,0,C008_408
Therapeutic procedures and supportive care NEC,MH_SURGICAL_HX,01-08,10069434.0,5,10043413.0,Therapeutic procedures NEC,10027700.0,"PARTIAL LIVER RESECTION, REGIONAL ABDOMINAL LYMPHADENECTOMY OF PORTAL AND COMMON BILE DUCT LYMPH NODES, OMENTAL FLAP, ABDOMINAL WALL PORT SITE EXCISION",20070227.0,ONE OF FOUR POSITIVE COMMON BILE LYMPH NODES AS WELL AS MULTIPLE METASTATIC TUMORS,MAXIS-08,Omental implantation,10069434.0,BASELINE,1,10042613.0,Surgical and medical procedures,Omental implantation,Omental implantation,0,C008_408
Hepatobiliary therapeutic procedures,MH_SURGICAL_HX,01-08,10034067.0,5,10019818.0,Hepatic therapeutic procedures,10019704.0,"PARTIAL LIVER RESECTION, REGIONAL ABDOMINAL LYMPHADENECTOMY OF PORTAL AND COMMON BILE DUCT LYMPH NODES, OMENTAL FLAP, ABDOMINAL WALL PORT SITE EXCISION",20070227.0,ONE OF FOUR POSITIVE COMMON BILE LYMPH NODES AS WELL AS MULTIPLE METASTATIC TUMORS,MAXIS-08,Partial hepatectomy,10061997.0,BASELINE,1,10042613.0,Surgical and medical procedures,Partial hepatectomy,Hepatectomy,0,C008_408
Gastrointestinal neoplasms malignant and unspecified,MH_SURGICAL_HX,01-10,10050212.0,7,10017991.0,Gastrointestinal neoplasms malignancy unspecified NEC,10017994.0,PERIPANCREATIC NODE,20090408.0,METASTATIC COLORECTAL ADENOCARCINOMA,MAXIS-08,Pancreatic nodule,10061902.0,BASELINE,1,10029104.0,"Neoplasms benign, malignant and unspecified (incl cysts and polyps)",Pancreatic nodule,Pancreatic neoplasm,0,C008_408
Gastrointestinal investigations,MH_SURGICAL_HX,01-06,10034656.0,2,10017971.0,Gastrointestinal histopathology procedures,10017962.0,PERITONEAL BIOPSY,20040309.0,METASTATIC DESMOPLASTIC SMALL ROUND CELL TUMOR,MAXIS-08,Peritoneal biopsy,10004848.0,BASELINE,1,10022891.0,Investigations,,Biopsy peritoneum,0,C008_408
Therapeutic procedures and supportive care NEC,MH_SURGICAL_HX,01-14,10067616.0,3,10043413.0,Therapeutic procedures NEC,10027700.0,"PERITONEAL DEBULKING (CERVIX UTERUS, BILATERAL TUBES OVARIES)",20090606.0,LEFT OVARY WITH MODERATELY DIFFERENTIATED ADENOCARCINOMA CONSISTENT WITH METASTASES FROM GASTROINTESTINAL ORIGIN,MAXIS-08,Tumor debulking,10057647.0,BASELINE,1,10042613.0,Surgical and medical procedures,Tumor debulking,Cytoreductive surgery,0,C008_408
Gastrointestinal investigations,MH_SURGICAL_HX,01-01,10017754.0,1,10017971.0,Gastrointestinal histopathology procedures,10017962.0,PREPYLORUS ULCER BIOPSY,20080418.0,INFILTRATING POORLY DIFFERENTIATED GASTRIC ADENOCARCINOMA,MAXIS-08,Gastric biopsy,10004879.0,BASELINE,1,10022891.0,Investigations,Gastric biopsy,Biopsy stomach,0,C008_408
Haematological and lymphoid tissue therapeutic procedures,MH_SURGICAL_HX,01-13,10025179.0,2,10025309.0,Lymphoid tissue therapeutic procedures,10025308.0,"R4 LYMPH NODE, EXCISION",20050131.0,FIBROCONNECTIVE AND LYMPHOID TISSUE SHOWING METASTATIC ADENOCARCINOMA,MAXIS-08,Lymph node excision,10048956.0,BASELINE,1,10042613.0,Surgical and medical procedures,Lymph node excision,Lymphadenectomy,0,C008_408
Therapeutic procedures and supportive care NEC,MH_SURGICAL_HX,01-06,10061392.0,9,10043413.0,Therapeutic procedures NEC,10027700.0,RESECTION OF RETROPERITONEAL TUMOR,20080430.0,DESMOPLASTIC SMALL ROUND CELL TUMOR INVOLVING SOFT TISSUE,MAXIS-08,Tumour excision,10061392.0,BASELINE,1,10042613.0,Surgical and medical procedures,Tumour excision,Tumour excision,0,C008_408
Hepatobiliary therapeutic procedures,MH_SURGICAL_HX,01-06,10008611.0,10,10019818.0,Biliary tract and gallbladder therapeutic procedures,10004675.0,RESECTION OF SEGMENT 5 AND 6 OF LIVER WITH CHOLECYSTECTOMY,20080430.0,1.6 CM NODULE OF METASTATIC DESMOPLASTIC SMALL ROUND CELL TUMOR INVOLVING LIVER,MAXIS-08,Cholecystectomy,10008611.0,BASELINE,1,10042613.0,Surgical and medical procedures,Cholecystectomy,Cholecystectomy,0,C008_408
Hepatobiliary therapeutic procedures,MH_SURGICAL_HX,01-06,10034067.0,10,10019818.0,Hepatic therapeutic procedures,10019704.0,RESECTION OF SEGMENT 5 AND 6 OF LIVER WITH CHOLECYSTECTOMY,20080430.0,1.6 CM NODULE OF METASTATIC DESMOPLASTIC SMALL ROUND CELL TUMOR INVOLVING LIVER,MAXIS-08,Partial hepatectomy,10061997.0,BASELINE,1,10042613.0,Surgical and medical procedures,Partial hepatectomy,Hepatectomy,0,C008_408
Reproductive organ and breast investigations (excl hormone analyses),MH_SURGICAL_HX,01-03,10004744.0,1,10038592.0,Reproductive organ and breast histopathology procedures,10038601.0,RIGHT BREAST CORES BIOPSY,20061227.0,INVASIVE DUCTAL CARCINOMA HIGH GRADE WITH LYMPHATIC INVASION,MAXIS-08,Biopsy breast,10004744.0,BASELINE,1,10022891.0,Investigations,Biopsy breast,Biopsy breast,0,C008_408
Breast therapeutic procedures,MH_SURGICAL_HX,01-13,10067400.0,1,10006295.0,Breast neoplasm removal,10006269.0,RIGHT BREAST LUMPECTOMY RIGHT AXILLARY NODE DISSECTION,19960312.0,"INVASIVE DUCTAL CARCINOMA, POORLY DIFFERENTIATED WITH FOCAL LYMPHATIC INVASION",MAXIS-08,Lumpectomy,10061733.0,BASELINE,1,10042613.0,Surgical and medical procedures,Lumpectomy,Breast lump removal,0,C008_408
Breast therapeutic procedures,MH_SURGICAL_HX,01-12,10067400.0,1,10006295.0,Breast neoplasm removal,10006269.0,"RIGHT BREAST LUMPECTOMY, MASTECTOMY",19991129.0,"DUCTAL CARCINOMA, ER(+) HER2/NEU(+)",MAXIS-08,Lumpectomy,10061733.0,BASELINE,1,10042613.0,Surgical and medical procedures,Lumpectomy,Breast lump removal,0,C008_408
Breast therapeutic procedures,MH_SURGICAL_HX,01-12,10026878.0,1,10006295.0,Mastectomies,10026879.0,"RIGHT BREAST LUMPECTOMY, MASTECTOMY",19991129.0,"DUCTAL CARCINOMA, ER(+) HER2/NEU(+)",MAXIS-08,Mastectomy,10026878.0,BASELINE,1,10042613.0,Surgical and medical procedures,Mastectomy,Mastectomy,0,C008_408
Reproductive organ and breast investigations (excl hormone analyses),MH_SURGICAL_HX,01-03,10004744.0,2,10038592.0,Reproductive organ and breast histopathology procedures,10038601.0,RIGHT BREAST PUNCH BIOPSY,20071010.0,INFILTRATING BREAST CARCINOMA MODERATELY DIFFERENTIATED,MAXIS-08,Biopsy breast,10004744.0,BASELINE,1,10022891.0,Investigations,Biopsy breast,Biopsy breast,0,C008_408
Musculoskeletal and soft tissue investigations (excl enzyme tests),MH_SURGICAL_HX,01-03,10051412.0,3,10028387.0,Musculoskeletal and soft tissue histopathology procedures,10028385.0,RIGHT CHEST WALL PUNCH BIOPSY,20080123.0,VASCULAR PERMEATION BY DUCTAL CARCINOMA IN THE DERMIS,MAXIS-08,Biopsy chest wall,10051412.0,BASELINE,1,10022891.0,Investigations,Biopsy chest wall,Biopsy chest wall,0,C008_408
Gastrointestinal therapeutic procedures,MH_SURGICAL_HX,01-14,10039153.0,4,10017998.0,Large intestine therapeutic procedures,10023803.0,RIGHT COLON RESECTION,20050901.0,ADENOCARCINOMA,MAXIS-08,Right hemicolectomy,10061778.0,BASELINE,1,10042613.0,Surgical and medical procedures,Right hemicolectomy,Colectomy,0,C008_408
Hepatobiliary therapeutic procedures,MH_SURGICAL_HX,01-02,10034067.0,1,10019818.0,Hepatic therapeutic procedures,10019704.0,RIGHT HEPATECTOMY,20070524.0,MODERATELY TO POORLY DIFFERENTIATED HEPATOCELLULAR CARCINOMA,MAXIS-08,Partial hepatectomy,10061997.0,BASELINE,1,10042613.0,Surgical and medical procedures,Partial hepatectomy,Hepatectomy,0,C008_408
Hepatobiliary therapeutic procedures,MH_SURGICAL_HX,01-05,10019627.0,1,10019818.0,Hepatic therapeutic procedures,10019704.0,RIGHT HEPATIC RESECTION SEGMENT 5,20070604.0,1.5CM POORLY DIFFERENTIATED HEPATOCELLULAR CARCINOMA,MAXIS-08,Hepatectomy (partial),10061997.0,BASELINE,1,10042613.0,Surgical and medical procedures,Hepatectomy (partial),Hepatectomy,0,C008_408
Breast therapeutic procedures,MH_SURGICAL_HX,01-12,10026878.0,2,10006295.0,Mastectomies,10026879.0,RIGHT MASTECTOMY,19991206.0,,MAXIS-08,Mastectomy,10026878.0,BASELINE,1,10042613.0,Surgical and medical procedures,Mastectomy,Mastectomy,0,C008_408
Renal and urinary tract therapeutic procedures,MH_SURGICAL_HX,01-11,10029116.0,1,10038365.0,Renal therapeutic procedures,10023431.0,RIGHT NEPHRECTOMY,1998.0,CLEAR CELL CARCINOMA,MAXIS-08,Nephrectomy,10029116.0,BASELINE,1,10042613.0,Surgical and medical procedures,Nephrectomy,Nephrectomy,0,C008_408
Musculoskeletal and soft tissue investigations (excl enzyme tests),MH_SURGICAL_HX,01-03,10000102.0,4,10028387.0,Musculoskeletal and soft tissue histopathology procedures,10028385.0,RIGHT UPPER ABDOMEN PUNCH BIOPSY,20080123.0,VASCULAR PERMEATION BY DUCTAL CARCINOMA IN THE DERMIS,MAXIS-08,Abdominal wall biopsy,10004721.0,BASELINE,1,10022891.0,Investigations,Abdominal wall biopsy,Biopsy abdominal wall,0,C008_408
Skin investigations,MH_SURGICAL_HX,01-05,10004873.0,3,10040879.0,Skin histopathology procedures,10040862.0,SKIN BIOPSY,20080229.0,"HYPERKERATOSIS, CONSISTENT WITH PALMO-PLATAR KERATODERMA",MAXIS-08,Biopsy skin,10004873.0,BASELINE,1,10022891.0,Investigations,Biopsy skin,Biopsy skin,0,C008_408
Vascular therapeutic procedures,MH_SURGICAL_HX,01-02,10057780.0,2,10003184.0,Vascular therapeutic procedures NEC,10047094.0,TRANSARTERIAL EMBOLIZATION,20070719.0,POST EMBOLIZATION ARTERILGRAM DEMONSTRATE STASIS IN VESSEL,MAXIS-08,Chemoembolization,10057335.0,BASELINE,1,10042613.0,Surgical and medical procedures,Chemoembolization,Therapeutic embolisation,0,C008_408
Vascular therapeutic procedures,MH_SURGICAL_HX,01-02,10057780.0,3,10003184.0,Vascular therapeutic procedures NEC,10047094.0,TRANSARTERIAL EMBOLIZATION,20071212.0,STASIS IN VESSEL,MAXIS-08,Chemoembolization,10057335.0,BASELINE,1,10042613.0,Surgical and medical procedures,Chemoembolization,Therapeutic embolisation,0,C008_408
Therapeutic procedures and supportive care NEC,MH_SURGICAL_HX,01-10,10068637.0,3,10043413.0,Therapeutic procedures NEC,10027700.0,"URETER RESECTION, RESECTION OF LIVER METASTASES",20030213.0,SECONDARY COLONIC RESECTION SPECIMEN CONTAINING RECURRENT MODERATELY DIFFERENTIATED COLONIC ADENOCARCINOMA,MAXIS-08,Metastasectomy,10062052.0,BASELINE,1,10042613.0,Surgical and medical procedures,Metastasectomy,Malignant tumour excision,0,C008_408
Renal and urinary tract therapeutic procedures,MH_SURGICAL_HX,01-10,10046389.0,3,10038365.0,Ureteric therapeutic procedures,10046407.0,"URETER RESECTION, RESECTION OF LIVER METASTASES",20030213.0,SECONDARY COLONIC RESECTION SPECIMEN CONTAINING RECURRENT MODERATELY DIFFERENTIATED COLONIC ADENOCARCINOMA,MAXIS-08,Ureterectomy,10046389.0,BASELINE,1,10042613.0,Surgical and medical procedures,Ureterectomy,Ureterectomy,0,C008_408
Haematological and lymphoid tissue therapeutic procedures,MH_SURGICAL_HX,01-12,10068477.0,7,10025309.0,Lymphoid tissue therapeutic procedures,10025308.0,WIDE AXILLARY NODE RIGHT,20070920.0,LYMPH NODE REPLACED BY PARTIALLY NECROTIC POORLY DIFFERENTIATED MAMMARY DUCT CARCINOMA,MAXIS-08,Axillary lymphadenectomy,10048956.0,BASELINE,1,10042613.0,Surgical and medical procedures,Axillary lymphadenectomy,Lymphadenectomy,0,C008_408
