﻿MHFDG,STUDY,DCMNAME,PT,CPEVENT,VISIT,REPEATSN,SUBEVE,INVSITE,MHQSN,MHDT
INFILTRATING POORLY DIFFERENTIATED GASTRIC ADENOCARCINOMA,MAXIS-08,MH_SURGICAL_HX,01-01,BASELINE,1,1,0,C008_408,PREPYLORUS ULCER BIOPSY,20080418.0
PERITONEAL IMPLANTS,MAXIS-08,MH_SURGICAL_HX,01-01,BASELINE,1,2,0,C008_408,LAPAROSCOPY,
MODERATELY TO POORLY DIFFERENTIATED HEPATOCELLULAR CARCINOMA,MAXIS-08,MH_SURGICAL_HX,01-02,BASELINE,1,1,0,C008_408,RIGHT HEPATECTOMY,20070524.0
POST EMBOLIZATION ARTERILGRAM DEMONSTRATE STASIS IN VESSEL,MAXIS-08,MH_SURGICAL_HX,01-02,BASELINE,1,2,0,C008_408,TRANSARTERIAL EMBOLIZATION,20070719.0
STASIS IN VESSEL,MAXIS-08,MH_SURGICAL_HX,01-02,BASELINE,1,3,0,C008_408,TRANSARTERIAL EMBOLIZATION,20071212.0
NEGATIVE FOR MALIGNANT CELLS.,MAXIS-08,MH_SURGICAL_HX,01-02,BASELINE,1,4,0,C008_408,BIOPSY OF LEFT BRONCHIOALVEOLAR LAVAGE,20081003.0
INVASIVE DUCTAL CARCINOMA HIGH GRADE WITH LYMPHATIC INVASION,MAXIS-08,MH_SURGICAL_HX,01-03,BASELINE,1,1,0,C008_408,RIGHT BREAST CORES BIOPSY,20061227.0
INFILTRATING BREAST CARCINOMA MODERATELY DIFFERENTIATED,MAXIS-08,MH_SURGICAL_HX,01-03,BASELINE,1,2,0,C008_408,RIGHT BREAST PUNCH BIOPSY,20071010.0
VASCULAR PERMEATION BY DUCTAL CARCINOMA IN THE DERMIS,MAXIS-08,MH_SURGICAL_HX,01-03,BASELINE,1,3,0,C008_408,RIGHT CHEST WALL PUNCH BIOPSY,20080123.0
VASCULAR PERMEATION BY DUCTAL CARCINOMA IN THE DERMIS,MAXIS-08,MH_SURGICAL_HX,01-03,BASELINE,1,4,0,C008_408,RIGHT UPPER ABDOMEN PUNCH BIOPSY,20080123.0
INFILTRATING DUCTAL CARCINOMA,MAXIS-08,MH_SURGICAL_HX,01-04,BASELINE,1,1,0,C008_408,CORE BREAST BIOPSY,20041208.0
1.5CM POORLY DIFFERENTIATED HEPATOCELLULAR CARCINOMA,MAXIS-08,MH_SURGICAL_HX,01-05,BASELINE,1,1,0,C008_408,RIGHT HEPATIC RESECTION SEGMENT 5,20070604.0
METASTATIC TUMOR CONSISTENT WITH HEPATOCELLAR CARCINOMA,MAXIS-08,MH_SURGICAL_HX,01-05,BASELINE,1,2,0,C008_408,EXPLORATORY LAPAROTOMY,20080107.0
"HYPERKERATOSIS, CONSISTENT WITH PALMO-PLATAR KERATODERMA",MAXIS-08,MH_SURGICAL_HX,01-05,BASELINE,1,3,0,C008_408,SKIN BIOPSY,20080229.0
METASTATIC HCC EXTENDING TO DEEP RESECTION MARGINS,MAXIS-08,MH_SURGICAL_HX,01-05,BASELINE,1,4,0,C008_408,ABDOMINAL WALL RESECTION,20081118.0
POSITIVE FOR ACTIVE H. PYLORI GASTRITIS,MAXIS-08,MH_SURGICAL_HX,01-05,BASELINE,1,5,0,C008_408,GASTRIC FUNDUS BIOPSY,20090318.0
DIAGNOSIS OF DESMOPLASTIC SMALL ROUND CELL TUMOR WAS MADE,MAXIS-08,MH_SURGICAL_HX,01-06,BASELINE,1,1,0,C008_408,EXPLORATORY LAPAROTOMY,20030814.0
METASTATIC DESMOPLASTIC SMALL ROUND CELL TUMOR,MAXIS-08,MH_SURGICAL_HX,01-06,BASELINE,1,2,0,C008_408,PERITONEAL BIOPSY,20040309.0
"POSITIVE FOR TUMOR, POORLY DIFFERENTIATED MALIGNANCY",MAXIS-08,MH_SURGICAL_HX,01-06,BASELINE,1,3,0,C008_408,LAPAROTOMY,20050406.0
UNKNOWN,MAXIS-08,MH_SURGICAL_HX,01-06,BASELINE,1,4,0,C008_408,5 CM ABSCESS TAKEN OUT FROM RECTUM,200602.0
POSITIVE FOR TUMOR,MAXIS-08,MH_SURGICAL_HX,01-06,BASELINE,1,5,0,C008_408,EXPLORATORY LAPAROTOMY,20060705.0
POSITIVE FOR TUMOR,MAXIS-08,MH_SURGICAL_HX,01-06,BASELINE,1,6,0,C008_408,DIAPHRAGM RESECTED,20060705.0
POSITIVE FOR TUMOR,MAXIS-08,MH_SURGICAL_HX,01-06,BASELINE,1,7,0,C008_408,LEFT ILLIAC AND OBTURATOR NODES DISSECTED,20060705.0
NOT KNOWN,MAXIS-08,MH_SURGICAL_HX,01-06,BASELINE,1,8,0,C008_408,LOBECTOMY (SUPERIOR LEFT LOBE),200608.0
DESMOPLASTIC SMALL ROUND CELL TUMOR INVOLVING SOFT TISSUE,MAXIS-08,MH_SURGICAL_HX,01-06,BASELINE,1,9,0,C008_408,RESECTION OF RETROPERITONEAL TUMOR,20080430.0
1.6 CM NODULE OF METASTATIC DESMOPLASTIC SMALL ROUND CELL TUMOR INVOLVING LIVER,MAXIS-08,MH_SURGICAL_HX,01-06,BASELINE,1,10,0,C008_408,RESECTION OF SEGMENT 5 AND 6 OF LIVER WITH CHOLECYSTECTOMY,20080430.0
POSITIVE FOR MALIGNANT CELLS POORLY DIFFERENTIATED CARCINOMA,MAXIS-08,MH_SURGICAL_HX,01-07,BASELINE,1,1,0,C008_408,BRONCHIAL BRUSH (LEFT LOWER LOBE),20080904.0
NEGATIVE FOR MALIGNANT CELLS,MAXIS-08,MH_SURGICAL_HX,01-07,BASELINE,1,2,0,C008_408,BRONCHIAL WASHING (LEFT UPPER LOBE),20080904.0
SQUAMOUS ESOPHAGEAL AND CARDIAC MUCOSA WITH METASTATIC GOBLET CELLS,MAXIS-08,MH_SURGICAL_HX,01-07,BASELINE,1,3,0,C008_408,BIOPSY ESOPHAGUS,20070801.0
TUBULAR ADENOMA,MAXIS-08,MH_SURGICAL_HX,01-07,BASELINE,1,4,0,C008_408,BIOPSY SIGMOID POLYP,20070619.0
WELL DIFFERENTIATED ADENOCARCINOMA,MAXIS-08,MH_SURGICAL_HX,01-08,BASELINE,1,1,0,C008_408,CHOLECYSTECTOMY,20061130.0
METASTATIC ADENOCARCINOMA CONSISTENT WITH GALLBLADDER ORIGIN,MAXIS-08,MH_SURGICAL_HX,01-08,BASELINE,1,2,0,C008_408,LIVER BIOPSY,20061130.0
MULTIPLE METASTATIC TUMORS,MAXIS-08,MH_SURGICAL_HX,01-08,BASELINE,1,3,0,C008_408,DIAGNOSTIC LAPAROSCOPY,20070227.0
METASTATIC WELL-TO MODERATELY DIFFERENTIATED CARCINOMA,MAXIS-08,MH_SURGICAL_HX,01-08,BASELINE,1,4,0,C008_408,LIVER BIOPSY,20070222.0
ONE OF FOUR POSITIVE COMMON BILE LYMPH NODES AS WELL AS MULTIPLE METASTATIC TUMORS,MAXIS-08,MH_SURGICAL_HX,01-08,BASELINE,1,5,0,C008_408,"PARTIAL LIVER RESECTION, REGIONAL ABDOMINAL LYMPHADENECTOMY OF PORTAL AND COMMON BILE DUCT LYMPH NODES, OMENTAL FLAP, ABDOMINAL WALL PORT SITE EXCISION",20070227.0
METASTATIC ADENOCARCINOMA COMPATIBLE WITH PANCREATIC ORIGIN,MAXIS-08,MH_SURGICAL_HX,01-09,BASELINE,1,1,0,C008_408,NEEDLE BIOPSY (LIVER/PANCREAS),20080514.0
"CONSISTENT WITH METASTATIC DISEASE, POORLY DIFFERENTIATED ADENOCARCINOMA WITH NEUROENDOCRINE FEATURES",MAXIS-08,MH_SURGICAL_HX,01-10,BASELINE,1,1,0,C008_408,"COLECTOMY, RT OVARY BIOPSY",200008.0
POSITIVE AT THE LEFT PELVIC WALL NODULE WHICH CONTAIN METASTATIC ADENOCARCINOMA,MAXIS-08,MH_SURGICAL_HX,01-10,BASELINE,1,2,0,C008_408,EXPLORATORY LAPAROTOMY,20010216.0
SECONDARY COLONIC RESECTION SPECIMEN CONTAINING RECURRENT MODERATELY DIFFERENTIATED COLONIC ADENOCARCINOMA,MAXIS-08,MH_SURGICAL_HX,01-10,BASELINE,1,3,0,C008_408,"URETER RESECTION, RESECTION OF LIVER METASTASES",20030213.0
FRAGMENTS OF INTESTINAL MUCOSA SHOWING DIFFUSE ACTIVE INFLAMMATION.,MAXIS-08,MH_SURGICAL_HX,01-10,BASELINE,1,4,0,C008_408,COLORECTAL ANASTAMOSIS,20030825.0
LIVER SEGMENT 7 AND SEGMENT 8 RESECTIONS SHOW METASTATIC MODERATELY TO POORLY DIFFERENTIATED ADENOCARCINOMA CONSISTENT WITH COLONIC PRIMARY.,MAXIS-08,MH_SURGICAL_HX,01-10,BASELINE,1,5,0,C008_408,LIVER BIOPSY,20040923.0
MODERATELY DIFFERENTIATED ADENOCARCINOMA,MAXIS-08,MH_SURGICAL_HX,01-10,BASELINE,1,6,0,C008_408,"LEFT RETROPERITONEAL MASS, RIGHT LOBE SEGMENT OF LIVER",20060705.0
METASTATIC COLORECTAL ADENOCARCINOMA,MAXIS-08,MH_SURGICAL_HX,01-10,BASELINE,1,7,0,C008_408,PERIPANCREATIC NODE,20090408.0
CLEAR CELL CARCINOMA,MAXIS-08,MH_SURGICAL_HX,01-11,BASELINE,1,1,0,C008_408,RIGHT NEPHRECTOMY,1998.0
METASTASES,MAXIS-08,MH_SURGICAL_HX,01-11,BASELINE,1,2,0,C008_408,PARTIAL LEFT ADRENOLECTOMY AND ADJACENT LYMPHADENECTOMY,200503.0
"DUCTAL CARCINOMA, ER(+) HER2/NEU(+)",MAXIS-08,MH_SURGICAL_HX,01-12,BASELINE,1,1,0,C008_408,"RIGHT BREAST LUMPECTOMY, MASTECTOMY",19991129.0
,MAXIS-08,MH_SURGICAL_HX,01-12,BASELINE,1,2,0,C008_408,RIGHT MASTECTOMY,19991206.0
POORLY INFILTRATING INVASIVE DUCTAL CARCINOMA,MAXIS-08,MH_SURGICAL_HX,01-12,BASELINE,1,3,0,C008_408,LEFT BREAST BIOPSY,200112.0
BENIGN,MAXIS-08,MH_SURGICAL_HX,01-12,BASELINE,1,4,0,C008_408,LEFT BREAST MASS EXISION,20061228.0
POSITIVE FOR METASTASES,MAXIS-08,MH_SURGICAL_HX,01-12,BASELINE,1,5,0,C008_408,LEFT POSTERIOR ILIAC CREST BONE BIOPSY,20080730.0
NEGATIVE FOR MALIGNANT CELLS,MAXIS-08,MH_SURGICAL_HX,01-12,BASELINE,1,6,0,C008_408,LEFT BREAST FINE NEEDLE ASPIRATION,20060606.0
LYMPH NODE REPLACED BY PARTIALLY NECROTIC POORLY DIFFERENTIATED MAMMARY DUCT CARCINOMA,MAXIS-08,MH_SURGICAL_HX,01-12,BASELINE,1,7,0,C008_408,WIDE AXILLARY NODE RIGHT,20070920.0
METASTATIC MAMMARY CARCINOMA,MAXIS-08,MH_SURGICAL_HX,01-12,BASELINE,1,8,0,C008_408,LEFT POSTERIOR ILIAC CREST BIOPY,20090730.0
"INVASIVE DUCTAL CARCINOMA, POORLY DIFFERENTIATED WITH FOCAL LYMPHATIC INVASION",MAXIS-08,MH_SURGICAL_HX,01-13,BASELINE,1,1,0,C008_408,RIGHT BREAST LUMPECTOMY RIGHT AXILLARY NODE DISSECTION,19960312.0
FIBROCONNECTIVE AND LYMPHOID TISSUE SHOWING METASTATIC ADENOCARCINOMA,MAXIS-08,MH_SURGICAL_HX,01-13,BASELINE,1,2,0,C008_408,"R4 LYMPH NODE, EXCISION",20050131.0
"ADENOCARCINOMA, MODERATELY DIFFERENTIATED",MAXIS-08,MH_SURGICAL_HX,01-14,BASELINE,1,1,0,C008_408,EXPLORATORY LAPAROTOMY,20050811.0
METASTATIC ADENOCARCINOMA IN RIGHT PERI-URETER TUMOR,MAXIS-08,MH_SURGICAL_HX,01-14,BASELINE,1,2,0,C008_408,EXTENSIVE PERITONEAL DEBULKING,20080918.0
LEFT OVARY WITH MODERATELY DIFFERENTIATED ADENOCARCINOMA CONSISTENT WITH METASTASES FROM GASTROINTESTINAL ORIGIN,MAXIS-08,MH_SURGICAL_HX,01-14,BASELINE,1,3,0,C008_408,"PERITONEAL DEBULKING (CERVIX UTERUS, BILATERAL TUBES OVARIES)",20090606.0
ADENOCARCINOMA,MAXIS-08,MH_SURGICAL_HX,01-14,BASELINE,1,4,0,C008_408,RIGHT COLON RESECTION,20050901.0
METASTATIC MODERATELY DIFFERENTIATED ADENOCARCINOMA,MAXIS-08,MH_SURGICAL_HX,01-14,BASELINE,1,5,0,C008_408,"BIOPSY ABDOMINAL WALL NODULE, OMENTUM",20070419.0
METASTATIC MODERATELY DIFFERENTIATED ADENOCARCINOMA,MAXIS-08,MH_SURGICAL_HX,01-14,BASELINE,1,6,0,C008_408,"BIOPSY: PERITONEAL TUMOR, JEJUNUM, RIGHT KIDNEY, LOW ANTERIOR RESECTION",20090608.0
ADENOID CYSTIC CARCINOMA AND MONOMORPHIC ADENOMA,MAXIS-08,MH_SURGICAL_HX,01-15,BASELINE,1,1,0,C008_408,LEFT MAXILLECTOMY,19961009.0
SINONASAL TISSUE INFILTRATED WITH ADENOID CYSTIC CARCINOMA CRANIOFACID RESECTION EXTENSIVELY INVOLVED WITH AN ADENOID CYSTIC CARCINOMA WHICH INVOLVES THE MAXILLARY & ETHMOID SINUSES & NASAL TISSUE,MAXIS-08,MH_SURGICAL_HX,01-15,BASELINE,1,2,0,C008_408,CRANIOTOMY,19961024.0
"RESPIRATORY MYCOSA WITH A CUTE AND CHRONIC INFLAMATION, NEGATIVE FOR TUMOR",MAXIS-08,MH_SURGICAL_HX,01-15,BASELINE,1,3,0,C008_408,BIOPSY LEFT LATERAL NASAL WALL,20021002.0
ECCRINE POROMA,MAXIS-08,MH_SURGICAL_HX,01-15,BASELINE,1,4,0,C008_408,BIOPSY RIGHT EYELID LESION,20041229.0
"NECROSIS, ACUTE INFLAMMATION",MAXIS-08,MH_SURGICAL_HX,01-15,BASELINE,1,5,0,C008_408,EXCISION LEFT NASAL VESTIBULE LESION,20070620.0
POORLY DIFFERENTIATED INFILTRATING DUCTAL CARCINOMA,MAXIS-08,MH_SURGICAL_HX,01-16,BASELINE,1,1,0,C008_408,LEFT MASTECTOMY,19971216.0
"INFILTRATING, HIGH GRADE, DUCTAL CARCINOMA, RECURRENT INFILTRATING TISSUE FROM CHEST WALL (LEFT)",MAXIS-08,MH_SURGICAL_HX,01-16,BASELINE,1,2,0,C008_408,LEFT BREAST MASS,20010316.0
