﻿STUDY,SDT,DCMNAME,PT,CPEVENT,VISIT,SMQSN,REPEATSN,SUBEVE,INVSITE,STM,SANYL
MAXIS-08,20080903.0,SM_URINE,01-01,BASELINE,1,RUTTENBERG CANCER CENTER,1,0,C008_408,914.0,
MAXIS-08,20080903.0,SM_URINE,01-01,CYCLE 1 WEEK 1,2,MOUNT SINAI,1,0,C008_408,1758.0,
MAXIS-08,20080910.0,SM_URINE,01-01,CYCLE 1 WEEK 2,4,MOUNT SINAI,1,0,C008_408,1148.0,
MAXIS-08,20080917.0,SM_URINE,01-01,CYCLE 1 WEEK 3,5,MOUNT SINAI,1,0,C008_408,1115.0,
MAXIS-08,20080924.0,SM_URINE,01-01,CYCLE 1 WEEK 4,6,MOUNT SINAI,1,0,C008_408,1139.0,
MAXIS-08,20081001.0,SM_URINE,01-01,CYCLE 1 WEEK 5,7,MOUNT SINAI,1,0,C008_408,1145.0,
MAXIS-08,20081008.0,SM_URINE,01-01,CYCLE 1 WEEK 6,8,MOUNT SINAI,1,0,C008_408,1000.0,
MAXIS-08,,SM_URINE,01-01,OFF-STUDY,998,,1,0,C008_408,,NOT DONE
MAXIS-08,20081219.0,SM_URINE,01-02,BASELINE,1,MOUNT SINAI,1,0,C008_408,1314.0,
MAXIS-08,,SM_URINE,01-02,CYCLE 1 WEEK 1,2,,1,0,C008_408,,NOT DONE
MAXIS-08,20081230.0,SM_URINE,01-02,CYCLE 1 WEEK 2,4,MOUNT SINAI,1,0,C008_408,940.0,
MAXIS-08,20090106.0,SM_URINE,01-02,CYCLE 1 WEEK 3,5,MOUNT SINAI,1,0,C008_408,1010.0,
MAXIS-08,20090113.0,SM_URINE,01-02,CYCLE 1 WEEK 4,6,MOUNT SINAI,1,0,C008_408,1631.0,
MAXIS-08,20090120.0,SM_URINE,01-02,CYCLE 1 WEEK 5,7,MOUNT SINAI,1,0,C008_408,,
MAXIS-08,20090127.0,SM_URINE,01-02,CYCLE 1 WEEK 6,8,MOUNT SINAI,1,0,C008_408,1651.0,
MAXIS-08,,SM_URINE,01-02,OFF-STUDY,998,,1,0,C008_408,,NOT DONE
MAXIS-08,20090126.0,SM_URINE,01-03,BASELINE,1,MOUNT SINAI,1,0,C008_408,2023.0,
MAXIS-08,20090126.0,SM_URINE,01-03,CYCLE 1 WEEK 1,2,MOUNT SINAI,1,0,C008_408,2023.0,
MAXIS-08,,SM_URINE,01-03,CYCLE 1 WEEK 2,4,,1,0,C008_408,,NOT DONE
MAXIS-08,,SM_URINE,01-03,CYCLE 1 WEEK 3,5,,1,0,C008_408,,NOT DONE
MAXIS-08,,SM_URINE,01-03,CYCLE 1 WEEK 4,6,,1,0,C008_408,,NOT DONE
MAXIS-08,,SM_URINE,01-03,CYCLE 1 WEEK 5,7,,1,0,C008_408,,NOT DONE
MAXIS-08,,SM_URINE,01-03,CYCLE 1 WEEK 6,8,,1,0,C008_408,,NOT DONE
MAXIS-08,20090202.0,SM_URINE,01-03,OFF-STUDY,998,MOUNT SINAI,1,0,C008_408,1810.0,
MAXIS-08,20090206.0,SM_URINE,01-04,BASELINE,1,RUTTENBERG CANCER CENTER,1,0,C008_408,,
MAXIS-08,20090206.0,SM_URINE,01-04,CYCLE 1 WEEK 1,2,RUTTENBERG CANCER CENTER,1,0,C008_408,,
MAXIS-08,20090217.0,SM_URINE,01-04,CYCLE 1 WEEK 2,4,RUTTENBERG CANCER CENTER,1,0,C008_408,,
MAXIS-08,20090224.0,SM_URINE,01-04,CYCLE 1 WEEK 3,5,RUTTENBERG CANCER CENTER,1,0,C008_408,,
MAXIS-08,20090303.0,SM_URINE,01-04,CYCLE 1 WEEK 4,6,RUTTENBERG CANCER CENTER,1,0,C008_408,,
MAXIS-08,20090310.0,SM_URINE,01-04,CYCLE 1 WEEK 5,7,RUTTENBERG CANCER CENTER,1,0,C008_408,,
MAXIS-08,20090317.0,SM_URINE,01-04,CYCLE 1 WEEK 6,8,MOUNT SINAI,1,0,C008_408,830.0,
MAXIS-08,20090324.0,SM_URINE,01-04,CYCLE 2 WEEK 1,10,RUTTENBERG CANCER CENTER,1,0,C008_408,,
MAXIS-08,20090331.0,SM_URINE,01-04,CYCLE 2 WEEK 2,12,RUTTENBERG CANCER CENTER,1,0,C008_408,,
MAXIS-08,20090407.0,SM_URINE,01-04,CYCLE 2 WEEK 3,13,RUTTENBERG CANCER CENTER,1,0,C008_408,,
MAXIS-08,20090414.0,SM_URINE,01-04,CYCLE 2 WEEK 4,14,RUTTENBERG CANCER CENTER,1,0,C008_408,,
MAXIS-08,20090421.0,SM_URINE,01-04,CYCLE 2 WEEK 5,15,RUTTENBERG CANCER CENTER,1,0,C008_408,,
MAXIS-08,20090428.0,SM_URINE,01-04,CYCLE 2 WEEK 6,16,RUTTENBERG CANCER CENTER,1,0,C008_408,,
MAXIS-08,20090512.0,SM_URINE,01-04,CYCLE 3 WEEK 1,18,RUTTENBERG CANCER CENTER,1,0,C008_408,,
MAXIS-08,,SM_URINE,01-04,CYCLE 3 WEEK 2,20,,1,0,C008_408,,NOT DONE
MAXIS-08,20090526.0,SM_URINE,01-04,CYCLE 3 WEEK 3,21,RUTTENBERG CANCER CENTER,1,0,C008_408,,
MAXIS-08,20090602.0,SM_URINE,01-04,CYCLE 3 WEEK 4,22,RUTTENBERG CANCER CENTER,1,0,C008_408,,
MAXIS-08,20090609.0,SM_URINE,01-04,CYCLE 3 WEEK 5,23,RUTTENBERG CANCER CENTER,1,0,C008_408,,
MAXIS-08,20090616.0,SM_URINE,01-04,CYCLE 3 WEEK 6,24,RUTTENBERG CANCER CENTER,1,0,C008_408,,
MAXIS-08,20090623.0,SM_URINE,01-04,CYCLE 4 WEEK 1,26,RUTTENBERG CANCER CENTER,1,0,C008_408,,
MAXIS-08,20090630.0,SM_URINE,01-04,CYCLE 4 WEEK 2,28,RUTTENBERG CANCER CENTER,1,0,C008_408,,
MAXIS-08,20090707.0,SM_URINE,01-04,CYCLE 4 WEEK 3,29,RUTTENBERG CANCER CENTER,1,0,C008_408,,
MAXIS-08,20090714.0,SM_URINE,01-04,CYCLE 4 WEEK 4,30,RUTTENBERG CANCER CENTER,1,0,C008_408,,
MAXIS-08,20090722.0,SM_URINE,01-04,CYCLE 4 WEEK 5,31,MOUNT SINAI,1,0,C008_408,1200.0,
MAXIS-08,20090728.0,SM_URINE,01-04,CYCLE 4 WEEK 6,32,MOUNT SINAI,1,0,C008_408,1130.0,
MAXIS-08,20090803.0,SM_URINE,01-04,CYCLE 5 WEEK 1,34,ELMHURST HOSPITAL CENTER,1,0,C008_408,1049.0,
MAXIS-08,20090810.0,SM_URINE,01-04,CYCLE 5 WEEK 2,36,ELMHURST HOSPITAL CENTER,1,0,C008_408,1203.0,
MAXIS-08,20090818.0,SM_URINE,01-04,CYCLE 5 WEEK 3,37,MOUNT SINAI,1,0,C008_408,930.0,
MAXIS-08,20090824.0,SM_URINE,01-04,CYCLE 5 WEEK 4,38,ELMHURST HOSPITAL CENTER,1,0,C008_408,822.0,
MAXIS-08,20090831.0,SM_URINE,01-04,CYCLE 5 WEEK 5,39,ELMHURST HOSPITAL CENTER,1,0,C008_408,844.0,
MAXIS-08,20090908.0,SM_URINE,01-04,CYCLE 5 WEEK 6,40,ELMHURST HOSPITAL CENTER,1,0,C008_408,824.0,
MAXIS-08,20090916.0,SM_URINE,01-04,OFF-STUDY,998,RUTTENBERG CANCER CENTER,1,0,C008_408,,
MAXIS-08,20090528.0,SM_URINE,01-05,BASELINE,1,MOUNT SINAI,1,0,C008_408,1802.0,
MAXIS-08,,SM_URINE,01-05,CYCLE 1 WEEK 1,2,,1,0,C008_408,,NOT DONE
MAXIS-08,20090609.0,SM_URINE,01-05,CYCLE 1 WEEK 2,4,RUTTENBERG CANCER CENTER,1,0,C008_408,,
MAXIS-08,20090616.0,SM_URINE,01-05,CYCLE 1 WEEK 3,5,RUTTENBERG CANCER CENTER,1,0,C008_408,,
MAXIS-08,,SM_URINE,01-05,CYCLE 1 WEEK 4,6,,1,0,C008_408,,NOT DONE
MAXIS-08,20090630.0,SM_URINE,01-05,CYCLE 1 WEEK 5,7,RUTTENBERG CANCER CENTER,1,0,C008_408,,
MAXIS-08,20090707.0,SM_URINE,01-05,CYCLE 1 WEEK 6,8,RUTTENBERG CANCER CENTER,1,0,C008_408,,
MAXIS-08,20090713.0,SM_URINE,01-05,OFF-STUDY,998,MOUNT SINAI,1,0,C008_408,1310.0,
MAXIS-08,20090605.0,SM_URINE,01-06,BASELINE,1,MOUNT SINAI,1,0,C008_408,1933.0,
MAXIS-08,,SM_URINE,01-06,CYCLE 1 WEEK 1,2,,1,0,C008_408,,NOT DONE
MAXIS-08,20090615.0,SM_URINE,01-06,CYCLE 1 WEEK 2,4,RUTTENBERG CANCER CENTER,1,0,C008_408,,
MAXIS-08,,SM_URINE,01-06,CYCLE 1 WEEK 3,5,,1,0,C008_408,,NOT DONE
MAXIS-08,,SM_URINE,01-06,CYCLE 1 WEEK 4,6,,1,0,C008_408,,NOT DONE
MAXIS-08,20090707.0,SM_URINE,01-06,CYCLE 1 WEEK 5,7,MOUNT SINAI,1,0,C008_408,1115.0,
MAXIS-08,,SM_URINE,01-06,CYCLE 1 WEEK 6,8,,1,0,C008_408,,NOT DONE
MAXIS-08,,SM_URINE,01-06,CYCLE 2 WEEK 1,10,,1,0,C008_408,,NOT DONE
MAXIS-08,20090728.0,SM_URINE,01-06,CYCLE 2 WEEK 2,12,MOUNT SINAI,1,0,C008_408,1220.0,
MAXIS-08,20090804.0,SM_URINE,01-06,CYCLE 2 WEEK 3,13,RUTTENBERG CANCER CENTER,1,0,C008_408,,
MAXIS-08,20090811.0,SM_URINE,01-06,CYCLE 2 WEEK 4,14,MOUNT SINAI,1,0,C008_408,1020.0,
MAXIS-08,,SM_URINE,01-06,CYCLE 2 WEEK 5,15,,1,0,C008_408,,NOT DONE
MAXIS-08,,SM_URINE,01-06,CYCLE 2 WEEK 6,16,,1,0,C008_408,,NOT DONE
MAXIS-08,,SM_URINE,01-06,OFF-STUDY,998,,1,0,C008_408,,NOT DONE
MAXIS-08,20090624.0,SM_URINE,01-07,BASELINE,1,MOUNT SINAI,1,0,C008_408,2200.0,
MAXIS-08,20090625.0,SM_URINE,01-07,CYCLE 1 WEEK 1,2,,1,0,C008_408,,NOT DONE
MAXIS-08,20090701.0,SM_URINE,01-07,CYCLE 1 WEEK 2,4,MOUNT SINAI,1,0,C008_408,1200.0,
MAXIS-08,20090708.0,SM_URINE,01-07,CYCLE 1 WEEK 3,5,MOUNT SINAI,1,0,C008_408,1210.0,
MAXIS-08,20090716.0,SM_URINE,01-07,CYCLE 1 WEEK 4,6,MOUNT SINAI,1,0,C008_408,910.0,
MAXIS-08,20090723.0,SM_URINE,01-07,CYCLE 1 WEEK 5,7,MOUNT SINAI,1,0,C008_408,1445.0,
MAXIS-08,20090801.0,SM_URINE,01-07,CYCLE 1 WEEK 6,8,MOUNT SINAI,1,0,C008_408,1035.0,
MAXIS-08,,SM_URINE,01-07,OFF-STUDY,998,,1,0,C008_408,,NOT DONE
MAXIS-08,20090708.0,SM_URINE,01-08,BASELINE,1,MOUNT SINAI,1,0,C008_408,1010.0,
MAXIS-08,20090708.0,SM_URINE,01-08,CYCLE 1 WEEK 1,2,MOUNT SINAI,1,0,C008_408,1010.0,
MAXIS-08,20090716.0,SM_URINE,01-08,CYCLE 1 WEEK 2,4,MOUNT SINAI,1,0,C008_408,1400.0,
MAXIS-08,,SM_URINE,01-08,CYCLE 1 WEEK 3,5,,1,0,C008_408,,NOT DONE
MAXIS-08,20090730.0,SM_URINE,01-08,CYCLE 1 WEEK 4,6,MOUNT SINAI,1,0,C008_408,1045.0,
MAXIS-08,,SM_URINE,01-08,CYCLE 1 WEEK 5,7,,1,0,C008_408,,NOT DONE
MAXIS-08,20090813.0,SM_URINE,01-08,CYCLE 1 WEEK 6,8,MOUNT SINAI,1,0,C008_408,1055.0,
MAXIS-08,20090820.0,SM_URINE,01-08,OFF-STUDY,998,RUTTENBERG CANCER CENTER,1,0,C008_408,,
MAXIS-08,20090715.0,SM_URINE,01-09,BASELINE,1,MOUNT SINAI,1,0,C008_408,1200.0,
MAXIS-08,,SM_URINE,01-09,CYCLE 1 WEEK 1,2,,1,0,C008_408,,NOT DONE
MAXIS-08,20090727.0,SM_URINE,01-09,CYCLE 1 WEEK 2,4,RUTTENBERG CANCER CENTER,1,0,C008_408,,
MAXIS-08,20090803.0,SM_URINE,01-09,CYCLE 1 WEEK 3,5,RUTTENBERG CANCER CENTER,1,0,C008_408,,
MAXIS-08,20090810.0,SM_URINE,01-09,CYCLE 1 WEEK 4,6,RUTTENBERG CANCER CENTER,1,0,C008_408,,
MAXIS-08,20090818.0,SM_URINE,01-09,CYCLE 1 WEEK 5,7,RUTTENBERG CANCER CENTER,1,0,C008_408,,
MAXIS-08,,SM_URINE,01-09,CYCLE 1 WEEK 6,8,,1,0,C008_408,,NOT DONE
MAXIS-08,20090824.0,SM_URINE,01-09,OFF-STUDY,998,RUTTENBERG CANCER CENTER,1,0,C008_408,,
MAXIS-08,20090720.0,SM_URINE,01-10,BASELINE,1,RUTTENBERG CANCER CENTER,1,0,C008_408,,
MAXIS-08,,SM_URINE,01-10,CYCLE 1 WEEK 1,2,,1,0,C008_408,,NOT DONE
MAXIS-08,20090728.0,SM_URINE,01-10,CYCLE 1 WEEK 2,4,RUTTENBERG CANCER CENTER,1,0,C008_408,,
MAXIS-08,,SM_URINE,01-10,CYCLE 1 WEEK 3,5,,1,0,C008_408,,NOT DONE
MAXIS-08,,SM_URINE,01-10,CYCLE 1 WEEK 4,6,,1,0,C008_408,,NOT DONE
MAXIS-08,20090818.0,SM_URINE,01-10,CYCLE 1 WEEK 5,7,MOUNT SINAI,1,0,C008_408,1010.0,
MAXIS-08,20090825.0,SM_URINE,01-10,CYCLE 1 WEEK 6,8,RUTTENBERG CANCER CENTER,1,0,C008_408,,
MAXIS-08,20090908.0,SM_URINE,01-10,CYCLE 2 WEEK 1,10,MOUNT SINAI,1,0,C008_408,1230.0,
MAXIS-08,20090915.0,SM_URINE,01-10,CYCLE 2 WEEK 2,12,RUTTENBERG CANCER CENTER,1,0,C008_408,,
MAXIS-08,20090922.0,SM_URINE,01-10,CYCLE 2 WEEK 3,13,MOUNT SINAI,1,0,C008_408,1650.0,
MAXIS-08,20090929.0,SM_URINE,01-10,CYCLE 2 WEEK 4,14,RUTTENBERG CANCER CENTER,1,0,C008_408,,
MAXIS-08,20091006.0,SM_URINE,01-10,CYCLE 2 WEEK 5,15,MOUNT SINAI,1,0,C008_408,1045.0,
MAXIS-08,20091014.0,SM_URINE,01-10,CYCLE 2 WEEK 6,16,RUTTENBERG CANCER CENTER,1,0,C008_408,,
MAXIS-08,20091027.0,SM_URINE,01-10,CYCLE 3 WEEK 1,18,RUTTENBERG CANCER CENTER,1,0,C008_408,,
MAXIS-08,20091103.0,SM_URINE,01-10,CYCLE 3 WEEK 2,20,RUTTENBERG CANCER CENTER,1,0,C008_408,,
MAXIS-08,20091110.0,SM_URINE,01-10,CYCLE 3 WEEK 3,21,MOUNT SINAI,1,0,C008_408,1040.0,
MAXIS-08,,SM_URINE,01-10,CYCLE 3 WEEK 4,22,,1,0,C008_408,,NOT DONE
MAXIS-08,20091124.0,SM_URINE,01-10,CYCLE 3 WEEK 5,23,MOUNT SINAI,1,0,C008_408,1035.0,
MAXIS-08,20091201.0,SM_URINE,01-10,CYCLE 3 WEEK 6,24,MOUNT SINAI,1,0,C008_408,1457.0,
MAXIS-08,20091215.0,SM_URINE,01-10,CYCLE 4 WEEK 1,26,MOUNT SINAI,1,0,C008_408,1135.0,
MAXIS-08,20091222.0,SM_URINE,01-10,CYCLE 4 WEEK 2,28,MOUNT SINAI,1,0,C008_408,1728.0,
MAXIS-08,20100105.0,SM_URINE,01-10,CYCLE 4 WEEK 3,29,MOUNT SINAI,1,0,C008_408,1300.0,
MAXIS-08,20100112.0,SM_URINE,01-10,CYCLE 4 WEEK 4,30,MOUNT SINAI,1,0,C008_408,1508.0,
MAXIS-08,20100119.0,SM_URINE,01-10,CYCLE 4 WEEK 5,31,MOUNT SINAI,1,0,C008_408,1215.0,
MAXIS-08,20100126.0,SM_URINE,01-10,CYCLE 4 WEEK 6,32,RUTTENBERG CANCER CENTER,1,0,C008_408,1400.0,
MAXIS-08,20100223.0,SM_URINE,01-10,OFF-STUDY,998,MOUNT SINAI,1,0,C008_408,1257.0,
MAXIS-08,20090722.0,SM_URINE,01-11,BASELINE,1,RUTTENBERG CANCER CENTER,1,0,C008_408,,
MAXIS-08,,SM_URINE,01-11,CYCLE 1 WEEK 1,2,,1,0,C008_408,,NOT DONE
MAXIS-08,20090730.0,SM_URINE,01-11,CYCLE 1 WEEK 2,4,MOUNT SINAI,1,0,C008_408,1100.0,
MAXIS-08,20090806.0,SM_URINE,01-11,CYCLE 1 WEEK 3,5,MOUNT SINAI,1,0,C008_408,1035.0,
MAXIS-08,20090813.0,SM_URINE,01-11,CYCLE 1 WEEK 4,6,MOUNT SINAI,1,0,C008_408,1045.0,
MAXIS-08,20090820.0,SM_URINE,01-11,CYCLE 1 WEEK 5,7,MOUNT SINAI,1,0,C008_408,1010.0,
MAXIS-08,20090827.0,SM_URINE,01-11,CYCLE 1 WEEK 6,8,MOUNT SINAI,1,0,C008_408,1300.0,
MAXIS-08,20090902.0,SM_URINE,01-11,CYCLE 2 WEEK 1,10,RUTTENBERG CANCER CENTER,1,0,C008_408,,
MAXIS-08,20090910.0,SM_URINE,01-11,CYCLE 2 WEEK 2,12,MOUNT SINAI,1,0,C008_408,1110.0,
MAXIS-08,20090917.0,SM_URINE,01-11,CYCLE 2 WEEK 3,13,MOUNT SINAI,1,0,C008_408,1115.0,
MAXIS-08,20090924.0,SM_URINE,01-11,CYCLE 2 WEEK 4,14,MOUNT SINAI,1,0,C008_408,1030.0,
MAXIS-08,20091001.0,SM_URINE,01-11,CYCLE 2 WEEK 5,15,MOUNT SINAI,1,0,C008_408,1015.0,
MAXIS-08,20091008.0,SM_URINE,01-11,CYCLE 2 WEEK 6,16,MOUNT SINAI,1,0,C008_408,950.0,
MAXIS-08,20091022.0,SM_URINE,01-11,CYCLE 3 WEEK 1,18,MOUNT SINAI,1,0,C008_408,1100.0,
MAXIS-08,20091029.0,SM_URINE,01-11,CYCLE 3 WEEK 2,20,MOUNT SINAI,1,0,C008_408,1130.0,
MAXIS-08,20091105.0,SM_URINE,01-11,CYCLE 3 WEEK 3,21,MOUNT SINAI,1,0,C008_408,1225.0,
MAXIS-08,20091112.0,SM_URINE,01-11,CYCLE 3 WEEK 4,22,MOUNT SINAI,1,0,C008_408,1000.0,
MAXIS-08,,SM_URINE,01-11,CYCLE 3 WEEK 5,23,,1,0,C008_408,,NOT DONE
MAXIS-08,20091124.0,SM_URINE,01-11,CYCLE 3 WEEK 6,24,MOUNT SINAI,1,0,C008_408,950.0,
MAXIS-08,20091202.0,SM_URINE,01-11,CYCLE 4 WEEK 1,26,MOUNT SINAI,1,0,C008_408,1025.0,
MAXIS-08,20091208.0,SM_URINE,01-11,CYCLE 4 WEEK 2,28,MOUNT SINAI,1,0,C008_408,1230.0,
MAXIS-08,20091215.0,SM_URINE,01-11,CYCLE 4 WEEK 3,29,MOUNT SINAI,1,0,C008_408,950.0,
MAXIS-08,20091222.0,SM_URINE,01-11,CYCLE 4 WEEK 4,30,MOUNT SINAI,1,0,C008_408,1105.0,
MAXIS-08,20091229.0,SM_URINE,01-11,CYCLE 4 WEEK 5,31,MOUNT SINAI,1,0,C008_408,940.0,
MAXIS-08,20100105.0,SM_URINE,01-11,CYCLE 4 WEEK 6,32,MOUNT SINAI,1,0,C008_408,1333.0,
MAXIS-08,20100208.0,SM_URINE,01-11,OFF-STUDY,998,MOUNT SINAI,1,0,C008_408,1530.0,
MAXIS-08,20090903.0,SM_URINE,01-12,BASELINE,1,MOUNT SINAI,1,0,C008_408,,
MAXIS-08,,SM_URINE,01-12,CYCLE 1 WEEK 1,2,,1,0,C008_408,,NOT DONE
MAXIS-08,,SM_URINE,01-12,CYCLE 1 WEEK 2,4,,1,0,C008_408,,NOT DONE
MAXIS-08,,SM_URINE,01-12,CYCLE 1 WEEK 3,5,,1,0,C008_408,,NOT DONE
MAXIS-08,,SM_URINE,01-12,CYCLE 1 WEEK 4,6,,1,0,C008_408,,NOT DONE
MAXIS-08,,SM_URINE,01-12,CYCLE 1 WEEK 5,7,,1,0,C008_408,,NOT DONE
MAXIS-08,,SM_URINE,01-12,CYCLE 1 WEEK 6,8,,1,0,C008_408,,NOT DONE
MAXIS-08,,SM_URINE,01-12,OFF-STUDY,998,,1,0,C008_408,,NOT DONE
MAXIS-08,20090924.0,SM_URINE,01-13,BASELINE,1,MOUNT SINAI,1,0,C008_408,1100.0,
MAXIS-08,20090924.0,SM_URINE,01-13,CYCLE 1 WEEK 1,2,MOUNT SINAI,1,0,C008_408,1100.0,
MAXIS-08,20091001.0,SM_URINE,01-13,CYCLE 1 WEEK 2,4,MOUNT SINAI,1,0,C008_408,1150.0,
MAXIS-08,20091008.0,SM_URINE,01-13,CYCLE 1 WEEK 3,5,MOUNT SINAI,1,0,C008_408,1200.0,
MAXIS-08,,SM_URINE,01-13,CYCLE 1 WEEK 4,6,,1,0,C008_408,,NOT DONE
MAXIS-08,20091022.0,SM_URINE,01-13,CYCLE 1 WEEK 5,7,MOUNT SINAI,1,0,C008_408,1345.0,
MAXIS-08,,SM_URINE,01-13,CYCLE 1 WEEK 6,8,,1,0,C008_408,,NOT DONE
MAXIS-08,20091024.0,SM_URINE,01-13,OFF-STUDY,998,MOUNT SINAI,1,0,C008_408,30.0,
MAXIS-08,20091023.0,SM_URINE,01-14,BASELINE,1,MOUNT SINAI,1,0,C008_408,1302.0,
MAXIS-08,,SM_URINE,01-14,CYCLE 1 WEEK 1,2,,1,0,C008_408,,NOT DONE
MAXIS-08,20091103.0,SM_URINE,01-14,CYCLE 1 WEEK 2,4,MOUNT SINAI,1,0,C008_408,1110.0,
MAXIS-08,20091110.0,SM_URINE,01-14,CYCLE 1 WEEK 3,5,MOUNT SINAI,1,0,C008_408,1050.0,
MAXIS-08,20091117.0,SM_URINE,01-14,CYCLE 1 WEEK 4,6,MOUNT SINAI,1,0,C008_408,1050.0,
MAXIS-08,20091124.0,SM_URINE,01-14,CYCLE 1 WEEK 5,7,MOUNT SINAI,1,0,C008_408,1100.0,
MAXIS-08,20091201.0,SM_URINE,01-14,CYCLE 1 WEEK 6,8,MOUNT SINAI,1,0,C008_408,1130.0,
MAXIS-08,20091208.0,SM_URINE,01-14,CYCLE 2 WEEK 1,10,MOUNT SINAI,1,0,C008_408,1045.0,
MAXIS-08,20091215.0,SM_URINE,01-14,CYCLE 2 WEEK 2,12,MOUNT SINAI,1,0,C008_408,1020.0,
MAXIS-08,20091222.0,SM_URINE,01-14,CYCLE 2 WEEK 3,13,MOUNT SINAI,1,0,C008_408,1215.0,
MAXIS-08,20091229.0,SM_URINE,01-14,CYCLE 2 WEEK 4,14,MOUNT SINAI,1,0,C008_408,1045.0,
MAXIS-08,20100105.0,SM_URINE,01-14,CYCLE 2 WEEK 5,15,MOUNT SINAI,1,0,C008_408,1030.0,
MAXIS-08,20100112.0,SM_URINE,01-14,CYCLE 2 WEEK 6,16,MOUNT SINAI,1,0,C008_408,1100.0,
MAXIS-08,,SM_URINE,01-14,OFF-STUDY,998,,1,0,C008_408,,NOT DONE
MAXIS-08,20100323.0,SM_URINE,01-15,BASELINE,1,MOUNT SINAI,1,0,C008_408,1437.0,
MAXIS-08,,SM_URINE,01-15,CYCLE 1 WEEK 1,2,,1,0,C008_408,,NOT DONE
MAXIS-08,20100406.0,SM_URINE,01-15,CYCLE 1 WEEK 2,4,MOUNT SINAI,1,0,C008_408,1530.0,
MAXIS-08,20100413.0,SM_URINE,01-15,CYCLE 1 WEEK 3,5,MOUNT SINAI,1,0,C008_408,1200.0,
MAXIS-08,20100420.0,SM_URINE,01-15,CYCLE 1 WEEK 4,6,MOUNT SINAI,1,0,C008_408,1130.0,
MAXIS-08,20100427.0,SM_URINE,01-15,CYCLE 1 WEEK 5,7,MOUNT SINAI,1,0,C008_408,1055.0,
MAXIS-08,20100505.0,SM_URINE,01-15,CYCLE 1 WEEK 6,8,MOUNT SINAI,1,0,C008_408,1329.0,
MAXIS-08,,SM_URINE,01-15,OFF-STUDY,998,,1,0,C008_408,,NOT DONE
MAXIS-08,20100615.0,SM_URINE,01-16,BASELINE,1,MOUNT SINAI,1,0,C008_408,1240.0,
MAXIS-08,20100615.0,SM_URINE,01-16,CYCLE 1 WEEK 1,2,MOUNT SINAI,1,0,C008_408,1240.0,
MAXIS-08,20100622.0,SM_URINE,01-16,CYCLE 1 WEEK 2,4,MOUNT SINAI,1,0,C008_408,1115.0,
MAXIS-08,20100629.0,SM_URINE,01-16,CYCLE 1 WEEK 3,5,MOUNT SINAI,1,0,C008_408,950.0,
MAXIS-08,20100708.0,SM_URINE,01-16,CYCLE 1 WEEK 4,6,MOUNT SINAI,1,0,C008_408,1115.0,
MAXIS-08,20100713.0,SM_URINE,01-16,CYCLE 1 WEEK 5,7,MOUNT SINAI,1,0,C008_408,1117.0,
MAXIS-08,20100720.0,SM_URINE,01-16,CYCLE 1 WEEK 6,8,MOUNT SINAI,1,0,C008_408,1130.0,
MAXIS-08,,SM_URINE,01-16,OFF-STUDY,998,,1,0,C008_408,,NOT DONE
